SCHEMES,FUND NAME, A U M,LAUNCH DATE,1 DAY,7 DAY,15 DAY,30 DAY,3 MONTH,6 MONTH,1 YEAR,2 YEAR,3 YEAR,5 YEAR,7 YEAR,10 YEAR,15 YEAR,20 YEAR,25 YEAR,SINCE INCEPTION RETURN,FUND RAT,CATEGORY,CURRENT NAV,ALPHA,BETA,MEAN,STANDARD DEV,SHARPE RATIO,SORTI I NO,FUND MANAGER,AVG MAT,MODIFIED DURATION,YTM,PURCHASE MIN AMOUNT,SIP MIN AMOUNT,LARGE CAP,MID CAP,SMALL CAP,PB RATIO,PE RATIO,EXIT LOAD, EQUITY(%), DEBT(%), GOLD(%), GLOBAL EQUITY(%), OTHER(%),RS QUARD,EXPENSE RATIO,SOV,A,AA,AAA,BIG,CASH,DOWNSIDE DEVIATION,DOWNSIDE PROBABILITY,INFORMATION RATIO,UP CAPTURE,DOWN CAPTURE
360 ONE Balanced Hybrid Fund Reg (G),360 ONE Mutual Fund,717,25-09-2023,0.12,-1.57,-0.53,-1.88,-0.74,8.56,3.12,1.85,9.12,,,,,,,9.12,0,Hybrid: Balanced Hybrid,13.0105,0,0,0,0,0,0,Mayur Patel,3.01,2.51,7.33,1000,1000,25.26,5.7,14.23,3.74,26.29,"For units in excess of 10% of the investment, 1% will be charged for redemption within 12 months",45.19,54.81,0,0,0,,1.78,12.66,0.38,5.33,33.89,0,2.55,0,0,,0,0
360 One Dynamic Term Fund Reg (G),360 ONE Mutual Fund,559,24-06-2013,0.04,-0.35,-0.15,-0.43,0.13,3.64,4.87,6.49,7.68,6.51,6.75,6.71,,,,6.82,0,Debt: Dynamic Bond,24.0826,0,0,7.66,2.29,0.86,1.21,Milan Mody,5.88,4.42,7.36,0,1000,0,4.66,1.28,0,0,0,5.94,90.15,0,0,3.91,,0.5,46.63,4.48,9.06,22.68,0,10.79,1.24,34.07,0.9,158.96,79.35
360 One ELSS Tax Saver Nifty 50 Index Fund Reg (G),360 ONE Mutual Fund,70,28-12-2022,-0.37,-3.48,-2.13,-6.03,-4.99,1.85,-7.45,-5.7,5.51,,,,,,,6.69,2,Equity: ELSS,12.7571,-2.93,0.86,9,13.51,0.24,0.32,Viral Mehta,0,0,0,1000,1000,98.28,1.34,0,3.16,20.66,0,99.62,0.38,0,0,0,,0.52,0,0,0,0,0,0.38,11.2,47.83,-4.36,98.75,99.69
360 One Flexi Cap Fund Reg (G),360 ONE Mutual Fund,2197,30-06-2023,0.06,-2.84,0.27,-2.36,3.23,22.1,8.47,0.14,14.86,,,,,,,15.65,4,Equity: Flexi Cap,16.0503,4.1,0.99,16.96,15.74,0.72,0.94,Mayur Patel,0,0,0,1000,1000,46.06,14.42,36.12,3.87,26.3,1% for redemption within 365 days,96.6,3.4,0,0,0,,1.73,0,0,0,0,0,3.4,13.33,42.55,0.83,102.68,94.33
360 One Focused Fund (G),360 ONE Mutual Fund,6698,30-10-2014,-0.15,-3.67,-1.78,-4.7,-0.89,13.65,2.24,-2.82,9.35,9.63,15.63,13.94,,,,13.86,3,Equity: Focused,47.0003,0.22,0.91,12.36,14.39,0.46,0.59,Mayur Patel,0,0,0,0,1000,62.07,14.76,18.36,3.92,26.89,0,95.19,4.81,0,0,0,,1.54,0,0,0,0,0,4.81,13.39,44.31,-0.17,99.72,97.27
360 One Liquid Fund Reg (G),360 ONE Mutual Fund,629,13-11-2013,0.02,0.08,0.21,0.48,1.48,3.21,6.13,6.37,6.64,6.12,5.34,5.67,,,,6.17,1,Debt: Liquid,2163.367,0,0,6.48,0.2,3.87,6.3,Milan Mody,0.12,0.12,6.18,0,1000,0,0,0,0,0,Exit load of 0.0070% if redeemed within 1 day. 0.0065% if redeemed within 2 days. 0.0060% if redeemed within 3 days. 0.0055% if redeemed within 4 days. 0.0050% if redeemed within 5 days. 0.0045% if redeemed within 6 days.,0,99.47,0,0,0.53,,0.3,24.7,0,0,66.01,0,8.76,0.01,0.33,3.01,98.03,100
360 ONE Multi Asset Allocation Fund (G),360 ONE Mutual Fund,483,20-08-2025,0.32,-2.11,-1.12,-2.98,0.14,4.21,13.01,,,,,,,,,16.78,0,Hybrid: Multi Asset,11.9894,0,0,0,0,0,0,Mayur Patel,4.16,2.9,7.28,1000,1000,16.69,6.15,7.01,3.93,25.36,"For units in excess of 10% of the investment, 1% will be charged for redemption within 12 months",29.85,35.55,22.81,0,11.79,,1.7,8.67,2.33,7.04,12.09,0,17.21,0,0,,0,0
360 ONE Overnight Fund Reg (G),360 ONE Mutual Fund,126,10-07-2025,0.01,0.1,0.21,0.4,1.25,2.55,5.22,,,,,,,,,5.17,0,Debt: Overnight,1065.0299,0,0,0,0,0,0,Milan Mody,0.01,0,5.31,0,0,0,0,0,0,0,0,0,100,0,0,0,,0.15,7.11,0,0,9.29,0,83.6,0,0,,0,0
360 One Quant Fund Reg (G),360 ONE Mutual Fund,873,29-11-2021,-0.01,-3.73,-1.37,-6.65,-1.39,5.93,-5.61,-6.08,12.13,,,,,,,12.91,0,Equity: Thematic,18.0115,3.45,1.11,16.81,17.84,0.62,0.73,Pranav Mise,0,0,0,1000,1000,71.49,28.01,0,4.75,23.29,1% for redemption within 365 days,99.5,0.5,0,0,0,,1.79,0,0,0,0,0,0.5,15.42,43.09,0.71,114.82,100.02
Abakkus Flexi Cap Fund (G),Abakkus Mutual Fund,7395,29-12-2025,-0.23,-3.66,-1.21,-5.44,-0.62,18.46,,,,,,,,,,7.56,0,Equity: Flexi Cap,10.756,0,0,0,0,0,0,Abhishek Krishnaswami Srinivas,0,0,0,0,0,46.37,18.83,28.66,3.67,24.57,"For units in excess of 10% of the investment, 1% will be charged for redemption within 3 months",93.86,6.14,0,0,0,,1.54,0,0,0,0.2,0,5.94,,,,,
Abakkus Large & Mid cap Fund (G),Abakkus Mutual Fund,437,04-08-2026,0.01,-4.05,-1.98,-6.03,,,,,,,,,,,,-5.38,0,Equity: Large & Mid Cap,9.462,0,0,0,0,0,0,Abhishek Krishnaswami Srinivas,0,0,0,0,0,34.97,34.22,14.35,4.02,32.79,1% for redemption within 6 months,83.54,16.46,0,0,0,,2.1,0,0,0,0,0,16.46,,,,,
Abakkus Liquid Fund (G),Abakkus Mutual Fund,559,15-12-2025,0.02,0.08,0.21,0.46,1.47,3.07,,,,,,,,,,4.69,0,Debt: Liquid,104.6884,0,0,0,0,0,0,Abhishek Krishnaswami Srinivas,0.11,0.11,6.21,0,0,0,0,0,0,0,Exit load of 0.0070% if redeemed within 1 day. 0.0065% if redeemed within 2 days. 0.0060% if redeemed within 3 days. 0.0055% if redeemed within 4 days. 0.0050% if redeemed within 5 days. 0.0045% if redeemed within 6 days.,0,99.83,0,0,0.17,,0.26,14.2,0,0,72.73,0,12.9,,,,,
Abakkus Small Cap Fund (G),Abakkus Mutual Fund,2794,17-03-2026,0.02,-2.37,0.07,-2.67,1.9,24.47,,,,,,,,,,22.65,0,Equity: Small Cap,12.265,0,0,0,0,0,0,Abhishek Krishnaswami Srinivas,0,0,0,0,0,5.66,2.93,79.7,3.58,27.18,"For units in excess of 10% of the investment, 1% will be charged for redemption within 3 months",88.29,11.71,0,0,0,,1.68,0,0,0,0.88,0,10.83,,,,,
Aditya Birla SL Aggressive Hybrid Fund Reg (G),Aditya Birla Sun Life Mutual Fund,7210,10-02-1995,-0.02,-2.74,-1.34,-4.72,-1.59,6.69,-1.42,-1.81,8.21,6.67,10.42,8.8,11.39,11.7,,17.4,3,Hybrid: Aggressive,1488.68,0,0,10.49,11.23,0.43,0.53,Chanchal Khandelwal,6.66,4.11,7.71,100,100,53.3,14.85,8.38,3.51,26.58,1% for redemption within 90 days,76.53,21.07,0,0,2.4,,1.54,4.74,0,4.02,10.13,0.57,4.01,8.85,44.17,0.68,88.17,94.02
Aditya Birla SL Aggressive Hybrid Omni FOF Reg (G),Aditya Birla Sun Life Mutual Fund,44,09-05-2011,0,-2.45,-0.54,-3.56,-0.99,9.11,1.88,1.44,9.53,8.96,11.38,9.66,10.18,,,9.86,0,Others: FoFs Domestic,42.8063,0,0,11.21,9.96,0.55,0.67,Kartikeya Singh,0,0,0,500,100,38.07,19.31,20.12,0,0,1% for redemption within 365 days,77.5,22.5,0,0,0,,0.95,0,0,0,0,21.01,1.49,7.89,41.44,1.02,82.66,100
Aditya Birla SL Arbitrage Fund Reg (G),Aditya Birla Sun Life Mutual Fund,27237,24-07-2009,0.32,0.07,0.28,0.47,1.52,2.89,6.06,6.34,6.66,6.07,5.54,5.68,6.35,,,6.29,3,Hybrid: Arbitrage,28.5273,0,0,6.54,0.52,1.62,2.01,Krina Mehta,0.61,0.51,6.93,1000,100,0,0,0,2.59,16.58,0,0,100,0,0,0,,0.88,0,0,0,10.6,16.74,1.75,0.58,29.04,-1.59,97.85,100
Aditya Birla SL Bal Bhavishya Yojna Reg (G),Aditya Birla Sun Life Mutual Fund,1266,11-02-2019,-0.2,-4.16,-1.67,-5.69,-1.38,13.21,2.77,-1.75,8.47,7.45,10.15,,,,,9.47,2,Solution: Children Equity,20.06,0.75,0.97,13.28,15.18,0.5,0.67,Chanchal Khandelwal,0,0,0,0,500,53.51,14.72,25.66,3.51,28.62,0,93.89,6.11,0,0,0,,0.8,0,0,0,0,0,6.11,13.09,40.92,-0.3,98.66,97.12
Aditya Birla SL Balanced Advantage Fund (G),Aditya Birla Sun Life Mutual Fund,10125,25-04-2000,0.13,-2.26,-0.81,-3.45,-0.11,8.04,4.55,2.94,9.91,8.55,10.83,9.58,10.7,9.82,12.9,9.5,4,Hybrid: Balanced Advantage,110.47,0,0,11.37,8.66,0.65,0.85,Harish Krishnan,3.94,2.84,7.71,100,100,35.23,18.75,14.11,3.63,25.49,0.25% for redemption within 7 days,68.1,29.09,0,0,2.81,,1.5,3.29,0,7.9,10.07,2.05,7.88,6.82,42.14,1.56,68.65,88.39
Aditya Birla SL Banking and Financial Services Fund Reg (G),Aditya Birla Sun Life Mutual Fund,3668,14-12-2013,0.51,-4.45,-2.61,-7.03,-6.56,8.69,-0.52,0.41,7.39,8.61,11.05,10.61,,,,14.87,3,Equity: Sectoral,59.41,0.19,1.01,11.89,16.16,0.38,0.54,Dhaval Gala,0,0,0,1000,100,63.59,13.41,20.73,2.45,18.19,1% for redemption within 30 days,97.73,2.27,0,0,0,,1.64,0,0,0,0,0,2.27,13.76,42.28,-0.02,106.72,101.01
Aditya Birla SL Banking and PSU Debt Fund Reg (G),Aditya Birla Sun Life Mutual Fund,8682,24-04-2008,0.07,-0.17,0.02,0.05,0.24,2.69,4.31,5.9,6.59,5.84,6.44,6.73,7.99,,,7.63,3,Debt: Banking and PSU,387.5839,0,0,6.54,1.6,0.53,0.85,Harshil Suvarnkar,4.22,3.09,7.28,1000,1000,0,0,0,0,0,0,0,99.67,0,0,0.33,,0.62,8.04,0,0,85.45,0,6.18,0.71,25.45,-0.77,97.9,100
Aditya Birla SL BSE 500 Momentum 50 Index Fund (G),Aditya Birla Sun Life Mutual Fund,75,08-08-2025,-0.26,-3.18,-0.02,-4.82,-0.58,15.78,5.4,,,,,,,,,4.66,0,Equity: Index,10.5595,0,0,0,0,0,0,Mehul Dama,0,0,0,1000,1000,39.4,40.13,20.47,5.01,24.54,0.1% for redemption within 15 days,100,0,0,0,0,,0.9,0,0,0,0,0,0,0,0,,0,0
Aditya Birla SL BSE 500 Quality 50 Index Fund (G),Aditya Birla Sun Life Mutual Fund,65,08-08-2025,-0.22,-3.42,-2.07,-6.32,-4.1,8.09,0.08,,,,,,,,,1.53,0,Equity: Index,10.1825,0,0,0,0,0,0,Mehul Dama,0,0,0,500,500,55.73,34.19,9.97,7.81,23.68,0.1% for redemption within 15 days,99.89,0.11,0,0,0,,0.84,0,0,0,0,0,0.11,0,0,,0,0
Aditya Birla SL BSE India Infrastructure Index Fund Reg (G),Aditya Birla Sun Life Mutual Fund,30,04-12-2024,0.3,-3.02,-1.04,-2.12,-9.62,2.44,-5.87,,,,,,,,,-7.47,0,Equity: Index,8.6439,0,0,0,0,0,0,Mehul Dama,0,0,0,500,500,67.38,15.05,17.34,2.26,16.5,0.05% for redemption within 30 days,99.77,0.23,0,0,0,,0.88,0,0,0,0,0,0.23,0,0,,0,0
Aditya Birla SL Business Cycle Fund Reg(G),Aditya Birla Sun Life Mutual Fund,1844,03-12-2021,0,-3.52,-1.14,-6.13,0.58,14.76,6.25,-0.82,10.92,,,,,,,9.6,0,Equity: Thematic,15.63,0.45,0.95,14.07,14.87,0.56,0.76,Harish Krishnan,0,0,0,500,100,33.38,24.88,40.7,4.17,25.95,1% for redemption within 30 days,97.57,1.04,0,1.39,0,,1.77,0,0,0,0,0,1.04,11.81,40.98,0.29,95.9,93.73
Aditya Birla SL Conglomerate Reg (G),Aditya Birla Sun Life Mutual Fund,1610,27-12-2024,-0.29,-4.1,-2.09,-5.77,-4.63,11.85,-1.91,,,,,,,,,1.58,0,Equity: Thematic,10.29,0,0,0,0,0,0,Harish Krishnan,0,0,0,100,100,62.85,11.1,25.12,3.3,23.87,0.5% for redemption within 90 days,99.07,0.93,0,0,0,,1.79,0,0,0,0,0,0.93,0,0,,0,0
Aditya Birla SL Conservative Hybrid Active FOF Reg (G),Aditya Birla Sun Life Mutual Fund,18,09-05-2011,0,-0.88,-0.2,-1.08,-0.19,4.46,3.44,3.31,8.71,8.18,9.58,8.29,8.6,,,8.51,0,Hybrid: Conservative,35.3257,0,0,9.13,5.11,0.67,0.96,Kartikeya Singh,0,0,0,500,100,10.78,5.67,5.6,3.32,24.72,1% for redemption within 365 days,22.05,77.95,0,0,0,,0.76,0,0,0,0,76.49,1.46,4.16,40.61,1.05,64.73,103.21
Aditya Birla SL Conservative Hybrid Fund Reg (G),Aditya Birla Sun Life Mutual Fund,1502,22-05-2004,-0.11,-1.03,-0.53,-1.52,-0.72,3.52,2.99,4.35,7.41,6.89,8.3,7.21,9.36,8.7,,9.08,4,Hybrid: Conservative,69.4281,0,0,7.91,3.68,0.6,0.78,Harshil Suvarnkar,5.8,3.6,7.97,500,100,15.4,3.5,3.77,3.29,25.54,1% for redemption within 90 days,22.67,75.79,0,0,1.54,,1.54,14.45,4.14,23.57,29.58,0.24,5.01,2.65,41.27,0.75,121.17,92.37
Aditya Birla SL Conservative Hybrid Fund Reg (M) Payment,Aditya Birla Sun Life Mutual Fund,,,-0.11,-1.03,-0.53,-1.52,-0.72,3.52,2.99,4.35,7.41,6.89,8.3,7.21,9.36,8.7,,9.08,,Hybrid: Conservative,69.4281,,,,,,,,,,,500,500,,,,,,,20.53,77.26,0,0,2.21,,,,,,,,,2.65,41.27,,121.17,92.37
Aditya Birla SL Consumption Fund Reg (G),Aditya Birla Sun Life Mutual Fund,6085,05-08-2005,-0.57,-3.94,-1.41,-5.75,-2.74,7.06,-8.98,-8.01,6.5,7.51,12.46,11.85,15.22,14.16,,15.14,2,Equity: Thematic,197.13,-2.17,0.96,10.14,15.56,0.29,0.36,Chanchal Khandelwal,0,0,0,1000,100,66.01,19.56,13.44,6.27,38.97,1% for redemption within 30 days,99.01,0.99,0,0,0,,1.57,0,0,0,0.03,0,0.96,10.69,44.64,-1.03,70.48,86.74
Aditya Birla SL Corporate Bond Fund (G),Aditya Birla Sun Life Mutual Fund,22636,03-03-1997,0.04,-0.3,-0.07,-0.14,-0.06,2.94,4.3,5.87,6.77,6.11,6.82,7.1,7.99,8.13,,8.73,3,Debt: Corporate Bond,119.1819,0,0,6.79,1.88,0.58,0.83,Kaustubh Gupta,7.54,4.58,7.49,100,100,0,0,0,0,0,0,0,99.62,0,0,0.38,,0.44,24.56,0,0,69.85,0,5.21,0.98,29.71,-0.67,164.35,79.51
Aditya Birla SL Credit Risk Fund (G),Aditya Birla Sun Life Mutual Fund,1600,17-04-2015,0.04,-0.03,0.19,0.25,1.22,4.42,11.24,13.57,12.09,9.9,8.7,8.28,,,,8.45,4,Debt: Credit Risk,25.4459,0,0,11.59,2.99,1.97,7.51,Mohit Sharma,2.63,2.08,8.03,100,100,0,1.05,1.27,0,0,1% for redemption within 1 year,2.32,91.65,0,0,6.03,,1.36,6.53,28.1,32.09,18.37,0,12.32,0.65,25.41,1.28,167.49,68.2
Aditya Birla SL CRISIL IBX 50:50 Gilt Plus SDL Apr 2028 Index Fund Reg (G),Aditya Birla Sun Life Mutual Fund,405,13-10-2022,0.08,-0.03,0.05,0.14,0.97,2.84,5.09,6.55,7.26,,,,,,,7.38,0,Debt: Medium to Long Duration,13.301,0,0,7.11,1.45,0.98,1.4,Mohit Sharma,0,0,0,500,500,0,0,0,0,0,0,0,100,0,0,0,,0.3,97.3,0,0,0,0,2.7,0.62,27.06,-0.29,180.78,73.69
Aditya Birla SL CRISIL IBX 60:40 SDL + AAA PSU Apr 2025 Index Fund (G),Aditya Birla Sun Life Mutual Fund,136,30-03-2022,0,0,0.03,0.29,1.27,2.94,6.66,6.89,6.69,,,,,,,5.68,0,Debt: Short Duration,11.8687,5.4,2.88,5.56,1.51,-0.39,-0.27,Mohit Sharma,0.04,0.04,6.74,500,500,0,0,0,0,0,0,0,100,0,0,0,,0.35,48.03,0,0,40.49,0,9.17,0.07,3.48,-2.68,99.55,100
Aditya Birla SL CRISIL IBX 60:40 SDL + AAA PSU Apr 2026 Index Fund Reg (G),Aditya Birla Sun Life Mutual Fund,34,02-12-2022,0,0,0.05,0.28,1.07,2.36,5.44,6.76,6.69,,,,,,,6.71,0,Debt: Medium to Long Duration,12.4987,0,0,6.51,0.46,1.22,2.36,Bhupesh Bameta,0.02,0.02,5.7,500,500,0,0,0,0,0,0,0,100,0,0,0,,0.45,0,0,0,0,0,100,0.14,7.76,-0.71,170.07,72.59
Aditya Birla SL CRISIL IBX 60:40 SDL + AAA PSU Apr 2027 Index Fund Reg (G),Aditya Birla Sun Life Mutual Fund,1325,29-03-2022,0.02,0.06,0.17,0.41,1.33,3.08,5.93,6.87,7.22,,,,,,,6.17,0,Debt: Medium Duration,13.1096,0,0,7,0.72,1.8,3.4,Mohit Sharma,0,0,0,500,500,0,0,0,0,0,0,0,100,0,0,0,,0.32,60.16,0,0,34.16,0,5.68,0.25,16.07,-0.25,192.99,70.1
Aditya Birla SL CRISIL IBX AAA Financial Services Index-Sep 2027 Fund Reg (G),Aditya Birla Sun Life Mutual Fund,10,13-11-2024,0.04,-0.01,0.13,0.43,1.42,3.58,6.02,,,,,,,,,7.14,0,Debt: Medium to Long Duration,11.4025,0,0,0,0,0,0,Harshil Suvarnkar,0,0,0,1000,1000,0,0,0,0,0,0,0,100,0,0,0,,0.37,0,0,0,93.47,0,6.53,0,0,,0,0
Aditya Birla SL CRISIL IBX AAA NBFC HFC Index-Sep 2026 Fund Reg (G),Aditya Birla Sun Life Mutual Fund,80,08-10-2024,0.01,0.09,0.2,0.42,1.48,3.42,6.42,7.19,,,,,,,,7.19,0,Debt: Short Duration,11.4894,0,0,0,0,0,0,Harshil Suvarnkar,0,0,0,1000,1000,0,0,0,0,0,0,0,100,0,0,0,,0.37,0,0,0,69.4,0,30.6,0,0,,0,0
Aditya Birla SL CRISIL IBX Financial Services 3 to 6 Months Debt Index Fund Reg (G),Aditya Birla Sun Life Mutual Fund,2164,17-12-2024,0.05,0.08,0.24,0.47,1.62,3.75,6.69,,,,,,,,,6.94,0,Debt: Short Duration,11.2907,0,0,0,0,0,0,Harshil Suvarnkar,0,0,0,1000,1000,0,0,0,0,0,0,0,100,0,0,0,,0.31,0,0,0,97.49,0,2.51,0,0,,0,0
Aditya Birla SL CRISIL IBX Gilt Apr 2028 Index Fund Reg (G),Aditya Birla Sun Life Mutual Fund,21,15-03-2023,0.05,0.02,0.18,0.14,0.85,2.6,4.79,6.13,6.76,,,,,,,6.73,0,Debt: Medium to Long Duration,12.6036,0,0,6.63,1.14,0.82,1.24,Bhupesh Bameta,0,0,0,500,500,0,0,0,0,0,0,0,100,0,0,0,,0.69,94.65,0,0,0,0,5.35,0.65,28.16,-0.6,180.34,74.84
Aditya Birla SL CRISIL IBX Gilt Apr 2029 Index Fund Reg (G),Aditya Birla Sun Life Mutual Fund,610,19-10-2022,0.07,-0.14,-0.04,-0.2,0.24,2.68,4.36,6.34,7.32,,,,,,,7.52,0,Debt: Medium to Long Duration,13.3379,0,0,7.26,1.88,0.83,1.19,Harshil Suvarnkar,0,0,0,500,500,0,0,0,0,0,0,0,100,0,0,0,,0.32,95.92,0,0,0,0,4.08,1.09,32.83,-0.23,161.27,79.4
Aditya Birla SL CRISIL IBX Gilt Apr 2033 Index Fund Reg (G),Aditya Birla Sun Life Mutual Fund,27,22-12-2023,-0.02,-0.63,-0.57,-1.45,-0.81,2.39,3.83,5.47,,,,,,,,6.89,0,Debt: Medium to Long Duration,12.032,0,0,0,0,0,0,Bhupesh Bameta,0,0,0,1000,500,0,0,0,0,0,0,0,100,0,0,0,,0.38,96.33,0,0,0,0,3.67,0,0,,0,0
Aditya Birla SL CRISIL IBX Gilt April 2026 Index Fund Reg (G),Aditya Birla Sun Life Mutual Fund,165,07-10-2022,0,0,0.06,0.26,1.09,2.41,5.34,6.7,6.62,,,,,,,6.93,0,Debt: Medium Duration,12.7175,0,0,6.46,0.58,0.89,1.79,Bhupesh Bameta,0.03,0.03,5.36,500,500,0,0,0,0,0,0,0,100,0,0,0,,0.36,0,0,0,0,0,100,0.24,12.11,-0.72,167.95,73.4
Aditya Birla SL CRISIL IBX Gilt June 2027 Index Fund Reg (G),Aditya Birla Sun Life Mutual Fund,13,05-06-2024,0.01,0.01,0.13,0.19,0.93,2.43,4.94,6.31,,,,,,,,6.66,0,Debt: Medium Duration,11.6428,0,0,0,0,0,0,Bhupesh Bameta,0,0,0,1000,500,0,0,0,0,0,0,0,100,0,0,0,,0.52,94.8,0,0,0,0,5.2,0,0,,0,0
Aditya Birla SL CRISIL IBX SDL Jun 2032 Index Fund Reg (G),Aditya Birla Sun Life Mutual Fund,150,14-02-2023,0.13,-0.27,-0.16,-0.67,-0.33,2.83,3.93,5.41,6.63,,,,,,,7.03,0,Debt: Medium Duration,12.8134,0,0,6.84,2.92,0.39,0.5,Bhupesh Bameta,0,0,0,500,500,0,0,0,0,0,0,0,100,0,0,0,,0.49,94.33,0,0,0,0,5.67,1.63,39.15,-0.41,161.32,80.39
Aditya Birla SL Crisil-IBX Financial Services 9-12 Months Debt Index Fund (G),Aditya Birla Sun Life Mutual Fund,1228,21-03-2025,0.05,0,0.16,0.4,1.48,3.48,6.05,,,,,,,,,6.75,0,Debt: Short Duration,11.0557,0,0,0,0,0,0,Mohit Sharma,0,0,0,0,0,0,0,0,0,0,0,0,100,0,0,0,,0.3,0,0,0,99.04,0,0.96,0,0,,0,0
Aditya Birla SL Digital India Fund Reg (G),Aditya Birla Sun Life Mutual Fund,4022,15-01-2000,0,-3.99,-4.81,-8.22,7.37,9.88,-8.4,-10.53,2.24,1.99,15.4,15.82,15.62,11.69,,8.92,0,Equity: Sectoral,148.58,4.09,0.85,7.74,20.84,0.1,0.14,Kunal Sangoi,0,0,0,1000,100,50.46,19.59,26.8,4.9,27.45,1% for redemption within 30 days,90.76,3.15,0,6.09,0,,1.62,0,0,0,0,0,3.15,14.51,50.61,0.33,90.22,98.46
Aditya Birla SL Dividend Yield Fund Reg (G),Aditya Birla Sun Life Mutual Fund,1475,26-02-2003,0,-3.44,-1.07,-5.85,-2.34,5.47,0.24,-6.18,9.99,11.56,15.97,11.54,11.87,12.52,,17.28,0,Equity: Dividend Yield,435.7,1.73,0.97,14.21,16,0.53,0.77,Pavas Pethia,0,0,0,1000,100,51.86,18.54,28.42,3.58,25.65,1% for redemption within 90 days,95.21,1.19,0,3.6,0,,1.82,0,0,0,0,0,1.19,13.25,44.37,0.2,98.35,94.8
Aditya Birla SL Dynamic Asset Allocation Omni FOF Reg (G),Aditya Birla Sun Life Mutual Fund,243,09-05-2011,0,-2.35,-0.41,-3.34,-0.66,8.77,3.15,1.18,11.38,10.39,13.63,11.41,12.36,,,11.67,0,Hybrid: Aggressive,55.0943,0,0,13.03,11.11,0.66,0.85,Kartikeya Singh,0,0,0,500,100,37.13,18.84,19.63,0,0,1% for redemption within 365 days,75.6,24.4,0,0,0,,0.94,0,0,0,0,23.25,1.15,9.37,41.3,1.18,85.6,90.3
Aditya Birla SL Dynamic Term Fund Reg (G),Aditya Birla Sun Life Mutual Fund,1422,27-09-2004,0.05,-0.2,0.11,0.11,0.07,3.43,4.86,5.71,7.01,6.56,5.73,5.46,7.25,7.69,,7.49,0,Debt: Dynamic Bond,49.0119,0,0,6.85,2.56,0.45,0.78,Bhupesh Bameta,12.32,5.59,8.29,1000,1000,0,0,0,0,0,"For units in excess of 15% of the investment, 0.5% will be charged for redemption within 90 days",0,99.59,0,0,0.41,,1.04,21.11,18.89,20.13,24.77,0,14.69,1.57,38.38,0.21,139.72,87.08
Aditya Birla SL ELSS Tax Saver Fund (ELSS U/S 80C of IT ACT) Reg (G),Aditya Birla Sun Life Mutual Fund,14543,29-03-1996,-0.27,-3.93,-2.39,-6.16,-4.23,7.4,-2.68,-3.31,8.91,6.44,9.78,9.23,12.67,,,9.96,2,Equity: ELSS,58.38,0.28,0.94,12.38,14.42,0.46,0.62,Dhaval Shah,0,0,0,500,500,60.43,15.53,21.42,3.49,24.44,0,97.38,2.62,0,0,0,,1.45,0,0,0,0,0,2.62,11.7,43.15,-0.26,93.55,94.3
Aditya Birla SL Equity Savings Fund Reg (G),Aditya Birla Sun Life Mutual Fund,1123,28-11-2014,-0.13,-0.9,-0.39,-1.11,0.13,3.53,4.09,4.92,7.12,5.72,7.94,6.94,,,,7.31,3,Hybrid: Equity Savings,23.14,0,0,7.61,3.08,0.62,0.79,Lovelish Solanki,1.7,1.39,6.42,1000,100,17.36,5.75,2.41,2.52,18.62,0.25% for redemption within 7 days,25.51,72.99,0,0,1.5,,0.86,25.18,0,0,2.8,32.67,11.99,2.14,33.11,0.91,145.25,87.63
Aditya Birla SL ESG Integration Strategy Fund Reg (G),Aditya Birla Sun Life Mutual Fund,580,24-12-2020,0.17,-2.88,-1.09,-5.76,-1.77,7.92,-1.38,-4.28,8.84,5.33,,,,,,9.73,0,Equity: Thematic,17.17,1.08,1,11.79,14.95,0.41,0.53,Jonas Bhutta,0,0,0,500,100,73.27,18.04,7.62,3.51,25.82,1% for redemption within 30 days,98.93,1.07,0,0,0,,2.07,0,0,0,0.04,0,1.03,11.39,42.95,0,95.37,95.89
Aditya Birla SL Flexi Cap Fund Reg (G),Aditya Birla Sun Life Mutual Fund,29044,27-08-1998,-0.04,-3.09,-1.02,-5.34,-0.08,13.26,6.19,1.15,13.01,10.03,14.81,12.41,15.16,13.15,,20.4,4,Equity: Flexi Cap,1879.19,3.25,0.95,16.02,14.61,0.71,0.91,Harish Krishnan,0,0,0,100,100,54.34,26.68,17.39,3.88,29.9,1% for redemption within 90 days,98.41,1.59,0,0,0,,1.35,0,0,0,0,0,1.59,11.41,42.88,1.27,99.38,93.3
Aditya Birla SL Floating Interest Rates Fund Reg (G),Aditya Birla Sun Life Mutual Fund,13211,23-03-2009,0.04,-0.01,0.16,0.4,1.2,3.17,5.89,6.93,7.16,6.54,6.61,6.93,7.81,,,7.82,5,Debt: Floater,374.6302,0,0,7.01,0.75,1.75,2.59,Harshil Suvarnkar,1.78,0.97,7.22,1000,1000,0,0,0,0,0,0,0,99.69,0,0,0.31,,0.36,11.44,0,0,83.39,0,4.86,0.25,9.77,0.17,195.43,69.33
Aditya Birla SL Focused Fund Reg (G),Aditya Birla Sun Life Mutual Fund,7971,24-10-2005,-0.28,-3.4,-1.16,-5.55,-2.42,7.63,1.18,-2.23,10.6,8.61,13.1,11.42,13.59,11.97,,13.42,3,Equity: Focused,139.7949,1.86,0.9,13.68,14.07,0.57,0.8,Kunal Sangoi,0,0,0,1000,100,69.25,22.17,1.22,3.22,26.39,1% for redemption within 90 days,92.64,7.36,0,0,0,,1.52,0,0,0,0,0,7.36,11.46,45.86,0.19,102.47,96.81
Aditya Birla SL Gilt Fund (G),Aditya Birla Sun Life Mutual Fund,1238,11-10-1999,0.03,-0.57,0.32,-0.29,-1.82,3.82,1.29,2.08,4.9,4.37,5.43,6.14,7.9,7.17,7.49,7.99,2,Debt: Gilt Fund,81.3109,0,0,5.04,4.75,-0.14,-0.18,Bhupesh Bameta,0,11.36,7.54,1000,1000,0,0,0,0,0,0,0,100,0,0,0,,0.97,89.94,0,0,0,0,10.06,3.02,42.78,-0.6,102.17,102.87
Aditya Birla SL Global Emerging Opportunities Fund (G),Aditya Birla Sun Life Mutual Fund,282,17-09-2008,0,0.32,4.09,1.65,-3.66,23.18,17.63,16.51,20.74,10.42,14.78,11.05,7.19,,,6.88,0,Equity: Global,33.5425,0,0,18.43,16.4,0.78,1.31,Dhaval Joshi,0,0,0,1000,100,0,0,0,0,0,0.25% for redemption within 28 days,0,1.3,0,98.7,0,,0.93,0,0,0,0,0,100,15.24,45.72,0,-13.02,45.16
Aditya Birla SL Global Excellence Equity FoF Ret (G),Aditya Birla Sun Life Mutual Fund,223,31-12-2007,0,0.52,2.89,1.39,0.47,19.23,20.41,17.26,23,14.05,11.5,9.16,10.72,,,8.28,0,Equity: Global,44.3574,0,0,19.89,13.75,1.03,1.5,Dhaval Joshi,0,0,0,1000,100,0,0,0,0,0,0.25% for redemption within 28 days,0,1.74,0,98.26,0,,1.09,0,0,0,0,0,100,12.79,45.14,0.47,-21.87,39.79
Aditya Birla SL Gold Fund Reg (G),Aditya Birla Sun Life Mutual Fund,1665,20-03-2012,0.75,-2.6,-1.85,-4.72,4.78,0.72,26.28,37.91,34.57,24.6,19.91,15.04,,,,10.43,2,Commodity: Gold,42.5085,-1.07,0.97,32.69,19.81,1.36,2.32,Mehul Dama,0,0,0,1000,100,0,0,0,0,0,1% for redemption within 15 days,0,0.07,99.93,0,0,,0.44,0,0,0,0,0,0.07,18.87,44.47,-0.65,62.14,76.57
Aditya Birla SL Government Securities Fund (G)Instant Gain,Aditya Birla Sun Life Mutual Fund,,,0.03,-0.57,0.32,-0.29,-1.82,3.82,1.29,2.08,4.9,4.37,5.43,6.14,7.9,7.17,,6.56,,Debt: Gilt Fund,81.3109,,,,,,,,,,,1000,500,,,,,,,0,100,0,0,0,,,,,,,,,3.02,42.78,,102.17,102.87
Aditya Birla SL Income plus Arbitrage Active FOF (G),Aditya Birla Sun Life Mutual Fund,1050,29-12-2006,0,-0.19,0,0.12,0.7,2.77,4.94,5.89,6.77,5.81,6.24,6.19,7.19,,,7.23,0,Hybrid: Fof Domestic Income Plus Arbitrage,39.8024,0,0,6.69,1.37,0.73,1.37,Harshil Suvarnkar,0,0,0,100,100,0,0,0,0,0,0,0,100,0,0,0,,0.36,0,0,0,0,94.14,5.83,1.05,29.56,0.05,181.11,74.5
Aditya Birla SL Infrastructure Fund Reg (G),Aditya Birla Sun Life Mutual Fund,1251,17-03-2006,0.41,-2.53,1.98,-2.09,-0.43,22.69,13.14,2.32,15.58,16.2,20.26,14.15,14.34,12.14,,12.21,2,Equity: Sectoral,106.63,1.16,0.66,18.08,19.45,0.64,0.92,Jonas Bhutta,0,0,0,1000,100,44.67,12.96,39.31,3.68,30.5,1% for redemption within 30 days,96.94,3.06,0,0,0,,1.86,0,0,0,0,0,3.06,15.49,42.33,0.13,110.97,97.04
Aditya Birla SL International Equity Plan A Reg (G),Aditya Birla Sun Life Mutual Fund,328,31-10-2007,0,-0.06,1.54,1.47,1.26,17.33,17.71,21.37,21.89,12.31,13.52,13.18,12.68,,,9.23,0,Equity: Global,53.1469,0,0,18.7,13.27,0.98,1.75,Dhaval Joshi,0,0,0,1000,1000,0,0,0,5.3,5.62,1% for redemption within 30 days,0,2.4,0,97.6,0,,2.08,0,0,0,0,0,100,10.62,42.88,0.03,-19.64,39.44
Aditya Birla SL Large & Mid cap Fund Reg (G),Aditya Birla Sun Life Mutual Fund,5998,24-02-1995,0.23,-4.12,-1.03,-6.44,-1.14,12.75,2.91,-2.09,9.56,6.15,12.74,9.98,13.47,11.07,16.46,16.16,1,Equity: Large & Mid Cap,914.75,-0.58,1.03,12.84,16,0.45,0.56,Vishal Gajwani,0,0,0,1000,100,38.52,38.68,20.62,4.85,34.94,1% for redemption within 90 days,97.82,2.18,0,0,0,,1.57,0,0,0,0.02,0,2.16,13.71,41.52,-0.51,102.19,97.79
Aditya Birla SL Large Cap Fund (Trigger Facility) (G),Aditya Birla Sun Life Mutual Fund,,,0.01,-3.24,-1.39,-5.8,-2.91,5.72,-5.09,-4.79,7.74,7.52,12.14,10.52,13.02,,,13.03,,Equity: Large Cap,492.9,,,,,,,,,,,9999999999999.99,0,,,,,,,98.22,1.78,0,0,0,,,,,,,,,11.13,46,,94.53,95.89
Aditya Birla SL Large Cap Fund Reg (G),Aditya Birla Sun Life Mutual Fund,29711,30-08-2002,0.01,-3.24,-1.39,-5.8,-2.91,5.72,-5.09,-4.79,7.74,7.52,12.14,10.52,13.02,12.72,,17.95,3,Equity: Large Cap,492.9,0.17,0.98,11.13,14.08,0.39,0.5,Harish Krishnan,0,0,0,100,100,81.04,12.1,6.06,3.35,23.8,1% for redemption within 90 days,99.2,0.8,0,0,0,,1.35,0.12,0,0,0,0,0.68,11.13,46,-0.08,94.53,95.89
Aditya Birla SL Liquid Fund Reg (G),Aditya Birla Sun Life Mutual Fund,69830,29-03-2004,0.02,0.08,0.21,0.47,1.52,3.39,6.4,6.6,6.85,6.3,5.64,6.06,7.02,7.11,,6.87,4,Debt: Liquid,454.0967,0,0,6.68,0.21,4.68,9.95,Kaustubh Gupta,0.11,0.11,6.56,500,100,0,0,0,0,0,Exit load of 0.0070% if redeemed within 1 day. 0.0065% if redeemed within 2 days. 0.0060% if redeemed within 3 days. 0.0055% if redeemed within 4 days. 0.0050% if redeemed within 5 days. 0.0045% if redeemed within 6 days.,0,99.75,0,0,0.25,,0.3,15.83,0,0,83.15,0,0.77,0,0,3.58,0,0
Aditya Birla SL Long Term Fund Reg (G),Aditya Birla Sun Life Mutual Fund,99,08-08-2022,0.07,-0.68,-0.1,-0.61,-1.35,3.25,2.11,3.23,5.83,,,,,,,6.45,4,Debt: Long Duration,12.9954,0,0,5.93,4.13,0.06,0.09,Bhupesh Bameta,28.64,10.43,7.58,100,500,0,0,0,0,0,0,0,99.51,0,0,0.49,,0.84,61.34,0,0,17.82,0,20.35,2.44,42.31,-0.37,115.92,96.57
Aditya Birla SL Manufacturing Equity Fund Reg (G),Aditya Birla Sun Life Mutual Fund,1402,31-01-2015,-0.23,-2.78,1.03,-4.17,5.65,25.97,21.73,5.76,19.55,13.96,17.39,12.81,,,,12.34,0,Equity: Thematic,39.1,6.07,0.98,21.7,17.8,0.9,1.29,Dhaval Joshi,0,0,0,1000,100,35.25,25.13,36.21,4.98,36.99,1% for redemption within 90 days,96.59,3.41,0,0,0,,1.83,0,0,0,0,0,3.41,13.93,41.46,0.23,108.1,92.21
Aditya Birla SL Medium Term Fund Reg (G),Aditya Birla Sun Life Mutual Fund,3319,25-03-2009,0.04,-0.13,0.14,0.09,0.59,3.71,7.88,10.13,9.72,11.82,9.21,8.28,9.1,,,8.79,1,Debt: Medium Duration,43.7653,0,0,9.41,2.08,1.79,3.53,Mohit Sharma,4.36,3.12,8.09,1000,1000,0,0.64,0.92,0,0,1% for redemption within 1 year,1.56,95.33,0,0,3.11,,1.32,19.82,19.25,26.31,24.18,0,8.6,0.9,30.54,0.96,157.77,75.9
Aditya Birla SL Medium to Long Term Fund Reg (G),Aditya Birla Sun Life Mutual Fund,1770,21-10-1995,0.06,-0.45,0.03,-0.45,-0.79,2.87,2.71,3.97,5.66,4.94,6,6,7.17,7.58,7.53,8.83,2,Debt: Medium to Long Duration,129.0728,0,0,5.7,2.88,0,0,Bhupesh Bameta,14.78,6.87,7.54,1000,1000,0,0,0,0,0,0,0,99.62,0,0,0.38,,0.96,64.77,0,0,30.75,0,4.1,1.76,39.61,-1.35,139.59,89.64
Aditya Birla SL Midcap Fund Plan Reg (G),Aditya Birla Sun Life Mutual Fund,6966,03-10-2002,0.05,-4.49,-1.46,-6.44,-2.24,16.57,5.77,-1.66,12.59,12.11,17.23,12.24,15.11,14.09,,20.13,3,Equity: Mid Cap,812.31,-1.17,0.97,16.51,17.87,0.61,0.88,Vishal Gajwani,0,0,0,1000,100,7.17,64.07,26.87,5.03,35.17,1% for redemption within 90 days,98.11,1.89,0,0,0,,1.55,0,0,0,0.01,0,1.88,13.75,42.74,-0.31,95.35,91.58
Aditya Birla SL MNC Fund Reg (G),Aditya Birla Sun Life Mutual Fund,3293,22-04-1994,0,-3.32,-1.72,-6.98,-3.92,7.94,-9.07,-8.34,4.74,4.35,7.34,7.26,12.58,12.66,17.11,18.85,0,Equity: Thematic,1234.24,-2.96,0.96,8.71,15.96,0.19,0.26,Chanchal Khandelwal,0,0,0,1000,100,32.09,30.08,36.97,6.15,36.28,1% for redemption within 90 days,98.51,0.86,0,0.63,0,,1.66,0,0,0,0,0,0.86,11.2,43.15,-0.99,50.49,79.6
Aditya Birla SL Money Market Fund Reg (G),Aditya Birla Sun Life Mutual Fund,29877,10-10-2005,0.05,0.08,0.23,0.51,1.63,3.61,6.39,7.05,7.26,6.63,6.33,6.71,7.47,6.88,,6.84,3,Debt: Money Market,400.6299,0,0,7.06,0.58,2.37,3.06,Anuj Jain,0.49,0.49,7.02,1000,1000,0,0,0,0,0,0,0,99.73,0,0,0.27,,0.32,13.62,0,0,89.89,0,-3.78,0.13,5.78,1.98,95.97,100
Aditya Birla SL Multi Asset Allocation Fund Reg (G),Aditya Birla Sun Life Mutual Fund,7279,31-01-2023,0.21,-2.83,-0.88,-3.99,-1.36,8.04,8.49,7,13.89,,,,,,,14.61,3,Hybrid: Multi Asset,16.4863,0,0,15.07,10.19,0.92,1.04,Dhaval Gala,1.97,1.7,6.78,500,100,39.25,18.46,10.34,3.63,27.22,"For units in excess of 30% of the investment, 1% will be charged for redemption within 1 year",68.05,17.02,10.64,0,4.29,,1.49,3.01,0,0,8.1,0.93,9.27,9,41.19,1.37,48.91,72.05
Aditya Birla SL Multi Asset Omni FOF (G),Aditya Birla Sun Life Mutual Fund,439,17-08-2006,0,-2.87,-1.1,-4.44,0.02,9.7,9.42,6.76,14.71,11.79,14.51,11.95,11.36,9.88,,10.1,0,Hybrid: Multi Asset,74.5987,0,0,16.38,10.82,0.99,1.19,Kartikeya Singh,0,0,0,1000,100,33.61,18.96,20.88,0,0,1% for redemption within 365 days,73.45,13.69,12.86,0,0,,1.08,0,0,0,0,12.83,0.86,10.47,40.47,1.35,48.74,71.01
Aditya Birla SL Multi Asset Passive FOF Reg (G),Aditya Birla Sun Life Mutual Fund,34,14-10-2022,0,-2.83,-1.24,-4.38,-0.88,8.19,6.57,4.2,14.27,,,,,,,14.1,0,Hybrid: Multi Asset,16.976,0,0,16.14,11.28,0.93,1.04,Kartikeya Singh,0,0,0,100,100,45.05,20.3,9.34,0,0,1% for redemption within 15 days,74.69,12.06,13.25,0,0,,0.52,0,0,0,0,11.06,1,10.46,40.35,0.42,51.61,72.28
Aditya Birla SL Multi Cap Fund Reg (G),Aditya Birla Sun Life Mutual Fund,7531,07-05-2021,0.05,-3.22,-0.67,-4.56,1.42,18.99,7.29,0.24,12.49,11.08,,,,,,14.32,3,Equity: Multi Cap,20.74,2.23,0.93,15.07,16,0.59,0.73,Abhinav Khandelwal,0,0,0,500,100,37.08,28.27,31.79,4.22,32.16,1% for redemption within 90 days,97.14,2.86,0,0,0,,1.54,0,0,0,0,0,2.86,12.69,38.75,0.15,94.57,92.66
Aditya Birla SL Nifty 50 Equal Weight Index Fund Reg (G),Aditya Birla Sun Life Mutual Fund,535,08-06-2021,-0.76,-3.86,-2.11,-6.33,-4.45,4.76,-2.09,-3.75,9.37,9.39,,,,,,10.81,4,Equity: Index,17.3568,2.59,0.98,13.44,14.5,0.53,0.66,Mehul Dama,0,0,0,500,100,96.35,3.62,0,3.1,20.1,0,99.97,0.03,0,0,0,,0.81,0,0,0,0,0,0.03,11.61,45.66,-19.25,104.21,97.97
Aditya Birla SL Nifty 50 Index Fund Reg (G),Aditya Birla Sun Life Mutual Fund,1488,18-09-2002,-0.42,-3.54,-2.18,-6.07,-5.04,1.83,-7.54,-5.75,5.5,5.77,10.74,10.53,10.89,9.55,,13.94,3,Equity: Index,230.4643,-1.91,0.95,9.04,13.58,0.25,0.32,Mehul Dama,0,0,0,1000,100,98.66,1.34,0,3.1,20.1,0,100,0,0,0,0,,0.45,0,0,0,0,0,0,11.27,47.76,-11.96,99.66,100.06
Aditya Birla SL Nifty India Defence Index Fund Reg (G),Aditya Birla Sun Life Mutual Fund,1398,30-08-2024,1.44,-1.94,1.45,-4.57,-2.57,28.15,17.47,17.05,,,,,,,,13.37,0,Equity: Index,13.0854,0,0,0,0,0,0,Mehul Dama,0,0,0,500,500,53.05,24.67,22.28,10.8,52.74,0.05% for redemption within 30 days,100,0,0,0,0,,0.89,0,0,0,0,0,0,0,0,,0,0
Aditya Birla SL Nifty Midcap 150 Index Fund Reg (G),Aditya Birla Sun Life Mutual Fund,503,01-04-2021,0.07,-4.66,-2.24,-7.16,-4.01,12.42,3.61,-1.4,12.7,13.7,,,,,,17.03,3,Equity: Index,23.9262,-0.4,1,17.1,17.96,0.64,0.83,Mehul Dama,0,0,0,500,100,11.6,84.13,4.24,4.01,25.07,0.25% for redemption within 15 days,99.97,0.03,0,0,0,,0.82,0,0,0,0,0,0.03,15.46,41.87,-3.36,114.79,99.74
Aditya Birla SL Nifty Next 50 Index Fund Reg (G),Aditya Birla Sun Life Mutual Fund,287,18-02-2022,0.41,-3.7,-0.72,-5.43,-2.47,15.7,2.93,-4.94,15.41,,,,,,,11.9,4,Equity: Index,16.8964,5.73,1.28,18.7,20.01,0.65,0.84,Mehul Dama,0,0,0,100,100,86.71,13.1,0,3.34,20.08,0,99.81,0.19,0,0,0,,0.76,0,0,0,0,0,0.19,16.56,41.19,-7.12,126.52,103.59
Aditya Birla SL Nifty SDL Apr 2027 Index Fund Reg (G),Aditya Birla Sun Life Mutual Fund,3286,28-01-2022,0.01,0.06,0.16,0.38,1.2,2.69,5.6,6.49,7.03,,,,,,,6.04,0,Debt: Medium to Long Duration,13.1819,0,0,6.82,0.75,1.5,2.75,Bhupesh Bameta,0,0,0,500,500,0,0,0,0,0,0,0,100,0,0,0,,0.43,93.35,0,0,0,0,6.65,0.25,17.17,-0.33,195.03,69.84
Aditya Birla SL Nifty SDL Plus PSU Bond Sep 2026 60:40 Index Fund Reg (G),Aditya Birla Sun Life Mutual Fund,6822,24-09-2021,0.01,0.09,0.19,0.4,1.33,2.94,5.73,6.68,7.05,5.78,,,,,,5.75,0,Debt: Medium Duration,13.2563,0,0,6.85,0.55,2.08,3.95,Mohit Sharma,0,0,0,0,0,0,0,0,0,0,0,0,100,0,0,0,,0.3,46.42,0,0,30.93,0,22.65,0.17,12.09,-0.3,196.96,69.19
Aditya Birla SL Nifty SDL Sep 2025 Index Fund Reg (G),Aditya Birla Sun Life Mutual Fund,35,28-09-2022,0,0,0.01,0.24,1.06,2.55,5.79,6.91,6.99,,,,,,,6.9,0,Debt: Short Duration,12.2352,0,0,0,0,0,0,Bhupesh Bameta,0.06,0.05,5.49,500,500,0,0,0,0,0,0,0,100,0,0,0,,0.34,0,0,0,0,0,100,0.11,6.32,-1.79,99.34,100
Aditya Birla SL Nifty SDL Sep 2027 Index Fund Reg (G),Aditya Birla Sun Life Mutual Fund,41,10-03-2023,-0.03,-0.01,0.08,0.24,1.21,2.84,5.54,6.68,7.27,,,,,,,7.38,0,Debt: Medium to Long Duration,12.8964,0,0,7.11,1.04,1.37,2.48,Harshil Suvarnkar,0,0,0,500,500,0,0,0,0,0,0,0,100,0,0,0,,0.41,95.44,0,0,0,0,4.56,0.48,25.14,-0.21,186.99,71.75
Aditya Birla SL Nifty Smallcap 50 Index Fund Reg (G),Aditya Birla Sun Life Mutual Fund,367,01-04-2021,-0.15,-3.92,-1.08,-3.34,3.03,28.66,14,1.76,17.09,11.82,,,,,,16,1,Equity: Index,22.7794,5.25,1.02,20.84,22.53,0.67,1.09,Mehul Dama,0,0,0,500,100,0,15.92,84.08,3.52,35.64,0.25% for redemption within 15 days,100,0,0,0,0,,0.88,0,0,0,0,0,0,18.38,43.09,-0.73,130.76,103.51
Aditya Birla SL Overnight Fund Reg (G),Aditya Birla Sun Life Mutual Fund,10464,01-11-2018,0.01,0.09,0.2,0.39,1.24,2.53,5.13,5.57,5.93,5.61,4.97,,,,,5.08,3,Debt: Overnight,1480.6111,0,0,5.83,0.2,0.7,1.44,Kaustubh Gupta,0.01,0.01,5.31,0,0,0,0,0,0,0,0,0,100,0,0,0,,0.17,3.82,0,0,0,0,96.18,0,0,-1.23,0,0
Aditya Birla SL Pharma & Healthcare Fund (G),Aditya Birla Sun Life Mutual Fund,1103,10-07-2019,-1.87,-3.39,-0.86,-3.73,2.21,17.99,17.44,4.92,18.59,12.6,19.75,,,,,19.05,3,Equity: Sectoral,35.62,-0.39,0.9,20.75,15.26,0.99,1.62,Dhaval Shah,0,0,0,0,100,33,30.42,32.95,5.9,41.63,1% for redemption within 30 days,96.37,3.63,0,0,0,,1.89,0,0,0,0,0,3.63,10.58,41.73,-0.15,41.4,64.21
Aditya Birla SL PSU Equity Fund Reg (G),Aditya Birla Sun Life Mutual Fund,6073,30-12-2019,0.29,-3.21,-1.06,-5.31,-5.02,4.34,4.02,-2.54,15.81,19.72,,,,,,19.88,0,Equity: Thematic,34.4,-1.66,0.96,22.63,23.25,0.73,1.22,Dhaval Gala,0,0,0,0,100,72.57,17.23,7.4,1.66,11.28,1% for redemption within 30 days,97.2,2.8,0,0,0,,1.57,0,0,0,0,0,2.8,19.9,41.6,0.03,139.99,106.14
Aditya Birla SL Quant Fund Reg (G),Aditya Birla Sun Life Mutual Fund,2037,28-06-2024,-1.12,-4.63,-1.73,-7.55,-3.3,8.64,3.09,-4.66,,,,,,,,-1.43,0,Equity: Thematic,9.68,0,0,0,0,0,0,Harish Krishnan,0,0,0,500,500,51.67,42.67,5.33,3.92,26.91,0.5% for redemption within 90 days,99.67,0.33,0,0,0,,1.76,0,0,0,0.05,0,0.28,0,0,,0,0
Aditya Birla SL Retirement Fund 30s Plan (G),Aditya Birla Sun Life Mutual Fund,487,11-03-2019,0.24,-2.96,-0.5,-4.44,-0.28,20.76,11.58,3.97,13.97,10.23,12.28,,,,,10.95,3,Solution: Retirement Equity,22.068,3.75,0.97,16.17,15.51,0.68,0.9,Jonas Bhutta,0,0,0,0,500,37.53,23.5,35.51,4.05,29.91,0,96.54,3.46,0,0,0,,2.1,0.21,0,0,0.01,0,3.24,12.31,42.01,0.69,95.7,91.77
Aditya Birla SL Retirement Fund 40s Plan (G),Aditya Birla Sun Life Mutual Fund,116,11-03-2019,-0.26,-3.05,-1.38,-5.06,-1.64,6.77,0.23,-0.12,8.6,7.05,9.44,,,,,8.54,2,Solution: Retirement Hybrid,18.666,0,0,10.33,11.24,0.41,0.53,Mohit Sharma,0,0,0,0,500,50.98,13.77,14.14,3.2,22.94,0,78.89,21.11,0,0,0,,2.09,11.83,0,0,0.88,0,8.4,9.26,43.36,0.59,82.25,91.5
Aditya Birla SL Retirement Fund 50s Plan (G),Aditya Birla Sun Life Mutual Fund,27,11-03-2019,-0.21,-1.32,-0.7,-2.07,-1.02,3.67,2.55,2.87,6.24,5.41,5.39,,,,,5.42,2,Solution: Retirement Debt,14.9467,0,0,7.11,4.17,0.34,0.38,Mohit Sharma,0,0,0,0,500,15.6,3.89,5.3,3.38,24.82,0,24.79,75.21,0,0,0,,1.68,37.41,0,0,7.45,0,30.35,3.01,40.93,0.27,115.36,95.51
Aditya Birla SL Retirement Fund 50s Plus Debt Plan (G),Aditya Birla Sun Life Mutual Fund,14,11-03-2019,0.01,-0.29,-0.09,-0.4,-0.27,1.74,2.39,3.7,4.64,3.77,3.98,,,,,4.09,1,Solution: Retirement Debt,13.574,0,0,4.76,1.33,-0.7,-0.95,Harshil Suvarnkar,0,0,0,0,500,0,0,0,0,0,0,0,100,0,0,0,,1.81,45.7,0,0,7.4,0,46.9,0.79,33.52,-0.67,254.01,67.58
Aditya Birla SL Short Term Fund Reg (G),Aditya Birla Sun Life Mutual Fund,5782,09-05-2003,0.04,-0.15,0.03,0.11,0.48,2.91,4.96,6.37,6.9,6.12,6.61,6.74,7.97,7.75,,7.16,3,Debt: Short Duration,50.6799,0,0,6.79,1.44,0.77,1.33,Kaustubh Gupta,3.29,2.69,7.77,1000,1000,0,0,0,0,0,0,0,99.47,0,0,0.53,,0.81,7.71,0,15.58,64.27,0,11.91,0.63,24.48,0.6,96.95,100
Aditya Birla SL Silver E T F FOF Reg (G),Aditya Birla Sun Life Mutual Fund,1184,02-02-2022,0.14,-4.91,-2.3,-6.14,-1.53,-2.96,51.15,52.96,42.45,,,,,,,29.11,0,Commodity: Silver,33.3604,2,0.85,43.22,37.81,0.99,2.09,Mehul Dama,0,0,0,100,100,0,0,0,0,0,0.5% for redemption within 30 days,0,0.01,0,0,99.99,,0.56,0,0,0,0,0,100,37.62,45.23,-0.41,75.34,80.04
Aditya Birla SL Small Cap Fund Reg (G),Aditya Birla Sun Life Mutual Fund,6226,31-05-2007,-0.15,-2.91,-0.35,-3.18,3.32,29.14,18.36,2.78,13.87,12.36,18.25,12.24,15.43,,,12.54,2,Equity: Small Cap,98.435,1.61,0.9,16.29,19.99,0.53,0.83,Abhinav Khandelwal,0,0,0,1000,100,2.04,13.18,79.58,3.94,29.88,1% for redemption within 90 days,94.8,5.2,0,0,0,,1.56,0,0,0,0,0,5.2,15.28,42.33,-0.2,90.43,90.05
Aditya Birla SL Special Opportunities Fund Reg (G),Aditya Birla Sun Life Mutual Fund,1279,23-10-2020,0.14,-2.51,0.9,-2.61,0.54,19.67,13.05,5.2,16.99,12.29,,,,,,18.91,0,Equity: Thematic,27.98,6.19,0.96,18.5,15.04,0.85,1.16,Dhaval Gala,0,0,0,500,100,41.63,15.64,39.68,3.62,27.71,1% for redemption within 30 days,96.95,3.05,0,0,0,,1.85,0,0,0,0,0,3.05,12.11,41.87,1.48,102.68,92.51
Aditya Birla SL Transportation and Logistics Fund Reg (G),Aditya Birla Sun Life Mutual Fund,1808,17-11-2023,0.3,-2.31,0.84,-4.95,8.75,30.1,13.5,3.52,,,,,,,,19.62,0,Equity: Thematic,16.9,0,0,0,0,0,0,Dhaval Shah,0,0,0,500,100,56.24,13.84,27.81,6.94,41.36,1% for redemption within 365 days,97.9,2.1,0,0,0,,1.78,0,0,0,0.05,0,2.05,0,0,,0,0
Aditya Birla SL Ultra Short Term Fund Reg (G),Aditya Birla Sun Life Mutual Fund,18819,27-11-2001,0.04,0.04,0.21,0.49,1.55,3.37,6.31,7.07,7.22,6.55,6.37,6.79,7.68,7.64,,7.38,4,Debt: Ultra Short Duration,592.8498,0,0,7.01,0.5,2.62,3.55,Kaustubh Gupta,0.62,0.5,7.42,1000,1000,0,0,0,0,0,0,0,99.64,0,0,0.36,,0.5,11.3,5.11,28.12,55.99,0,-0.88,0.12,6.46,2.21,96.13,100
Aditya Birla SL Ultra Short to Short Term Fund (G),Aditya Birla Sun Life Mutual Fund,9727,14-05-1998,0.04,-0.02,0.13,0.34,1.06,2.8,5.25,6.24,6.48,5.9,5.97,6.35,7.15,7.11,,7.1,1,Debt: Low Duration,701.8024,0,0,6.35,0.69,0.94,1.37,Kaustubh Gupta,1.09,0.98,7.48,100,100,0,0,0,0,0,0,0,99.59,0,0,0.41,,1.04,10.27,0,13.29,66.18,0,9.85,0.23,10.04,0.59,98.55,100
Aditya Birla SL US Equity Passive FOF Reg (G),Aditya Birla Sun Life Mutual Fund,523,01-11-2021,0,-0.25,4.66,2.92,1.93,32.2,32.72,31.24,32.65,,,,,,,18.76,0,Equity: Global,23.4578,0,0,27.91,19.54,1.14,2.16,Mehul Dama,0,0,0,0,0,0,0,0,0,0,0,0,0.66,0,99.34,0,,0.58,0,0,0,0,0,100,15.59,41.71,0.44,3.93,41.63
Aditya Birla SL US Treasury 1-3 year Bond E T F FoF Reg (G),Aditya Birla Sun Life Mutual Fund,72,31-10-2023,0,0.21,-0.23,0.13,1.1,1.7,9.64,9.75,,,,,,,,8.87,0,Debt: Short Duration,12.8556,0,0,0,0,0,0,Bhupesh Bameta,0,0,0,100,100,0,0,0,0,0,0.5% for redemption within 30 days,0,100,0,0,0,,0.14,0,0,0,0,97.63,2.37,0,0,,0,0
Aditya Birla SL US Treasury 3-10 year Bond E T F FoF Reg (G),Aditya Birla Sun Life Mutual Fund,137,31-10-2023,0,-0.34,-1.05,-1.73,-1.76,-1.41,5.7,7.44,,,,,,,,8.58,0,Debt: Medium to Long Duration,12.7551,0,0,0,0,0,0,Bhupesh Bameta,0,0,0,100,100,0,0,0,0,0,0.5% for redemption within 30 days,0,100,0,0,0,,0.14,0,0,0,0,98.73,1.27,0,0,,0,0
Aditya Birla SL Value Fund Reg (G),Aditya Birla Sun Life Mutual Fund,6925,27-03-2008,-0.18,-3.31,-0.68,-3.99,0.58,17.27,10.29,-0.9,12.31,12.67,16.53,10.95,15.3,,,15.02,3,Equity: Value,133.6127,2.53,1.11,15.87,17.8,0.57,0.81,Kunal Sangoi,0,0,0,1000,100,53.29,13.47,30.76,3.13,23.45,1% for redemption within 90 days,97.52,2.48,0,0,0,,1.55,0,0,0,0,0,2.48,15.28,41.66,0.49,118.66,102.2
AlphaGrep Flexi Cap Fund (G),AlphaGrep Mutual Fund,0,11-08-2026,0.32,-2.08,0.17,-2.64,,,,,,,,,,,,-1.09,0,Equity: Flexi Cap,9.8914,0,0,0,0,0,0,Ravneet Singh,0,0,0,0,0,16.24,18.48,41.66,0,0,1% for redemption within 15 days,76.38,23.62,0,0,0,,2.1,0,0,0,0,0,23.62,,,,,
AlphaGrep Flexi Cap Fund IDCW,AlphaGrep Mutual Fund,0,11-08-2026,0.32,-2.08,0.17,-2.64,,,,,,,,,,,,-1.09,0,Equity: Flexi Cap,9.8914,0,0,0,0,0,0,Ravneet Singh,0,0,0,0,0,16.24,18.48,41.66,0,0,1% for redemption within 15 days,76.38,23.62,0,0,0,,2.1,0,0,0,0,0,23.62,,,,,
AlphaGrep Liquid Omni FoF (G),AlphaGrep Mutual Fund,0,07-08-2026,0.02,0.08,0.21,0.45,,,,,,,,,,,,100,0,Debt: Liquid,1008.7266,0,0,0,0,0,0,Ashish Jain,0,0,0,0,0,0,0,0,0,0,Exit load of 0.0070% if redeemed within 1 day. 0.0065% if redeemed within 2 days. 0.0060% if redeemed within 3 days. 0.0055% if redeemed within 4 days. 0.0050% if redeemed within 5 days. 0.0045% if redeemed within 6 days.,0,100,0,0,0,,0.24,0,0,0,0,96.4,3.6,,,,,
AlphaGrep Multi Asset Allocation Fund (G),AlphaGrep Mutual Fund,53,24-07-2026,0.29,-1.31,0.15,-1.34,,,,,,,,,,,,1.89,0,Hybrid: Multi Asset,10.1886,0,0,0,0,0,0,Ashish Jain,0,0,0,0,0,14.71,19.89,3.56,3.31,17.24,1% for redemption within 15 days,38.16,57.08,4.76,0,0,,1.84,12.95,0,10.57,0,0,33.56,,,,,
Angel One Gold E T F FoF (G),Angel One Mutual Fund,32,10-09-2025,0.73,-2.63,-5.4,-4.44,4.55,0.47,25.93,,,,,,,,,29.06,0,Commodity: Gold,13.2817,0,0,0,0,0,0,Kewal Shah,0,0,0,500,500,0,0,0,0,0,0,0,0.04,99.96,0,0,,0.58,0,0,0,0,0,0.04,0,0,,0,0
Angel One Nifty 50 Index Fund Reg (G),Angel One Mutual Fund,34,22-05-2025,-0.42,-3.52,-2.17,-6.07,-5.08,1.76,-7.77,,,,,,,,,-5.31,0,Equity: Index,9.2615,0,0,0,0,0,0,Kewal Shah,0,0,0,1000,250,98.47,1.34,0,3.16,20.66,0,99.81,0.19,0,0,0,,0.59,0,0,0,0,0,0.19,0,0,,0,0
Angel One Nifty Total Market Index Fund Reg (G),Angel One Mutual Fund,62,28-02-2025,-0.14,-3.7,-1.67,-5.71,-3.61,8.76,-2.32,,,,,,,,,7.04,0,Equity: Index,11.1764,0,0,0,0,0,0,Kewal Shah,0,0,0,1000,1000,64.63,20.21,15.16,3.4,22.82,0,100,0,0,0,0,,0.88,0,0,0,0,0,0,0,0,,0,0
Angel One Nifty Total Market Momentum Quality 50 Index Fund (G),Angel One Mutual Fund,37,24-11-2025,0.52,-2.82,-0.67,-5.68,-2.37,12.87,,,,,,,,,,-1.41,0,Equity: Flexi Cap,9.8592,0,0,0,0,0,0,Kewal Shah,0,0,0,0,0,54.01,30.05,15.54,7.67,30.19,0,99.6,0.4,0,0,0,,0.88,0,0,0,0,0,0.4,,,,,
Angel One Silver E T F FoF (G),Angel One Mutual Fund,11,02-03-2026,-0.48,-5,-3.49,-6.31,-1.74,-4.37,,,,,,,,,,-24.38,0,Commodity: Silver,7.5621,0,0,0,0,0,0,Kewal Shah,0,0,0,0,0,0,0,0,0,0,0,0,0.51,0,0,99.49,,0.58,0,0,0,0,0,100,,,,,
Apex SIF Equity Ex Top 100 Long Short Fund (G),APEX SIF Mutual Fund,,,0,-1.29,0,-0.7,,,,,,,,,,,,-0.7,,SIF: Equity LS,9.93,,,,,,,,,,,0,0,,,,,,,100,0,0,0,0,,,,,,,,,,,,,
Apex SIF Equity Long Short Fund (G),APEX SIF Mutual Fund,,,-0.1,-1.8,-0.61,-2,,,,,,,,,,,,-2,,SIF: Equity LS,9.8,,,,,,,,,,,0,0,,,,,,,100,0,0,0,0,,,,,,,,,,,,,
Apex SIF Hybrid Long Short Fund (G),APEX SIF Mutual Fund,176.29,06-03-2026,0.05,-0.25,0.39,-0.19,4.34,6.97,,,,,,,,,,7.18,0,SIF: Hybrid LS,10.7182,0,0,0,0,0,0,Mr. Lovelish Solanki,1.9,1.66,7.6,0,0,5.98,1.75,2.24,0,0,0.50% if units are redeemed/switched out on or before 90 days from the date of allotment Nil if units are redeemed/switched out after 90 days from the date of allotment,9.97,86.54,0,0,3.49,,1.41,7.87,0,0,39.77,16.31,33.38,,,,,
Arthaya SIF Equity Long Short Fund (G),Arthaya SIF Mutual Fund,132.53,25-05-2026,-0.06,-0.68,-0.76,-2.97,-3.54,,,,,,,,,,,-2.86,0,SIF: Equity LS,9.7143,0,0,0,0,0,0,Mr. Rajesh Aynor,0,0,0,0,0,66.44,7.18,2.32,0,0,1% if redeemed or switched out on or before completion of 1 year from the date of allotment of units.Nil if redeemed or switched out after completion of 1 year from the date of allotment of units.,75.95,24.05,0,0,0,,2.1,17.3,0,0,0,0,5.12,,,,,
Arudha SIF Equity Long Short Fund (G),Arudha SIF Mutual Fund,127.87,24-03-2026,0.27,-2.19,-1.4,-4.01,-1.6,2.7,,,,,,,,,,0.89,0,SIF: Equity LS,10.089,0,0,0,0,0,0,Mr. Nilesh Saha,1.38,0,0,0,0,36.74,12.18,29.41,0,0,If redeemed/switched out on or within 30 days from the date of allotment: 0.50% of the applicable NAV.If redeemed/switched out after 30 days from date of allotment Nil.,78.33,21.67,0,0,0,,2.1,6.74,0,0,0,0,12.23,,,,,
Arudha SIF Hybrid Long- Short Fund (G),Arudha SIF Mutual Fund,146.93,28-01-2026,0.15,-0.12,0.14,0.3,0.89,3.01,,,,,,,,,,3.85,0,SIF: Hybrid LS,10.385,0,0,0,0,0,0,Mr.Kapil Kankonkar,3.2,2.49,7.37,0,0,0,0,0,0,0,N.A,0,100,0,0,0,,0.63,13.84,0,10.83,62.78,0,14.8,,,,,
ASK Liquid Fund (G),ASK Mutual Fund,,,0.02,0.08,0.2,0.53,,,,,,,,,,,,0.53,,Debt: Liquid,1005.3097,,,,,,,,,,,0,0,,,,,,,0,100,0,0,0,,,,,,,,,,,,,
Axis Aggressive Hybrid Fund (G),Axis Mutual Fund,1476,09-08-2018,-0.15,-2.71,-1.13,-4.19,-1.52,6.17,-0.64,-1.86,7.63,5.08,9.27,,,,,8.94,1,Hybrid: Aggressive,20.12,0,0,9.8,11.07,0.37,0.5,Aditya Pagaria,2.8,2.11,7.78,0,100,51.27,9.6,11.05,3.5,25.57,"For units in excess of 10% of the investment, 1% will be charged for redemption within 365 days",71.92,26.31,0,0,1.77,,1.82,0.71,4.68,4.04,11.39,1.46,5.8,8.85,40.35,0.39,88.44,95.01
Axis Arbitrage Fund (G),Axis Mutual Fund,10339,14-08-2014,0.24,0.02,0.24,0.4,1.45,2.78,5.99,6.25,6.63,6.07,5.51,5.67,,,,5.9,3,Hybrid: Arbitrage,20.0582,0,0,6.52,0.52,1.6,1.94,Sachin Jain,0.58,0.57,6.88,100,100,0,0,0,2.68,18.93,0.25% for redemption within 15 days,0,100,0,0,0,,0.86,0,0,0,17.4,12.47,2.36,0.56,28.95,-1.61,97.63,100
Axis Balanced Advantage Fund Reg (G),Axis Mutual Fund,3859,01-08-2017,-0.05,-2.2,-0.95,-3.61,-2.02,4.09,0.29,0.02,9.62,7.81,9.33,,,,,8.34,4,Hybrid: Balanced Advantage,20.85,0,0,11.24,8.57,0.65,0.85,Devang Shah,3.06,2.53,7.27,100,100,49.84,8.11,4.28,3.38,24.14,"For units in excess of 10% of the investment, 1% will be charged for redemption within 365 days",62.23,36.9,0,0,0.87,,1.64,8.83,0,12.43,12.17,0.86,2.59,6.79,39.81,1.38,74.1,89.89
Axis Banking & PSU Debt (G),Axis Mutual Fund,12004,08-06-2012,0.06,-0.11,0.07,0.12,0.34,2.78,4.62,6.17,6.61,5.84,6.24,6.85,,,,7.43,4,Debt: Banking and PSU,2797.3238,0,0,6.53,1.38,0.6,0.96,Aditya Pagaria,3.29,2.62,7.24,1000,100,0,0,0,0,0,0,0,99.65,0,0,0.35,,0.54,11.66,0,0,83.61,0,4.38,0.58,24.59,-0.7,97.92,100
Axis BSE India Sector Leaders Index Fund (G),Axis Mutual Fund,32,11-02-2026,-0.01,-3.24,-1.52,-5.76,-4.31,4.95,,,,,,,,,,-9.81,0,Equity: Index,9.0188,0,0,0,0,0,0,Nandik Mallik,0,0,0,0,0,82.81,10.35,6.84,3.35,23.18,0.25% for redemption within 15 days,100,0,0,0,0,,0.9,0,0,0,0,0,0,,,,,
Axis BSE Sensex Index Fund Reg (G),Axis Mutual Fund,55,27-02-2024,-0.07,-3.15,-2.1,-5.86,-5.13,1.18,-9.25,-6.82,,,,,,,,0.23,0,Equity: Index,10.059,0,0,0,0,0,0,Nandik Mallik,0,0,0,100,100,99.83,0,0,3.32,22.76,0.25% for redemption within 7 days,99.83,0.17,0,0,0,,0.61,0,0,0,0,0,0.17,0,0,,0,0
Axis Business Cycles Fund Reg (G),Axis Mutual Fund,2126,22-02-2023,-0.12,-3.32,-1.19,-5.3,0.48,14.7,2.4,-1.38,11.23,,,,,,,15.13,0,Equity: Thematic,16.62,1.49,1.01,14.15,15.75,0.54,0.65,Ashish Naik,0,0,0,1000,100,48.46,22.86,24.44,3.48,31.42,"For units in excess of 10% of the investment, 1% will be charged for redemption within 365 days",95.76,4.24,0,0,0,,1.74,0.46,0,0,0,0,3.74,13.09,41.82,0.33,104.63,97.66
Axis Childrens Fund Reg (G),Axis Mutual Fund,906,08-12-2015,-0.15,-2.81,-1.32,-4.44,-1.88,6.07,-1.31,-1.87,6.78,4.46,9.1,8.89,,,,9,1,Solution: Children Equity,25.4029,0,0,9.08,10.87,0.31,0.41,Devang Shah,5.11,4.05,7.11,1000,100,50.04,9.39,10.83,3.55,25.93,3% for redemption within 365 days. 2% for redemption after 366 days and within 730 days. 1% for redemption after 731 days and within 1095 days,70.26,29.11,0,0,0.63,,1.96,14.3,2.5,3.84,5.48,0.99,2.63,8.81,44.24,0.15,81.96,93.81
Axis Childrens Fund Reg (Lock in) (G),Axis Mutual Fund,,,-0.15,-2.81,-1.32,-4.44,-1.88,6.07,-1.31,-1.87,6.78,4.46,9.1,8.89,,,,9,,Solution: Children Equity,25.406,,,,,,,,,,,100,100,,,,,,,70.29,29.08,0,0,0.63,,,,,,,,,8.81,44.37,,81.96,93.81
Axis Conservative Hybrid Fund (G),Axis Mutual Fund,219,16-07-2010,-0.08,-1.04,-0.71,-1.73,-1.33,1.74,0.27,1.48,5.04,4.37,6.73,5.94,7.3,,,6.95,2,Hybrid: Conservative,30.0244,0,0,5.72,4.23,0.01,0.01,Jayesh Sundar,0,0,0,100,100,18,0.03,0,3.05,21.15,"For units in excess of 10% of the investment, 1% will be charged for redemption within 30 days",18.03,81.37,0,0,0.6,,1.85,49.22,8.48,7.93,11.35,0.82,3.57,2.78,42.49,-0.54,125.45,95.87
Axis Consumption Fund Reg (G),Axis Mutual Fund,2772,12-09-2024,-0.68,-4.49,-2.13,-6.73,-3.43,7.78,-8.97,-7.53,,,,,,,,-6.41,0,Equity: Thematic,8.73,0,0,0,0,0,0,Hitesh Das,0,0,0,100,100,73.61,12.43,13.3,7.78,46.25,"For units in excess of 10% of the investment, 1% will be charged for redemption within 90 days",99.34,0.66,0,0,0,,1.7,0,0,0,0,0,0.66,0,0,,0,0
Axis Corporate Bond Fund (G),Axis Mutual Fund,7768,13-07-2017,0.04,-0.17,0.03,0.1,0.32,2.97,4.73,6.41,6.96,6.06,6.73,,,,,6.69,4,Debt: Corporate Bond,18.1666,0,0,6.87,1.58,0.75,1.29,Devang Shah,4.22,3.11,7.42,100,100,0,0,0,0,0,0,0,99.65,0,0,0.35,,0.81,7.97,0,0,78.49,0,13.19,0.7,27.69,-0.51,175.62,75.81
Axis Credit Risk Fund (G),Axis Mutual Fund,395,15-07-2014,0.09,-0.06,0.12,0.23,1.23,4.22,7.26,7.91,7.93,6.8,7.09,6.61,,,,7.22,4,Debt: Credit Risk,23.4336,0,0,7.74,1.13,1.81,3.12,Akhil Bipin Thakker,2.64,2.25,8.17,100,100,0,1.07,0,0,0,"For units in excess of 10% of the investment, 1% will be charged for redemption within 1 month",1.07,91.18,0,0,7.75,,1.35,6.06,23.88,44.08,9.74,0,14.7,0.52,18.96,0.54,180.29,72.48
Axis CRISIL IBX 50:50 Gilt Plus SDL Jun 2028 Index Fund Reg (G),Axis Mutual Fund,337,24-01-2023,0.1,-0.04,0.03,0.14,0.97,2.85,5.18,6.52,7.23,,,,,,,7.12,0,Debt: Medium to Long Duration,12.8865,0,0,7.09,1.51,0.93,1.32,Hardik Shah,1.67,1.56,6.5,1000,1000,0,0,0,0,0,0,0,100,0,0,0,,0.3,96.66,0,0,0,0,3.34,0.68,27.83,-0.31,181.47,73.51
Axis CRISIL IBX 50:50 Gilt Plus SDL Sep 2027 Index Fund Reg (G),Axis Mutual Fund,36,27-02-2023,-0.02,-0.01,0.1,0.23,1.12,2.73,5.44,6.62,7.21,,,,,,,7.32,0,Debt: Medium to Long Duration,12.8906,0,0,7.04,1,1.35,2.49,Aditya Pagaria,0.94,0.91,6.01,1000,1000,0,0,0,0,0,0,0,100,0,0,0,,0.36,95.94,0,0,0,0,4.06,0.44,24.15,-0.26,185.42,72.39
Axis CRISIL IBX 70:30 CPSE Plus SDL April 2025 Index Fund Reg (G),Axis Mutual Fund,457,28-01-2022,0,0,0.03,0.31,1.35,3.1,6.87,7.02,6.77,,,,,,,5.64,0,Debt: Short Duration,11.9547,5.73,3.05,5.54,1.58,-0.39,-0.27,Devang Shah,0,0,7.17,1000,1000,0,0,0,0,0,0,0,100,0,0,0,,0.29,37.15,0,0,54.02,0,3.54,0.09,3.24,-2.55,99.34,100
Axis CRISIL IBX SDL June 2034 Debt Index Fund Reg (G),Axis Mutual Fund,0,01-01-1900,0,0,-0.14,0.07,-0.76,0.68,3.94,0,,,,,,,,6.69,0,Debt: Long Duration,11.2844,0,0,0,0,0,0,,7.93,5.95,7.39,1000,1000,0,0,0,0,0,,0,100,0,0,0,,0,95.89,0,0,0,0,4.11,0,0,-0.56,0,0
Axis CRISIL IBX SDL May 2027 Index Fund Reg (G),Axis Mutual Fund,1705,23-02-2022,0.01,0.04,0.1,0.34,1.18,2.96,5.95,6.86,7.41,,,,,,,6.21,0,Debt: Medium to Long Duration,13.1939,0,0,7.2,0.92,1.63,3.08,Aditya Pagaria,0.75,0.73,5.99,1000,1000,0,0,0,0,0,0,0,100,0,0,0,,0.24,96.59,0,0,0,0,3.41,0.44,22.51,-0.15,191.31,70.2
Axis CRISIL-IBX AAA Bond Financial Services Sep 2027 Index Fund Reg (G),Axis Mutual Fund,5,22-11-2024,0,0,-0.02,0.41,1.36,3.32,5.73,,,,,,,,,7.18,0,Debt: Long Duration,11.3612,0,0,0,0,0,0,Aditya Pagaria,0.96,0.92,7.42,1000,1000,0,0,0,0,0,0,0,100,0,0,0,,0.9,0,0,0,94.81,0,5.19,0,0,,0,0
Axis CRISIL-IBX AAA Bond NBFC Jun 2027 Index Fund Reg (G),Axis Mutual Fund,2295,24-09-2024,0.07,0.02,0.21,0.47,1.53,3.45,6.04,7.3,,,,,,,,7.3,0,Debt: Short Duration,11.5269,0,0,0,0,0,0,Aditya Pagaria,0.76,0.76,7.56,1000,1000,0,0,0,0,0,0,0,100,0,0,0,,0.41,0.21,0,0,94.43,0,5.36,0,0,,0,0
Axis CRISIL-IBX AAA Bond NBFC-HFC Jun 2027 Index Fund Reg (G),Axis Mutual Fund,8,11-12-2024,0,0,0.07,0.41,1.38,3.22,5.9,,,,,,,,,7.29,0,Debt: Short Duration,11.3074,0,0,0,0,0,0,Aditya Pagaria,0.75,0.74,7.46,1000,1000,0,0,0,0,0,0,0,100,0,0,0,,0.9,0.21,0,0,94.43,0,5.36,0,0,,0,0
Axis CRISIL-IBX Financial Services 3-6 Months Debt Index Fund (G),Axis Mutual Fund,230,24-09-2025,0.05,0.08,0.23,0.45,1.57,3.67,6.65,,,,,,,,,6.68,0,Debt: Ultra Short Duration,10.6783,0,0,0,0,0,0,Aditya Pagaria,0.3,0.3,6.82,0,0,0,0,0,0,0,0,0,100,0,0,0,,0.22,0,0,0,95.04,0,4.96,,,,,
Axis Dynamic Term Fund (G),Axis Mutual Fund,993,27-04-2011,0.06,-0.15,0.12,0.01,0.16,4.06,5.88,6.03,7.05,5.79,6.68,6.79,7.68,,,7.69,0,Debt: Dynamic Bond,31.5411,0,0,7,2.57,0.51,0.9,Devang Shah,9.42,4.67,6.94,100,100,0,0,0,0,0,0,0,95.16,0,0,4.84,,0.53,24.44,0,0,50.7,0,24.34,1.39,34.7,0.3,149.79,83.62
Axis ELSS Tax Saver Fund (G),Axis Mutual Fund,32592,29-12-2009,-0.27,-4.52,-2.49,-6.59,-2.45,9.24,-2.35,-3.77,8.74,4.16,10.21,10.85,14.6,,,14.17,1,Equity: ELSS,92.6537,0.59,0.91,12.55,14.52,0.47,0.62,Ashish Naik,0,0,0,500,500,68.27,22.27,7.62,4.32,29.09,0,98.16,1.84,0,0,0,,1.33,0,0,0,0,0,1.84,11.32,45.37,-0.1,91.47,93.25
Axis Equity Savings Fund Reg (G),Axis Mutual Fund,889,14-08-2015,0.04,-1.47,-0.61,-1.98,0,5.11,3.12,2.15,7.66,6.21,8.15,8.04,,,,7.66,2,Hybrid: Equity Savings,22.83,0,0,8.59,5.67,0.51,0.64,Devang Shah,3.78,3,7.2,100,100,29.1,4.58,4.81,2.9,24.42,"For units in excess of 10% of the investment, 1% will be charged for redemption within 30 days",38.49,59.36,0,0,2.15,,1.94,19.84,10.76,10.67,1.91,6.22,9.27,4.42,37.4,0.48,-44.25,83.25
Axis ESG Integration Strategy Fund Reg (G),Axis Mutual Fund,1083,12-02-2020,-0.5,-3.49,-1.68,-6.3,-4.18,5.34,-5.05,-6.79,7.01,3.83,,,,,,10.85,0,Equity: Thematic,19.93,-0.67,0.9,9.91,13.42,0.31,0.4,Vishal Agarwal,0,0,0,0,100,56.64,17.09,15.52,3.56,27.25,"For units in excess of 10% of the investment, 1% will be charged for redemption within 365 days",89.25,10.75,0,0,0,,1.9,0,0,0,0,0,10.75,10.14,43.43,-0.45,76.01,89.37
Axis Flexi cap Fund (G),Axis Mutual Fund,13478,20-11-2017,-0.15,-4.04,-1.27,-5.34,-0.29,16.51,3.41,-0.26,12.05,7.24,11.92,,,,,12,2,Equity: Flexi Cap,27.31,2.44,0.97,14.81,15.49,0.59,0.71,Sachin Relekar,0,0,0,100,100,53.5,19.26,18.27,4.66,32.15,0,91.03,8.97,0,0,0,,1.46,0,0,0,0,0,8.97,12.25,40.21,0.37,94.27,92.72
Axis Floating Interest Rates Fund Reg (G),Axis Mutual Fund,149,29-07-2021,0.01,-0.25,0.07,0.06,0.67,4.73,6.67,6.67,7.92,6.79,,,,,,6.72,1,Debt: Floater,1400.3086,0,0,7.79,2.62,0.8,1.33,Aditya Pagaria,9.53,4.85,7.87,0,0,0,0,0,0,0,0,0,93.47,0,0,6.53,,0.43,32.95,0,20.92,36.75,0,8.45,1.53,37.79,0.85,134.66,86.62
Axis Focused Fund Reg (G),Axis Mutual Fund,11315,29-06-2012,-0.73,-5.74,-3.07,-7.59,-1.08,13.1,-1.98,-3.72,7.99,2.33,8.84,10.37,,,,12.37,1,Equity: Focused,53.09,0.05,0.91,12.05,14.97,0.42,0.6,Sachin Relekar,0,0,0,1000,100,78.56,13.3,3.06,5.02,31.27,"For units in excess of 10% of the investment, 1% will be charged for redemption within 365 days",94.91,5.09,0,0,0,,1.48,0,0,0,0,0,5.09,11.57,43.49,-0.17,89.54,92.97
Axis Gilt Fund (G),Axis Mutual Fund,341,23-01-2012,-0.03,-0.51,0.01,-0.36,-1.13,3.68,3.66,4.31,6.66,5.41,6.22,6.34,,,,6.84,4,Debt: Gilt Fund,26.5106,0,0,6.72,3.71,0.28,0.41,Devang Shah,22.6,9.31,7.25,100,100,0,0,0,0,0,0,0,100,0,0,0,,0.71,96.81,0,0,0,0,3.19,2.3,41.67,0.08,109.62,96.82
Axis Global Equity Alpha FoF Reg (G),Axis Mutual Fund,2420,24-09-2020,0,-0.04,1.15,-1.71,6.01,18.55,18.89,22.3,23.78,14.59,,,,,,16.64,0,Equity: Global,25.2459,0,0,21.89,13.57,1.19,1.88,Krishnaa Narayan,0,0,0,1000,100,0,0,0,0,0,"For units in excess of 10% of the investment, 1% will be charged for redemption within 365 days",0,1.41,0,98.59,0,,1.35,0,0,0,0,0,100,12.71,41.8,0.64,16.03,52.18
Axis Global Innovation FoF Reg (G),Axis Mutual Fund,884,28-05-2021,0,-0.76,3.17,0.77,7.36,29.64,24.76,23.28,26.55,13.52,,,,,,13.37,0,Equity: Global,19.55,0,0,23.64,18.55,0.97,1.68,Krishnaa Narayan,0,0,0,1000,100,0,0,0,0,0,"For units in excess of 10% of the investment, 1% will be charged for redemption within 365 days",0,1.66,0,98.34,0,,1.35,0,0,0,0,0,100,16.25,40.67,0.57,34.88,59.15
Axis Gold and Silver Passive FoF (G),Axis Mutual Fund,525,29-12-2025,0.58,-3.55,-1.89,-5.01,2.06,-0.74,,,,,,,,,,5.44,0,Commodity: Gold & Silver,10.5436,0,0,0,0,0,0,Aditya Pagaria,0,0,0,0,0,0,0,0,0,0,0.25% for redemption within 15 days,0,0,59.09,0,40.91,,0.49,0,0,0,0,0,40.91,,,,,
Axis Gold Fund (G),Axis Mutual Fund,2887,20-10-2011,0.91,-2.56,-1.52,-4.19,4.75,0.49,26.02,37.41,34.33,24.58,20.21,15.17,10.11,,,10.11,4,Commodity: Gold,42.4558,2.07,0.85,32.05,17.69,1.49,2.16,Aditya Pagaria,0,0,0,100,100,0,0,0,0,0,1% for redemption within 15 days,0,0.01,99.99,0,0,,0.46,0,0,0,0,0,0.01,20.78,45.23,-0.38,70.56,82.44
Axis Greater China Equity FoF Reg (G),Axis Mutual Fund,3837,10-02-2021,0,-1.73,1.53,-1.65,5.48,14.37,17.98,23.37,21.64,7.18,,,,,,3.21,0,Equity: Global,11.94,0,0,21.13,20.34,0.76,1.46,Krishnaa Narayan,0,0,0,1000,100,0,0,0,0,0,"For units in excess of 10% of the investment, 1% will be charged for redemption within 365 days",0,0.95,0,99.05,0,,1.35,0,0,0,0,0,100,18.81,44.76,-0.17,30.81,60.28
Axis Income Plus Arbitrage Active FOF (G),Axis Mutual Fund,2206,28-01-2020,0,-0.22,-0.01,0.11,0.66,2.87,5.25,6.08,7.42,6.22,,,,,,6.61,0,Hybrid: Fof Domestic Income Plus Arbitrage,15.3816,0,0,7.22,1.89,0.81,1.52,Anagha Darade,0,0,0,0,100,0,0,0,0,0,0,0,100,0,0,0,,0.45,0,0,0,0,97.57,2.49,1.21,33.61,0.36,158.35,80.44
Axis Income Plus Arbitrage Passive FoF (G),Axis Mutual Fund,109,12-11-2025,0,-0.11,0.09,0.31,1.37,3.13,,,,,,,,,,5.16,0,Hybrid: Fof Domestic Income Plus Arbitrage,10.5162,0,0,0,0,0,0,Aditya Pagaria,0,0,0,0,0,0,0,0,0,0,0,0,100,0,0,0,,0.35,0,0,0,0,97.57,2.49,,,,,
Axis Income Plus Arbitrage Passive FoF IDCW,Axis Mutual Fund,109,12-11-2025,0,-0.11,0.09,0.31,1.37,3.09,,,,,,,,,,5.12,0,Hybrid: Fof Domestic Income Plus Arbitrage,10.5124,0,0,0,0,0,0,Aditya Pagaria,0,0,0,0,0,0,0,0,0,0,0,0,100,0,0,0,,0.35,0,0,0,0,97.57,2.49,,,,,
Axis India Manufacturing Fund Reg (G),Axis Mutual Fund,5494,21-12-2023,-0.06,-2.76,0.89,-4.35,4.21,20.55,13.47,3.21,,,,,,,,18.01,0,Equity: Thematic,15.84,0,0,0,0,0,0,Nitin Arora,0,0,0,100,100,52.58,21.35,24.84,5.67,37.49,"For units in excess of 10% of the investment, 1% will be charged for redemption within 90 days",98.77,1.23,0,0,0,,1.58,0,0,0,0,0,1.23,0,0,,0,0
Axis Innovation Fund Reg (G),Axis Mutual Fund,1257,24-12-2020,0,-3.56,-0.09,-2.33,9.86,28.62,14.69,5.5,17.23,10.44,,,,,,14.09,0,Equity: Thematic,21.39,6.03,0.82,17.41,14.66,0.8,1.26,Ashish Naik,0,0,0,1000,100,22.5,33.82,41.51,7.15,23.32,"For units in excess of 20% of the investment, 1% will be charged for redemption within 12 months",84.88,2.17,0,12.95,0,,1.83,0.23,0,0,0,0,1.14,11.37,41.07,0.55,77.72,82.64
Axis Large & Mid Cap Fund Reg (G),Axis Mutual Fund,16802,22-10-2018,0,-3.72,-1.26,-5.45,-1.58,14.22,4.08,0.12,13.1,10.24,17.02,,,,,16.38,3,Equity: Large & Mid Cap,33.66,4.05,0.9,15.57,14.15,0.7,0.81,Hitesh Das,0,0,0,0,100,49.87,38.55,8.52,4.42,32.9,0,90.78,3.06,0,6.16,0,,1.43,0.17,0,0,0,0,2.89,11.45,42.95,0.2,87.34,88.51
Axis Large Cap Fund (G),Axis Mutual Fund,31632,05-01-2010,-0.33,-3.65,-1.91,-6.35,-3.24,6.1,-4.61,-4.75,7.03,4.03,9.05,10.87,12.44,,,10.85,1,Equity: Large Cap,57.07,-0.16,0.91,10.48,13.43,0.36,0.43,Jayesh Sundar,0,0,0,100,100,91.94,3.87,0.16,4.09,28.15,0,95.97,4.03,0,0,0,,1.33,0,0,0,0,1.16,2.87,10.76,45.37,0.16,90.26,94.6
Axis Liquid Fund (G),Axis Mutual Fund,63343,09-10-2009,0.02,0.08,0.22,0.48,1.54,3.42,6.45,6.66,6.89,6.33,5.67,6.08,7.02,,,6.96,5,Debt: Liquid,3139.585,0,0,6.72,0.21,4.87,9.91,Aditya Pagaria,0.12,0.12,6.37,500,1000,0,0,0,0,0,Exit load of 0.0070% if redeemed within 1 day. 0.0065% if redeemed within 2 days. 0.0060% if redeemed within 3 days. 0.0055% if redeemed within 4 days. 0.0050% if redeemed within 5 days. 0.0045% if redeemed within 6 days.,0,99.8,0,0,0.2,,0.19,11.42,0,0,79.69,0,8.69,0,0,3.71,0,0
Axis Long Term Fund Reg (G),Axis Mutual Fund,168,27-12-2022,0.06,-0.75,0.42,-0.46,-2.16,3.93,1.54,1.87,5.39,,,,,,,5.76,2,Debt: Long Duration,1236.3419,0,0,5.52,5.32,-0.03,-0.05,Devang Shah,0,11.7,7.57,1000,1000,0,0,0,0,0,0,0,99.04,0,0,0.96,,0.66,86.81,0,0,0,0,12.23,3.47,43.25,-0.34,90.36,105.51
Axis Medium Term Fund (G),Axis Mutual Fund,2112,28-03-2012,0.08,-0.18,0.08,0.05,0.61,3.51,5.82,7.03,7.62,6.57,7.16,7.08,,,,7.86,1,Debt: Medium Duration,30.1162,0,0,7.47,1.53,1.16,1.87,Akhil Bipin Thakker,4.67,3.39,8.18,100,100,0,0.27,0,0,0,0,0.27,96.21,0,0,3.52,,1.13,22.52,20.03,43.93,7.23,0,5.72,0.78,28.55,0.02,164.73,77.92
Axis Mid cap Fund (G),Axis Mutual Fund,34404,18-02-2011,-0.12,-4.53,-1.84,-5.71,-1.79,14.05,4.92,0.13,14.16,11.22,17.5,15.86,17.91,,,16.99,2,Equity: Mid Cap,117.05,0.92,0.86,16.73,16.15,0.68,0.87,Nitin Arora,0,0,0,100,500,18.82,67.58,6.4,5.71,43.03,"For units in excess of 10% of the investment, 1% will be charged for redemption within 3 months",92.8,7.2,0,0,0,,1.31,0,0,0,0,0.88,6.32,12.87,43.09,0.01,90.02,88.82
Axis Momentum Fund Reg (G),Axis Mutual Fund,944,12-12-2024,-0.7,-4.46,-1.38,-5.41,-2.06,6.6,-3.28,,,,,,,,,-8.28,0,Equity: Thematic,8.56,0,0,0,0,0,0,Nandik Mallik,0,0,0,100,1000,31.72,31.18,37.1,4.45,30.2,"For units in excess of 10% of the investment, 1% will be charged for redemption within 12 months",100,0,0,0,0,,1.95,0,0,0,0,0,0,0,0,,0,0
Axis Money Market Fund (G),Axis Mutual Fund,21405,06-08-2019,0.04,0.08,0.24,0.5,1.6,3.57,6.42,7.08,7.27,6.61,6.26,,,,,6.29,5,Debt: Money Market,1549.6884,0,0,7.06,0.53,2.59,3.88,Aditya Pagaria,0.5,0.5,6.94,0,100,0,0,0,0,0,0,0,99.71,0,0,0.29,,0.29,12.32,0,0,88.55,0,-1.16,0.13,5.87,2.17,95.92,100
Axis Multi Asset Allocation Fund Reg (G),Axis Mutual Fund,2499,23-08-2010,0.04,-2.91,-1.3,-4.29,-0.46,6,5.91,5.05,12.05,7.4,11.38,10.07,9.84,,,9.51,1,Hybrid: Multi Asset,43.7976,0,0,13.63,9.73,0.82,0.88,Aditya Pagaria,4.44,2.64,7.01,100,100,40.22,13.73,10.39,3.56,25.51,"For units in excess of 10% of the investment, 1% will be charged for redemption within 365 days",64.33,19.18,12.27,0,4.22,,1.57,2.58,4.5,2.55,2.71,0.84,9.85,9.43,42.95,1.11,51.28,74.41
Axis Multi Cap Fund Reg (G),Axis Mutual Fund,10973,17-12-2021,-0.16,-3.81,-0.62,-4.67,3.18,20.11,8.43,1.82,17.39,,,,,,,14.56,5,Equity: Multi Cap,19.17,8.25,0.91,19.54,15.88,0.87,1.05,Hitesh Das,0,0,0,1000,100,40.39,26.66,31.46,4.28,32.76,"For units in excess of 10% of the investment, 1% will be charged for redemption within 365 days",98.51,1.49,0,0,0,,1.48,0,0,0,0,0,1.49,12.91,40.35,1.09,105.1,92.82
Axis Multi Factor Passive FoF Reg (G),Axis Mutual Fund,36,24-02-2022,-0.36,-3.17,-1.98,-5.49,-4.08,4.33,-1.8,-6.75,6.99,,,,,,,8.67,0,Equity: Flexi Cap,14.6607,-1.91,0.96,10.4,14.88,0.32,0.39,Nandik Mallik,0,0,0,1000,100,71.41,20.31,3.93,0,0,1% for redemption within 15 days,95.65,4.35,0,0,0,,0.55,0,0,0,0,0,4.35,10.74,44.5,-0.84,80.71,90.82
Axis Multi-Asset Omni FoF (G),Axis Mutual Fund,1362,11-12-2025,0,-2.8,-1.14,-4.03,0.28,9.11,,,,,,,,,,5,0,Hybrid: Multi Asset,10.5,0,0,0,0,0,0,Aditya Pagaria,0,0,0,0,0,0,0,58.51,0,0,"For units in excess of 10% of the investment, 1% will be charged for redemption within 12 months",58.51,26.21,13.02,0,2.26,,1.12,0,0,0,0,24.04,4.43,,,,,
Axis NASDAQ 100 US Specific Equity Passive FOF Reg (G),Axis Mutual Fund,210,01-11-2022,0,-0.19,4.71,2.53,2.05,31.62,32.55,30.84,32.28,,,,,,,32.86,0,Equity: Global,30.3933,0,0,27.72,18.88,1.17,2.2,Krishnaa Narayan,0,0,0,100,100,0,0,0,0,0,1% for redemption within 7 days,0,0.55,0,99.45,0,,0.54,0,0,0,0,0,100,15.41,41.95,0.42,5.89,42.87
Axis Nifty 100 Index Fund (G),Axis Mutual Fund,2099,18-10-2019,-0.27,-3.58,-1.93,-5.99,-4.66,4.03,-6.08,-5.87,6.79,6.04,10.54,,,,,10.54,3,Equity: Index,20.1971,-0.83,1,10.31,14.39,0.32,0.41,Nandik Mallik,0,0,0,0,100,96.42,3.55,0,3.22,20.55,0,99.97,0.03,0,0,0,,0.79,0,0,0,0,0,0.03,11.78,45.98,-11.52,103.36,100.58
Axis Nifty 50 Index Fund Reg (G),Axis Mutual Fund,1026,03-12-2021,-0.42,-3.53,-2.17,-6.07,-5.02,1.86,-7.5,-5.69,5.55,,,,,,,6.53,2,Equity: Index,13.5741,-1.74,0.94,9.06,13.54,0.25,0.32,Nandik Mallik,0,0,0,1000,100,98.63,1.34,0,3.16,20.66,0,99.97,0.03,0,0,0,,0.36,0,0,0,0,0,0.03,11.18,48.39,-5.02,99.35,99.89
Axis Nifty 500 Index Fund Reg (G),Axis Mutual Fund,322,12-07-2024,-0.15,-3.79,-1.85,-5.94,-4,7.59,-3.23,-4.7,,,,,,,,-2.22,0,Equity: Index,9.5137,0,0,0,0,0,0,Nandik Mallik,0,0,0,1000,1000,67.64,21.19,11.16,3.4,22.57,0.25% for redemption within 15 days,99.99,0.01,0,0,0,,0.9,0,0,0,0,0,0.01,0,0,,0,0
Axis Nifty AAA Bond Plus SDL Apr 2026 50:50 E T F FOF Reg (G),Axis Mutual Fund,0,01-01-1900,0,0,0.07,0.77,1.88,2.72,5.86,6.82,6.8,0,,,,,,5.66,0,Debt: Medium to Long Duration,12.8252,0,0,6.75,1.34,0.6,0.81,,0,0,0,0,0,0,0,0,0,0,,0,100,0,0,0,,0.19,0,0,0,0,124.56,-24.56,2.37,46.3,-0.59,171.43,71.75
Axis Nifty Bank Index Fund Reg (G),Axis Mutual Fund,183,24-05-2024,0.68,-3.39,-2.11,-5.92,-5.13,8.78,-0.44,1.27,,,,,,,,4.45,0,Equity: Index,11.0802,0,0,0,0,0,0,Nandik Mallik,0,0,0,1000,1000,74.5,25.4,0,1.71,13.23,0.25% for redemption within 7 days,99.9,0.1,0,0,0,,0.89,0,0,0,0,0,0.1,0,0,,0,0
Axis Nifty Capital Markets Index Fund (G),Axis Mutual Fund,105,20-05-2026,0.02,-5.1,-3.15,-7.24,-6.55,,,,,,,,,,,-9.23,0,Equity: Index,9.0765,0,0,0,0,0,0,Nandik Mallik,0,0,0,0,0,35.65,35.01,29.35,8.81,38.76,0.25% for redemption within 15 days,100,0,0,0,0,,0.9,0,0,0,0,0,0,,,,,
Axis Nifty Energy Index Fund (G),Axis Mutual Fund,,,0.34,-2.99,-1.42,0,,,,,,,,,,,,-3.56,,Equity: Index,9.6318,,,,,,,,,,,0,0,,,,,,,100,0,0,0,0,,,,,,,,,,,,,
Axis Nifty India Defence Index Fund (G),Axis Mutual Fund,305,29-04-2026,1.44,-1.95,1.45,-4.58,-2.64,,,,,,,,,,,2.55,0,Equity: Index,10.2552,0,0,0,0,0,0,Nandik Mallik,0,0,0,0,0,53.1,24.63,22.27,10.32,50.9,0.25% for redemption within 15 days,100,0,0,0,0,,0.9,0,0,0,0,0,0,,,,,
Axis Nifty IT Index Fund Reg (G),Axis Mutual Fund,133,14-07-2023,0.12,-2.21,-6.29,-11.25,5.31,-4.38,-16.79,-17.86,-3.48,,,,,,,-1.48,0,Equity: Index,9.5304,1.41,1.03,4.12,24.8,-0.06,-0.09,Nandik Mallik,0,0,0,1000,100,80.47,19.53,0,5.41,18.91,0.25% for redemption within 7 days,100,0,0,0,0,,0.9,0,0,0,0,0,0,18.55,51.74,-7.27,93.84,104.08
Axis Nifty Midcap 50 Index Fund Reg (G),Axis Mutual Fund,736,28-03-2022,-0.02,-5.29,-3.03,-7.96,-3.26,13.37,6.25,-0.09,12.92,,,,,,,16.67,3,Equity: Index,20.0386,-0.03,1.01,17.87,18.37,0.66,0.89,Nandik Mallik,0,0,0,500,100,12.65,87.35,0,4.07,36.23,0.25% for redemption within 7 days,100,0,0,0,0,,0.89,0,0,0,0,0,0,15.8,44.1,-2.84,124.08,103.09
Axis Nifty Next 50 Index Fund Reg (G),Axis Mutual Fund,535,28-01-2022,0.4,-3.8,-0.82,-5.53,-2.61,15.41,2.62,-4.98,15.35,,,,,,,11.7,4,Equity: Index,16.7755,5.74,1.28,18.69,19.93,0.65,0.84,Nandik Mallik,0,0,0,500,100,86.75,13.11,0,3.37,20.28,0,99.86,0.14,0,0,0,,0.89,0,0,0,0,0,0.14,16.41,41.56,-5.93,125.75,103.26
Axis Nifty SDL Sep 2026 Debt Index Fund Reg (G),Axis Mutual Fund,66,22-11-2022,0.03,0.11,0.21,0.43,1.31,2.84,5.64,6.61,7.12,,,,,,,7.05,0,Debt: Medium to Long Duration,13.0089,0,0,6.91,0.68,1.79,3.21,Aditya Pagaria,0.09,0.08,5.42,1000,1000,0,0,0,0,0,0,0,100,0,0,0,,0.27,97.12,0,0,0,0,2.88,0.26,15.42,-0.28,196.38,69.24
Axis Nifty Smallcap 50 Index Fund Reg (G),Axis Mutual Fund,730,10-03-2022,-0.18,-4,-1.16,-3.43,2.92,28.47,13.81,1.5,16.68,,,,,,,16.31,4,Equity: Index,19.7805,5.14,1.01,20.66,22.38,0.67,1.09,Nandik Mallik,0,0,0,500,100,0,15.9,84.1,3.44,35.88,0,100,0,0,0,0,,0.9,0,0,0,0,0,0,18.21,43.7,-0.72,129.55,103.14
Axis Nifty50 Equal Weight Index Fund (G),Axis Mutual Fund,105,23-07-2026,-0.76,-3.83,-2.08,-6.32,,,,,,,,,,,,-5.28,0,Equity: Index,9.4721,0,0,0,0,0,0,Nandik Mallik,0,0,0,0,0,95.84,3.6,0,3.16,20.66,0.25% for redemption within 15 days,99.44,0.56,0,0,0,,0.9,0,0,0,0,0,0.56,,,,,
Axis Nifty500 Momentum 50 Index Fund Reg (G),Axis Mutual Fund,166,13-02-2025,-0.08,-3.44,-0.35,-5.57,-1.95,14.52,3.61,,,,,,,,,4.46,0,Equity: Index,10.7624,0,0,0,0,0,0,Nandik Mallik,0,0,0,1000,1000,43.68,35.82,20.4,5.57,26.66,0.25% for redemption within 15 days,99.9,0.1,0,0,0,,0.9,0,0,0,0,0,0.1,0,0,,0,0
Axis Nifty500 Quality 50 Index Fund (G),Axis Mutual Fund,83,10-09-2025,0.22,-3.5,-3.34,-8.05,-5.68,9.47,-2.31,,,,,,,,,-5.34,0,Equity: Index,9.409,0,0,0,0,0,0,Nandik Mallik,0,0,0,100,100,42.18,32.25,25.57,7.15,22.61,0.25% for redemption within 15 days,100,0,0,0,0,,0.9,0,0,0,0,0,0,0,0,,0,0
Axis Nifty500 Value 50 Index Fund Reg (G),Axis Mutual Fund,232,24-10-2024,-0.02,-3.68,-1.79,-4.78,-5.31,1.98,5.61,,,,,,,,,3.69,0,Equity: Value,10.7259,0,0,0,0,0,0,Nandik Mallik,0,0,0,100,1000,64.77,20.79,14.06,1.36,8.8,0.25% for redemption within 15 days,99.61,0.39,0,0,0,,0.9,0,0,0,0,0,0.39,0,0,,0,0
Axis Overnight Fund (G),Axis Mutual Fund,11325,15-03-2019,0.01,0.1,0.21,0.4,1.27,2.58,5.25,5.68,6.04,5.71,5.06,,,,,5.09,5,Debt: Overnight,1456.8088,0,0,5.93,0.2,1.21,2.45,Hardik Satra,0.01,0.01,5.32,0,0,0,0,0,0,0,0,0,100,0,0,0,,0.09,4,0,0,0,0,96,0,0,-0.17,0,0
Axis Quant Fund Reg (G),Axis Mutual Fund,853,01-07-2021,0.53,-3.58,-2.2,-6.21,-4.73,8.02,-1.69,-7.51,6.3,6.72,,,,,,8.15,0,Equity: Thematic,15.09,-2.54,1.02,10.17,16.28,0.27,0.33,Nandik Mallik,0,0,0,1000,100,61.3,8.61,0,2.51,13.85,"For units in excess of 10% of the investment, 1% will be charged for redemption within 3 months",69.91,30.09,0,0,0,,1.99,23.77,0,0,0,0,1.86,12.86,41.56,-0.48,93.43,96.93
Axis Retirement Fund Aggressive Plan (G),Axis Mutual Fund,709,20-12-2019,-0.06,-2.8,-1.34,-4.79,-2.43,6.63,-2.59,-3.68,8.71,4.93,,,,,,8.7,2,Solution: Retirement Equity,17.7,0,0,11.38,12.14,0.47,0.6,Devang Shah,10.3,5.79,6.96,0,100,53.66,10.96,9.47,3.57,26.09,0,74.09,25.29,0,0,0.62,,2.04,18.59,0.97,1.41,0,0,4.94,9.42,41.42,0.72,82.88,91.27
Axis Retirement Fund Conservative Plan (G),Axis Mutual Fund,47,20-12-2019,-0.27,-1.9,-0.96,-2.82,-2.65,1.39,-1.89,-1.4,5.57,4.27,,,,,,6.62,1,Solution: Retirement Debt,15.4992,0,0,7.15,6.82,0.21,0.27,Devang Shah,16.3,8.31,7.06,0,100,33.12,3.01,0.43,3.13,20.37,0,36.56,61.55,0,0,1.89,,1.83,59.63,0,0,0,0,3.81,4.54,43.38,0.13,25.11,116.6
Axis Retirement Fund Dynamic Plan (G),Axis Mutual Fund,285,20-12-2019,-0.16,-2.98,-1,-4.64,-2.07,8.63,-2.43,-4.08,9.63,6.01,,,,,,9.74,2,Solution: Retirement Hybrid,18.89,0,0,12.22,13.41,0.49,0.59,Devang Shah,13.9,6.06,6.5,0,100,53.41,13.82,12.67,3.72,26.9,0,79.9,20.1,0,0,0,,2.1,10.45,0,0,0,0,9.65,10.29,41.02,0.48,75.66,86.73
Axis Services Opportunities Fund (G),Axis Mutual Fund,1603,24-07-2025,-0.97,-7.35,-4.47,-8,-5.45,10.31,-6.03,,,,,,,,,-6.5,0,Equity: Thematic,9.2,0,0,0,0,0,0,Sachin Relekar,0,0,0,100,100,53.48,28.79,15.26,5.21,36.79,"For units in excess of 10% of the investment, 1% will be charged for redemption within 12 months",97.53,2.47,0,0,0,,1.82,0,0,0,0,0,2.47,0,0,,0,0
Axis Short Term Fund (G),Axis Mutual Fund,7501,22-01-2010,0.06,-0.12,0.07,0.22,0.61,3.15,5.15,6.73,7.14,6.14,6.56,6.79,7.52,,,7.42,5,Debt: Short Duration,33.0566,0,0,6.98,1.32,0.98,1.59,Aditya Pagaria,3.62,2.68,7.51,1000,100,0,0,0,0,0,0,0,99.52,0,0,0.48,,0.77,8.71,0,15.93,68.79,0,6.09,0.58,24.04,0.8,96.26,100
Axis Silver FoF Reg (G),Axis Mutual Fund,1151,21-09-2022,0.12,-4.91,-2.33,-6.11,-1.59,-2.62,52.2,52.73,42.86,,,,,,,39.7,0,Commodity: Silver,36.8631,1.93,0.84,43.22,37.43,1,2.04,Aditya Pagaria,0,0,0,1000,100,0,0,0,0,0,0.25% for redemption within 7 days,0,-0.02,0,0,100.02,,0.54,0,0,0,0,0,100,36.39,46.92,-0.4,74.12,78.95
Axis Small Cap Fund Reg (G),Axis Mutual Fund,30089,29-11-2013,0.24,-2.99,-0.25,-3.13,2.31,23.17,9.86,2.16,13.92,14.43,20.89,17.81,,,,20.9,3,Equity: Small Cap,114.5,1.87,0.76,15.81,16.79,0.6,0.84,Mayank Hyanki,0,0,0,100,100,6.5,10.41,75.49,3.86,31.33,"For units in excess of 10% of the investment, 1% will be charged for redemption within 365 days",92.4,7.6,0,0,0,,1.34,0.42,0,0,0,0,6.42,13.05,43.03,-0.24,79.93,85.53
Axis Ultra Short Term Fund Reg (G),Axis Mutual Fund,6074,10-09-2018,0.04,0.06,0.21,0.47,1.45,3.21,5.87,6.37,6.55,5.89,5.54,,,,,5.85,2,Debt: Ultra Short Duration,15.8261,0,0,6.37,0.42,1.63,2.27,Hardik Shah,0.48,0.46,7.1,0,100,0,0,0,0,0,0,0,98.2,1.5,0,0.3,,1.06,8.44,1.96,17.66,65.74,0,4.4,0.1,5.05,1.04,98.42,100
Axis Ultra Short to Short Term Fund (G),Axis Mutual Fund,4558,09-10-2009,0.04,0.04,0.19,0.45,1.3,3.25,5.94,6.87,7.06,6.34,6.26,6.63,7.42,,,7.34,5,Debt: Low Duration,3334.2974,0,0,6.87,0.63,1.87,2.73,Aditya Pagaria,1.04,0.96,7.24,1000,100,0,0,0,0,0,0,0,97.64,1.97,0,0.39,,0.6,12.84,0,15.65,65.14,0,4.01,0.2,7.92,1.51,96.66,100
Axis US Specific Treasury Dynamic Debt Passive E T F FoF Reg (G),Axis Mutual Fund,39,22-12-2023,0,-0.86,-1.57,-3.12,-3.33,-2.89,3.9,6.08,,,,,,,,6.31,0,Debt: Medium to Long Duration,11.8496,0,0,0,0,0,0,Krishnaa Narayan,0,0,0,100,100,0,0,0,0,0,0.25% for redemption within 1 month,0,100,0,0,0,,0.13,0,0,0,0,98.67,1.33,0,0,,0,0
Axis Value Fund Reg (G),Axis Mutual Fund,1767,22-09-2021,-0.15,-3.62,-1.22,-5.46,0.83,13.11,5.55,0.57,15.34,13.97,,,,,,14.11,4,Equity: Value,19.41,4.75,0.96,18.02,14.97,0.82,1,Nitin Arora,0,0,0,0,0,59.7,16.64,20.28,3.47,25.68,"For units in excess of 20% of the investment, 1% will be charged for redemption within 12 months",96.62,3.38,0,0,0,,1.77,0,0,0,0,0,3.38,12.44,40.08,1.35,102.04,92.75
Bajaj Finserv Arbitrage Fund Reg (G),Bajaj Finserv Mutual Fund,1193,15-09-2023,0.33,0.12,0.34,0.6,1.46,2.79,5.95,6.02,6.26,,,,,,,6.27,2,Hybrid: Arbitrage,12.037,0,0,0,0,0,0,Ilesh Savla,0.25,0.25,6.31,500,500,0,0,0,2.35,17.44,0.25% for redemption within 15 days,0,100,0,0,0,,0.91,0,0,0,2.1,23.31,8.23,0,0,,0,0
Bajaj Finserv Balanced Advantage Fund Reg (G),Bajaj Finserv Mutual Fund,1276,15-12-2023,-0.21,-2.84,-1.09,-4.34,-0.71,7.47,1.75,-1.26,,,,,,,,4.61,0,Hybrid: Balanced Advantage,11.341,0,0,0,0,0,0,Nimesh Chandan,3.81,1.87,6.72,500,500,70.65,10.25,5.45,3.42,25.26,"For units in excess of 8% of the investment, 1% will be charged for redemption within 3 months",86.35,13.65,0,0,0,,1.82,0.55,0,0,0.96,8.48,3.46,0,0,,0,0
Bajaj Finserv Banking And Financial Services Fund Reg (G),Bajaj Finserv Mutual Fund,499,01-12-2025,0.09,-4.22,-2.56,-6.57,-6.46,7.83,,,,,,,,,,-6.75,0,Equity: Sectoral,9.325,0,0,0,0,0,0,Sayan Das Sharma,0,0,0,0,0,60.16,10.89,26.41,2.29,18.33,1% for redemption within 3 months,97.46,2.54,0,0,0,,2.09,0,0,0,0,0.77,1.09,,,,,
Bajaj Finserv Banking and PSU Debt Fund Reg (G),Bajaj Finserv Mutual Fund,368,13-11-2023,0.05,-0.04,0.1,0.22,0.48,2.86,4.25,5.83,,,,,,,,6.63,2,Debt: Banking and PSU,12.0488,0,0,0,0,0,0,Nimesh Chandan,2.38,2.13,7.08,500,500,0,0,0,0,0,0,0,99.71,0,0,0.29,,0.75,2.21,0,0,79.9,0,17.6,0,0,,0,0
Bajaj Finserv Consumption Fund Reg (G),Bajaj Finserv Mutual Fund,611,29-11-2024,-0.07,-3.86,-1.61,-5.24,-1.21,13,-7,,,,,,,,,-5.77,0,Equity: Thematic,8.935,0,0,0,0,0,0,Sayan Das Sharma,0,0,0,500,500,45.69,8.78,43.67,5.76,46.55,1% for redemption within 3 months,98.14,1.86,0,0,0,,2.06,0,0,0,0,0.8,0.43,0,0,,0,0
Bajaj Finserv ELSS Tax Saver Fund Reg (G),Bajaj Finserv Mutual Fund,92,29-01-2025,0.04,-3.27,-1.31,-5.57,-3.63,11.69,1.64,,,,,,,,,6.4,0,Equity: ELSS,11.113,0,0,0,0,0,0,Nimesh Chandan,0,0,0,500,500,38.57,11.66,41.35,3.26,27.69,0,91.58,8.42,0,0,0,,2.1,0,0,0,0,0,8.42,0,0,,0,0
Bajaj Finserv Equity Savings Fund (G),Bajaj Finserv Mutual Fund,40,19-08-2025,0.14,-0.65,-0.04,-0.5,0.31,2.78,3.86,,,,,,,,,3.38,0,Hybrid: Equity Savings,10.398,0,0,0,0,0,0,Sorbh Gupta,0.39,0.39,6.37,500,500,18.58,3.8,2.83,2.98,20.05,0.25% for redemption within 7 days,25.21,73.89,0,0,0.9,,1.28,0,0,0,0,57.53,14.55,0,0,,0,0
Bajaj Finserv Flexi Cap Fund Reg (G),Bajaj Finserv Mutual Fund,8655,14-08-2023,-0.05,-2.9,-1.18,-5.53,-1.7,14.39,4.26,0.73,14.27,,,,,,,13.97,4,Equity: Flexi Cap,15.062,0,0.94,16.64,15.1,0.72,0.92,Nimesh Chandan,0,0,0,500,500,41.14,24.59,31.49,4.37,31.47,"For units in excess of 10% of the investment, 1% will be charged for redemption within 180 days",97.22,2.78,0,0,0,,1.52,0,0,0,0,0.37,2.4,11.64,40.79,1.03,87.38,87.81
Bajaj Finserv GILT Fund Reg (G),Bajaj Finserv Mutual Fund,28,15-01-2025,-0.04,-0.13,-0.1,-0.11,-0.74,3.86,3.12,,,,,,,,,3.4,3,Debt: Gilt Fund,1060.2417,0,0,0,0,0,0,Nimesh Chandan,17.07,8.39,6.99,500,500,0,0,0,0,0,0,0,100,0,0,0,,1.09,87.59,0,0,0,0,12.41,0,0,,0,0
Bajaj Finserv Healthcare Fund Reg (G),Bajaj Finserv Mutual Fund,406,27-12-2024,-1.7,-4.3,-2.44,-4.9,5.47,26.23,21.11,,,,,,,,,7.75,0,Equity: Sectoral,11.452,0,0,0,0,0,0,Siddharth Chaudhary,0,0,0,500,500,31.18,25.53,39.26,6.35,51.44,1% for redemption within 3 months,95.97,4.03,0,0,0,,2.09,0,0,0,0,1.3,2.73,0,0,,0,0
Bajaj Finserv Large and Mid cap Fund Reg (G),Bajaj Finserv Mutual Fund,2463,27-02-2024,-0.17,-3.35,-0.97,-5.72,-3.2,8.75,-0.24,-3.22,,,,,,,,6.64,0,Equity: Large & Mid Cap,11.812,0,0,0,0,0,0,Nimesh Chandan,0,0,0,500,500,40.58,38.79,17.79,3.86,28.03,"For units in excess of 10% of the investment, 1% will be charged for redemption within 6 months",97.16,2.84,0,0,0,,1.71,0,0,0,0,0,1.58,0,0,,0,0
Bajaj Finserv Large Cap Fund Reg (G),Bajaj Finserv Mutual Fund,1663,20-08-2024,-0.65,-3.45,-1.23,-5.99,-2.3,5.3,-1.53,-3.83,,,,,,,,-1.7,0,Equity: Large Cap,9.644,0,0,0,0,0,0,Nimesh Chandan,0,0,0,500,500,91.66,6.07,0,3.55,27.07,1% for redemption within 6 months,97.73,2.27,0,0,0,,1.79,0,0,0,0,0,2.24,0,0,,0,0
Bajaj Finserv Liquid Fund Reg (G),Bajaj Finserv Mutual Fund,8322,05-07-2023,0.02,0.08,0.21,0.47,1.5,3.32,6.28,6.49,6.76,,,,,,,6.76,2,Debt: Liquid,1236.3082,0,0,6.59,0.2,4.42,8.54,Nimesh Chandan,0.11,0.11,6.22,100,1000,0,0,0,0,0,0.007% for redemption within 1 day. 0.0065% for redemption from 1 day and within 2 days. 0.006% for redemption from 2 days and within 3 days. 0.0055% for redemption from 3 days and within 4 days. 0.005% for redemption from 4 days and within 5 days. 0.0045% for redemption from 5 days and within 6 days,0,99.82,0,0,0.18,,0.24,17.21,0,0,77.16,0,5.45,0,0,3.42,0,0
Bajaj Finserv Money Market Fund Reg (G),Bajaj Finserv Mutual Fund,5326,24-07-2023,0.05,0.07,0.21,0.45,1.44,3.29,5.83,6.55,6.72,,,,,,,6.83,1,Debt: Money Market,1234.6302,0,0,6.55,0.54,1.57,2.35,Nimesh Chandan,0.5,0.5,6.78,1000,1000,0,0,0,0,0,0,0,99.71,0,0,0.29,,0.65,10.2,0,0,81.29,0,8.22,0.13,5.93,1.15,97.78,100
Bajaj Finserv Multi Asset Allocation Fund Reg (G),Bajaj Finserv Mutual Fund,1943,03-06-2024,-0.15,-2.56,-1.3,-4.46,-0.84,3.91,5.88,3.81,,,,,,,,7.61,0,Hybrid: Multi Asset,11.86,0,0,0,0,0,0,Anup Kulkarni,2.89,1.72,7.05,500,500,46.03,9.89,15.34,3.43,23.19,"For units in excess of 30% of the investment, 1% will be charged for redemption within 3 months",71.26,11.69,13.7,0,3.35,,1.68,0,0,1.26,3.86,4.2,5.72,0,0,,0,0
Bajaj Finserv Multi Cap Fund (G),Bajaj Finserv Mutual Fund,1630,27-02-2025,0.02,-3.16,-0.77,-4.01,-0.54,18.34,9.19,,,,,,,,,11.07,0,Equity: Multi Cap,11.888,0,0,0,0,0,0,Nimesh Chandan,0,0,0,500,500,32.17,27.2,38.73,3.39,27.67,"For units in excess of 10% of the investment, 1% will be charged for redemption within 6 months",98.1,1.9,0,0,0,,1.8,0,0,0,0,0.43,1.38,0,0,,0,0
Bajaj Finserv Nifty 50 Index Fund (G),Bajaj Finserv Mutual Fund,39,15-05-2025,-0.42,-3.52,-2.17,-6.09,-5.15,1.57,-8.22,,,,,,,,,-5.95,0,Equity: Index,9.1592,0,0,0,0,0,0,Ilesh Savla,0,0,0,500,500,98.58,1.34,0,3.1,20.1,0,99.92,0.08,0,0,0,,0.9,0,0,0,0,0,0.08,0,0,,0,0
Bajaj Finserv Nifty Next 50 Index Fund (G),Bajaj Finserv Mutual Fund,33,12-05-2025,0.41,-3.72,-0.75,-5.46,-2.51,15.45,2.03,,,,,,,,,6.98,0,Equity: Index,11.0213,0,0,0,0,0,0,Ilesh Savla,0,0,0,500,500,86.85,13.09,0,3.34,20.08,0,99.94,0.06,0,0,0,,0.9,0,0,0,0,0,0.06,0,0,,0,0
Bajaj Finserv Overnight Fund Reg (G),Bajaj Finserv Mutual Fund,653,05-07-2023,0.01,0.1,0.21,0.4,1.27,2.58,5.26,5.67,6.02,,,,,,,6.06,4,Debt: Overnight,1210.3185,0,0,5.91,0.19,1.12,2.28,Nimesh Chandan,0.01,0.01,5.37,100,1000,0,0,0,0,0,0,0,100,0,0,0,,0.11,2.3,0,0,2.3,0,95.4,0,0,-0.4,0,0
Bajaj Finserv Small Cap Fund (G),Bajaj Finserv Mutual Fund,2647,18-07-2025,0.08,-2.17,0.25,-1.99,3.54,31.86,17.35,,,,,,,,,8.41,0,Equity: Small Cap,11.071,0,0,0,0,0,0,Nimesh Chandan,0,0,0,500,500,0,10.5,87.78,3.51,33.18,"For units in excess of 10% of the investment, 1% will be charged for redemption within 6 months",98.28,1.72,0,0,0,,1.7,0,0,0,0,0,1.67,0,0,,0,0
Bajaj Finserv Ultra Short to Short Term Fund (G),Bajaj Finserv Mutual Fund,553,20-02-2026,0.03,0.01,0.16,0.4,1.14,3,,,,,,,,,,100,0,Debt: Low Duration,1033.4983,0,0,0,0,0,0,Nimesh Chandan,0.95,0.9,6.86,0,0,0,0,0,0,0,0,0,99.76,0,0,0.24,,0.85,9.05,0,9.97,61.94,0,18.8,,,,,
Bandhan 10 year Constant Maturity Gilt Fund (G),Bandhan Mutual Fund,293,09-03-2002,-0.11,-0.84,-0.43,-1.07,-0.98,3.34,3.93,5.48,7.18,5.45,6.31,7.64,8.33,7.03,,6.57,0,Debt: Gilt Fund 10 yr duration,47.8536,0,0,7.37,3.17,0.53,0.7,Harshal Joshi,10.07,7.1,6.95,1000,100,0,0,0,0,0,0,0,100,0,0,0,,0.41,94.75,0,0,0,0,5.25,2.14,39.97,0.82,109.12,95.52
Bandhan Aggressive Hybrid Fund Reg (G),Bandhan Mutual Fund,2610,30-12-2016,-0.17,-2.75,-0.87,-4.13,-0.39,10.85,4.71,2.62,12.12,9.75,13.24,,,,,10.71,4,Hybrid: Aggressive,27.119,0,0,13.99,12.55,0.66,0.8,Prateek Poddar,4.26,2.48,5.12,1000,100,54.95,10.76,13.89,3.6,25.46,"For units in excess of 10% of the investment, 1% will be charged for redemption within 365 days",79.6,20.4,0,0,0,,1.68,2.41,0,0.46,15.69,0.44,1.4,10.42,40.83,0.98,109.8,97.02
Bandhan Aggressive Hybrid Passive FOF (G),Bandhan Mutual Fund,22,11-02-2010,0.08,-3.63,-1.7,-5.65,-2.27,11.51,5.7,2.09,10.98,8.89,11.2,9.3,10.06,,,9.8,0,Hybrid: Aggressive,47.8114,0,0,13.46,11.87,0.65,0.82,Karthik Kumar,0,0,0,1000,100,18.53,50.02,11.08,0,0,"For units in excess of 10% of the investment, 1% will be charged for redemption within 365 days",79.63,20.37,0,0,0,,0.26,0,0,0,0,19.86,0.51,8.77,40.79,1.02,81.64,88.7
Bandhan Arbitrage Fund Reg (G),Bandhan Mutual Fund,8011,21-12-2006,0.28,0.02,0.24,0.38,1.41,2.69,5.76,6.1,6.52,5.99,5.38,5.59,6.46,,,6.49,3,Hybrid: Arbitrage,34.7236,0,0,6.43,0.53,1.4,1.72,Kapil Kankonkar,0,0,0,100,100,0,0,0,2.45,16.31,0.25% for redemption within 15 days,0,100,0,0,0,,0.91,0,0,0,0.13,25.8,1.32,0.57,30.16,-1.8,98.24,100
Bandhan Balanced Advantage Fund Reg (G),Bandhan Mutual Fund,2260,10-10-2014,0.1,-2.03,-0.66,-2.52,-0.5,8.08,2.94,1.78,8.01,6.5,8.92,8.32,,,,7.83,3,Hybrid: Balanced Advantage,24.795,0,0,9.24,8.22,0.43,0.51,Manish Gunwani,5.47,2.76,6.96,1000,100,38.93,10.61,7.21,3.22,25.36,0.5% for redemption within 90 days,56.76,43.24,0,0,0,,1.73,6.6,0,1.57,32.53,0,4.44,6.28,41.5,0.33,30.87,82.58
Bandhan Banking and PSU Debt Fund Reg (G),Bandhan Mutual Fund,12014,07-03-2013,0.05,-0.03,0.14,0.29,0.65,3.37,5.41,6.39,6.79,5.95,6.51,6.89,,,,7.37,4,Debt: Banking and PSU,26.2949,0,0,6.65,1.31,0.73,1.46,Gautam Kaul,3.42,2.46,7.1,1000,100,0,0,0,0,0,0,0,99.64,0,0,0.36,,0.55,5.91,0,0,80.34,0,13.39,0.54,26.16,-0.57,97.44,100
Bandhan BSE Healthcare Index Fund Reg (G),Bandhan Mutual Fund,21,06-09-2024,-2.35,-4.03,-0.86,-2.96,1.64,19.96,16.35,6.59,,,,,,,,7.26,0,Equity: Index,11.5571,0,0,0,0,0,0,Abhishek Jain,0,0,0,1000,100,34.95,38.83,26.22,5.81,44.03,0.25% for redemption within 15 days,100,0,0,0,0,,0.88,0,0,0,0,0,0,0,0,,0,0
Bandhan BSE India Sector Leaders Index Fund Reg (G),Bandhan Mutual Fund,25,23-09-2025,-0.01,-3.25,-1.53,-5.77,-4.31,5.02,-6.63,,,,,,,,,-8.65,0,Equity: Index,9.0744,0,0,0,0,0,0,Abhishek Jain,0,0,0,0,0,82.76,10.35,6.84,3.3,22.5,0.25% for redemption within 15 days,99.95,0.05,0,0,0,,0.9,0,0,0,0,0,0.05,,,,,
Bandhan Business Cycle Fund Reg (G),Bandhan Mutual Fund,1100,30-09-2024,0.03,-3.57,-1.8,-5.1,-3.47,10.53,-5.1,-3.17,,,,,,,,-3.17,0,Equity: Thematic,9.376,0,0,0,0,0,0,Vishal Biraia,0,0,0,1000,100,55.72,22.79,21.38,2.53,21.07,0.5% for redemption within 30 days,99.89,0.11,0,0,0,,1.9,0,0,0,0,0,0.11,0,0,,0,0
Bandhan Conservative Hybrid Fund (G),Bandhan Mutual Fund,92,25-02-2010,0.21,-0.77,-0.39,-1.38,-0.04,3.33,2.02,2.09,5.99,4.65,5.67,5.77,7.59,,,7.33,2,Hybrid: Conservative,32.6405,0,0,6.59,4.41,0.2,0.26,Viraj Kulkarni,4.27,2.49,7.24,1000,100,9.43,1.8,12.99,3.86,23.21,"For units in excess of 10% of the investment, 0.25% will be charged for redemption within 7 days",24.22,75.28,0,0,0.5,,1.67,19.16,0,14.88,33.95,0,7.29,3.18,42.16,-0.03,130.48,92.95
Bandhan Conservative Hybrid Passive FOF (G),Bandhan Mutual Fund,5,11-02-2010,0.09,-1.2,-0.5,-1.91,-0.73,2.41,2.13,3.13,6.77,5.93,6.73,6.75,7.94,,,7.65,3,Hybrid: Conservative,34.3686,0,0,7.49,3.81,0.47,0.54,Karthik Kumar,0,0,0,1000,100,5.71,15.41,3.41,3.79,29.44,"For units in excess of 10% of the investment, 1% will be charged for redemption within 365 days",24.53,75.47,0,0,0,,0.25,0,0,0,0,74.54,0.93,2.5,39.29,0.66,118.6,93.85
Bandhan Contra Fund (G),Bandhan Mutual Fund,,,-0.14,-2.57,-2.32,-4.06,,,,,,,,,,,,-4.06,,Equity: Contra,9.5941,,,,,,,,,,,0,0,,,,,,,100,0,0,0,0,,,,,,,,,,,,,
Bandhan Corporate Bond Fund Reg (G),Bandhan Mutual Fund,13626,12-01-2016,0.05,-0.13,0.07,0.22,0.47,3.21,5.31,6.47,6.87,5.79,6.44,6.64,,,,6.91,4,Debt: Corporate Bond,20.5245,0,0,6.78,1.44,0.76,1.38,Gautam Kaul,4.51,2.96,7.17,1000,100,0,0,0,0,0,0,0,99.66,0,0,0.34,,0.55,4.96,0,0,83.98,0,10.72,0.63,23.43,-0.48,179.41,74.82
Bandhan Credit Risk Fund Reg (G),Bandhan Mutual Fund,224,03-03-2017,0.02,-0.12,0.07,0.15,0.5,2.93,4.65,5.58,6.18,5.26,5.64,,,,,5.89,2,Debt: Credit Risk,17.3569,0,0,6.08,1.28,0.31,0.52,Debraj Lahiri,3.02,2.45,7.77,1000,100,0,0,0,0,0,1% for redemption within 365 days,0,99.25,0,0,0.75,,1.42,7.22,0,73.29,11.11,0,7.63,0.59,28.61,-0.27,181.75,75.6
Bandhan Crisil IBX 90:10 SDL Plus Gilt- April 2032 Index Fund Reg (G),Bandhan Mutual Fund,392,29-11-2022,0.15,-0.24,-0.12,-0.59,-0.23,2.93,4.33,5.72,6.93,,,,,,,7.14,0,Debt: Long Duration,13.0659,0,0,7.08,2.92,0.48,0.6,Harshal Joshi,5.48,4.53,7.15,5000,100,0,0,0,0,0,0,0,100,0,0,0,,0.23,96.53,0,0,0,0,3.47,1.61,38.28,0.35,161.15,79.89
Bandhan Crisil IBX 90:10 SDL Plus Gilt- November 2026 Index Fund Reg (G),Bandhan Mutual Fund,90,17-11-2022,0.01,0.08,0.19,0.41,1.29,2.75,5.62,6.56,7.06,,,,,,,6.97,0,Debt: Medium Duration,12.987,0,0,6.85,0.68,1.7,3.17,Harshal Joshi,0.19,0.19,5.51,5000,100,0,0,0,0,0,0,0,100,0,0,0,,0.29,95.62,0,0,0,0,4.38,0.24,15.67,-0.31,196.06,69.46
Bandhan CRISIL IBX 90:10 SDL Plus Gilt-Sep 2027 Index Fund Reg (G),Bandhan Mutual Fund,144,24-11-2022,-0.02,-0.01,0.1,0.27,1.35,2.87,5.73,6.74,7.32,,,,,,,7.19,0,Debt: Medium Duration,13.0759,0,0,7.14,1.07,1.36,2.34,Gautam Kaul,1.01,0.97,6.22,5000,100,0,0,0,0,0,0,0,100,0,0,0,,0.29,95.92,0,0,0,0,4.08,0.56,26.7,-0.19,188.23,71.31
Bandhan Crisil IBX Gilt April 2026 Index Fund Reg (G),Bandhan Mutual Fund,0,01-01-1900,0,0,0.06,0.25,1.05,2.36,5.25,6.59,6.53,,,,,,,6.87,0,Debt: Medium Duration,12.6587,0,0,6.38,0.56,0.78,1.55,,0.04,0.04,5.6,5000,100,0,0,0,0,0,,0,100,0,0,0,,0.44,0,0,0,0,0,100,0.2,11.25,-0.76,168.41,73.4
Bandhan CRISIL IBX Gilt April 2028 Index Fund Reg (G),Bandhan Mutual Fund,3398,23-03-2021,0.04,0.02,0.17,0.15,0.95,2.7,5.11,6.46,7.13,5.81,,,,,,6.01,0,Debt: Gilt Fund,13.8288,0,0,6.98,1.16,1.11,1.68,Gautam Kaul,0,0,5.97,1000,100,0,0,0,0,0,0,0,100,0,0,0,,0.38,97.43,0,0,0,0,2.57,0.63,27.11,0.19,178.69,74.6
Bandhan Crisil IBX Gilt April 2032 Index Fund Reg (G),Bandhan Mutual Fund,414,15-02-2023,0.07,-0.5,-0.34,-1.02,-0.49,3.07,3.82,5.69,7.12,,,,,,,7.24,0,Debt: Medium Duration,12.9069,0,0,7.32,2.78,0.59,0.71,Harshal Joshi,5.17,4.43,6.57,1000,100,0,0,0,0,0,0,0,100,0,0,0,,0.39,97.15,0,0,0,0,2.85,1.65,36.24,-0.13,135.17,87.59
Bandhan CRISIL IBX Gilt June 2027 Index Fund Reg (G),Bandhan Mutual Fund,5262,23-03-2021,0.01,0.03,0.13,0.23,1.02,2.54,5.12,6.42,7.03,5.71,,,,,,5.9,0,Debt: Medium Duration,13.7487,0,0,6.86,0.93,1.27,2.58,Gautam Kaul,0.8,0.78,5.82,1000,100,0,0,0,0,0,0,0,100,0,0,0,,0.38,97.87,0,0,0,0,2.13,0.49,24.25,-0.36,183.72,73.28
Bandhan CRISIL-IBX 10:90 Gilt + SDL Index Dec 2029 Fund Reg (G),Bandhan Mutual Fund,0,10-03-2025,0,0,-0.19,-0.18,0.66,2.69,4.51,,,,,,,,,6.21,0,Debt: Medium Duration,10.974,0,0,0,0,0,0,Brijesh Shah,3.29,2.97,6.47,1000,100,0,0,0,0,0,0,0,100,0,0,0,,0.25,94.31,0,0,0,0,5.69,0,0,,0,0
Bandhan CRISIL-IBX Financial Services 3-6 Months Debt Index Fund Reg (G),Bandhan Mutual Fund,354,13-03-2025,0.05,0.07,0.21,0.45,1.49,3.41,5.94,,,,,,,,,6.37,0,Debt: Ultra Short Duration,11.0185,0,0,0,0,0,0,Brijesh Shah,0.32,0.31,6.95,1000,100,0,0,0,0,0,0,0,100,0,0,0,,0.88,0,0,0,95.87,0,4.13,0,0,,0,0
Bandhan Dynamic Term Fund Reg (G),Bandhan Mutual Fund,1926,01-12-2008,0.02,0.03,0.19,0.24,-0.68,4.88,6.39,4.21,6.78,5.25,5.99,6.46,7.7,,,7.42,0,Debt: Dynamic Bond,35.8172,0,0,6.6,4.52,0.2,0.3,Suyash Choudhary,25.27,10.7,7.5,1000,100,0,0,0,0,0,0,0,99.53,0,0,0.47,,1.38,10.11,0,0,10.7,0,78.72,2.72,43.79,0,105.95,98.28
Bandhan ELSS Tax Saver Fund Reg (G),Bandhan Mutual Fund,6965,26-12-2008,0.11,-2.82,-1.17,-4.88,-3.24,7.62,-1.07,-3.86,7.43,9.43,15.76,13.55,15.04,,,16.31,3,Equity: ELSS,148.249,-1.27,0.89,10.19,13.65,0.33,0.42,Daylynn Gerard Paul Pinto,0,0,0,500,500,69.64,15.78,9.74,2.85,22.32,0,95.16,4.84,0,0,0,,1.55,0,0,0,0,0,4.84,10.9,46.92,-0.5,84.23,92.32
Bandhan Equity Savings Funds Reg (G),Bandhan Mutual Fund,400,09-06-2008,-0.01,-0.76,-0.35,-1.41,0.04,2.93,2.6,3.57,5.86,5.53,6.91,6.11,6.71,,,6.59,3,Hybrid: Equity Savings,32.198,0,0,6.46,2.55,0.3,0.35,Kapil Kankonkar,2.31,2,7.07,1000,100,19.19,1.07,0,2.84,20.48,"For units in excess of 10% of the investment, 0.25% will be charged for redemption within 7 days",20.26,79.74,0,0,0,,0.93,19.54,0,0,38.67,16.29,7.7,1.83,37.13,-0.13,178.07,82.49
Bandhan Financial Services Fund Reg (G),Bandhan Mutual Fund,1122,28-07-2023,0.32,-4.59,-2.63,-6.52,-4.37,11.1,-1.26,-0.41,11.85,,,,,,,11.61,4,Equity: Sectoral,14.254,4.17,0.96,15.71,16.07,0.62,0.82,Harshvardhan Agrawal,0,0,0,1000,100,57.43,18.99,21.87,2.3,18.37,0.5% for redemption within 30 days,98.29,1.71,0,0,0,,1.89,0,0,0,0,0,1.71,13.21,43.11,0.48,108.87,98.29
Bandhan Flexi Cap Fund Reg (G),Bandhan Mutual Fund,7508,28-09-2005,-0.07,-3.1,-1.89,-5.02,-3.48,7.33,-2.44,-3.65,8.89,8.4,11.45,9.89,13.01,15.43,,15.28,3,Equity: Flexi Cap,200.49,0.91,0.89,11.8,13.72,0.44,0.59,Manish Gunwani,0,0,0,1000,100,71.98,9.94,12.8,2.87,20.26,"For units in excess of 10% of the investment, 1% will be charged for redemption within 365 days",94.72,5.28,0,0,0,,1.54,0.65,0,0,0,0,4.63,11.19,45.71,0.09,89.9,93.2
Bandhan Floating Interest Rates Fund Reg (G),Bandhan Mutual Fund,228,18-02-2021,0.04,-0.13,0.13,0.29,0.82,3.57,5.92,6.86,7.2,6.22,,,,,,5.95,2,Debt: Floater,13.8489,0,0,7.05,1.31,1.03,1.86,Debraj Lahiri,4.08,2.77,7.63,5000,100,0,0,0,0,0,0,0,99.46,0,0,0.54,,0.62,4.44,0,37.24,49.51,0,8.27,0.58,22.89,0.24,177.35,74.87
Bandhan Focused Fund Reg (G),Bandhan Mutual Fund,2094,16-03-2006,-0.41,-4.17,-1.81,-0.3,1.45,14.91,3.06,0.17,13.96,10.78,13.81,12.27,11.35,10.98,,11.2,3,Equity: Focused,88.692,2.22,0.99,14.67,16.58,0.54,0.76,Kirthi Jain,0,0,0,1000,100,37.66,13.56,46.37,2.54,18.17,"For units in excess of 10% of the investment, 1% will be charged for redemption within 365 days",97.59,2.41,0,0,0,,1.75,0,0,0,0,0,2.41,12.78,44.1,0.45,101.49,95.78
Bandhan Gilt Fund Reg (G),Bandhan Mutual Fund,1713,01-12-2008,0.02,0,0.24,0.23,-0.96,5.55,7.2,4.8,7.38,5.75,6.55,7.06,8.39,,,7.69,5,Debt: Gilt Fund,37.5109,0,0,7.18,4.69,0.32,0.48,Suyash Choudhary,28.35,11.82,7.54,1000,100,0,0,0,0,0,0,0,100,0,0,0,,0.98,22.11,0,0,0,0,77.89,2.8,43.52,0.2,97.54,99.65
Bandhan Gold E T F FoF (G),Bandhan Mutual Fund,149,23-01-2026,0.74,-2.5,-1.52,-4.09,4.76,0.38,,,,,,,,,,-3.96,0,Commodity: Gold,9.6039,0,0,0,0,0,0,Abhishek Jain,0,0,0,0,0,0,0,0,0,0,0.25% for redemption within 15 days,0,0,99.99,0.01,0,,0.5,0,0,0,0,0,0.01,,,,,
Bandhan Healthcare Fund (G),Bandhan Mutual Fund,319,28-11-2025,-1.99,-3.92,-1.38,-4.07,2.44,19.14,,,,,,,,,,9.69,0,Equity: Sectoral,10.969,0,0,0,0,0,0,Viraj Kulkarni,0,0,0,0,0,30.14,31.91,33.92,5.71,43,0.5% for redemption within 30 days,95.97,4.03,0,0,0,,2.1,0,0,0,0,0,4.03,,,,,
Bandhan Income Plus Arbitrage Active FOF Reg (G),Bandhan Mutual Fund,1773,13-09-2004,0.14,-0.06,0.15,0.31,0.91,3.1,5.69,6.45,6.98,5.93,6.42,6.67,7.43,7.46,,7.23,0,Hybrid: Fof Domestic Income Plus Arbitrage,46.8132,0,0,6.8,1.05,1.06,2.33,Harshal Joshi,3.84,2.56,7.12,1000,100,0,0,0,0,0,0,0,100,0,0,0,,0.25,0,0,0,0,99.67,0.33,0.46,24.69,0.84,96.9,100
Bandhan Infrastructure Fund Reg (G),Bandhan Mutual Fund,1500,08-03-2011,0.04,-2,1.18,-1.72,-5.64,14.8,-3.06,-7.98,13.4,15.04,18.81,14.76,11.51,,,10.49,2,Equity: Sectoral,47.571,-1.42,0.81,16.71,23.02,0.48,0.75,Vishal Biraia,0,0,0,1000,100,48.71,9.43,40.2,3.03,25.5,0.5% for redemption within 30 days,98.34,0.88,0,0,0.78,,1.83,0,0,0,0,0,1.66,17.49,44.24,-0.01,123.24,104.33
Bandhan Innovation Fund Reg (G),Bandhan Mutual Fund,2645,30-04-2024,-0.03,-3.69,-0.03,-3.19,6.61,30.43,17.77,8.42,,,,,,,,18.43,0,Equity: Thematic,15.198,0,0,0,0,0,0,Manish Gunwani,0,0,0,1000,100,34.65,23.6,40.75,5.08,45.71,0.5% for redemption within 30 days,99,1,0,0,0,,1.68,0,0,0,0,0,1,0,0,,0,0
Bandhan Large & Mid cap Fund Reg (G),Bandhan Mutual Fund,19777,09-08-2005,-0.07,-3.67,-1.09,-4.75,-1.92,10.81,2.05,-1,15.28,14.71,17.58,14.36,14.36,12.07,,13.13,5,Equity: Large & Mid Cap,135.962,5.17,1.02,18.2,15.75,0.79,1.04,Manish Gunwani,0,0,0,1000,100,36.68,39.37,19.34,2.8,21.75,"For units in excess of 10% of the investment, 1% will be charged for redemption within 365 days",95.39,4.61,0,0,0,,1.41,0.23,0,0,0,0,4.38,12.67,41.15,1.08,100.77,91.95
Bandhan Large Cap Fund Reg (G),Bandhan Mutual Fund,2145,09-06-2006,-0.31,-3.51,-1.81,-6.05,-2.47,7.39,-1.89,-3.28,10.48,8.48,12.63,11.45,11.7,10.15,,10.4,4,Equity: Large Cap,74.572,2,1.02,13.6,14.83,0.53,0.69,Manish Gunwani,0,0,0,1000,100,80.36,11.22,8.35,3.37,22.76,0.5% for redemption within 30 days,99.93,0.07,0,0,0,,1.74,0,0,0,0,0,0.07,11.37,44.64,1.22,102.58,97.05
Bandhan Liquid Fund Reg (G),Bandhan Mutual Fund,20198,01-04-2004,0.02,0.08,0.21,0.46,1.49,3.32,6.3,6.51,6.77,6.23,5.55,5.95,6.92,5.61,,5.59,3,Debt: Liquid,3400.0066,0,0,6.61,0.21,4.39,8.63,Harshal Joshi,0.11,0.11,6.32,100,100,0,0,0,0,0,Exit load of 0.0070% if redeemed within 1 day. 0.0065% if redeemed within 2 days. 0.0060% if redeemed within 3 days. 0.0055% if redeemed within 4 days. 0.0050% if redeemed within 5 days. 0.0045% if redeemed within 6 days.,0,99.77,0,0,0.23,,0.2,14.89,0,0,80.31,0,4.57,0,0,3.34,0,0
Bandhan Liquid Fund Unclaimed Dividend Less than 3Y (G),Bandhan Mutual Fund,,,0.02,0.09,0.22,0.48,1.53,3.41,6.47,6.66,6.91,6.36,5.65,0,,,,5.89,,Debt: Liquid,1.8319,,,,,,,,,,,0.01,100,,,,,,,0,100,0,0,0,,,,,,,,,0,0,,0,0
Bandhan Long Term Fund Reg (G),Bandhan Mutual Fund,49,20-03-2024,0.07,-0.57,0.14,-0.34,-1.72,4.12,2.85,2.7,,,,,,,,4.75,3,Debt: Long Duration,11.2673,0,0,0,0,0,0,Gautam Kaul,27.3,11.6,7.54,1000,100,0,0,0,0,0,0,0,98.78,0,0,1.22,,0.6,84.53,0,0,0,0,14.25,0,0,,0,0
Bandhan Medium Term Fund Reg (G),Bandhan Mutual Fund,1250,08-07-2003,0.05,-0.03,0.14,0.3,0.43,3.69,5.23,5.99,6.73,5.26,5.77,6.17,7.07,7.45,,7.02,3,Debt: Medium Duration,48.5534,0,0,6.52,1.81,0.46,0.89,Suyash Choudhary,8.12,3.95,7.28,1000,100,0,0,0,0,0,0,0,99.51,0,0,0.49,,1.15,6.93,0,0,72.7,0,19.88,0.95,34.65,-0.91,161.4,81.02
Bandhan Medium to Long Term Fund (G),Bandhan Mutual Fund,429,14-07-2000,0.04,-0.07,0.1,0.15,-0.41,3.95,5.09,4.36,5.89,4.56,5.25,5.84,7.15,7.32,,7.58,2,Debt: Medium to Long Duration,67.9123,0,0,5.72,2.86,0.01,0.01,Suyash Choudhary,14.79,6.72,7.39,1000,100,0,0,0,0,0,"For units in excess of 10% of the investment, 1% will be charged for redemption within 365 days",0,99.65,0,0,0.35,,1.68,14.76,0,0,47.44,0,37.45,1.7,40.93,-0.97,140.23,89.4
Bandhan Mid cap Fund Reg (G),Bandhan Mutual Fund,2403,18-08-2022,-0.21,-4.74,-1.29,-5.51,0.24,19.94,8.09,0.83,15.31,,,,,,,16.22,3,Equity: Mid Cap,18.576,0,0.98,18.13,18.56,0.67,0.84,Ritu Modi,0,0,0,1000,100,16.08,65.58,16.2,6.61,46.8,1% for redemption within 365 days,97.86,2.14,0,0,0,,1.7,0,0,0,0,0,2.14,14.59,42.97,0.22,101.45,93.15
Bandhan Money Market Fund Reg (G),Bandhan Mutual Fund,15338,18-02-2003,0.05,0.08,0.24,0.51,1.57,3.5,6.36,6.98,6.97,6.14,5.63,5.86,6.73,6.66,,6.43,4,Debt: Money Market,43.6147,0,0,6.76,0.51,2.08,3.47,Gautam Kaul,0.52,0.52,6.84,100,100,0,0,0,0,0,0,0,99.74,0,0,0.26,,0.3,13.63,0,0,84.29,0,1.82,0.13,5.46,1.56,97.04,100
Bandhan Multi Asset Allocation Fund Reg (G),Bandhan Mutual Fund,3611,31-01-2024,0.13,-2.44,-1.25,-3.54,-1.1,7.8,9.39,7.74,,,,,,,,12.79,0,Hybrid: Multi Asset,13.8795,0,0,0,0,0,0,Daylynn Gerard Paul Pinto,1.96,1.3,5.2,1000,100,35.14,12.26,11.5,2.78,20.96,"For units in excess of 10% of the investment, 0.5% will be charged for redemption within 1 year",51.62,27.52,6.85,7.28,6.73,,1.57,4.59,0,0,8.87,4.34,16.88,0,0,,0,0
Bandhan Multi Asset Passive FOF (G),Bandhan Mutual Fund,20,11-02-2010,0.16,-2.12,-1.51,-4.1,-0.68,2.15,1.55,1.31,8.33,7.08,8.72,7.9,8.98,,,8.79,0,Others: FoFs Domestic,40.9613,0,0,9.95,7.45,0.57,0.7,Karthik Kumar,0,0,0,1000,100,25.73,10.54,0.4,0,0,"For units in excess of 10% of the investment, 1% will be charged for redemption within 365 days",36.67,33.19,18.28,0,11.86,,0.28,0,0,0,0,33.12,11.93,6.34,40.93,0.44,16.23,63.27
Bandhan Multi Cap Fund Reg (G),Bandhan Mutual Fund,3064,02-12-2021,-0.07,-3.38,-1.36,-4.79,-3.25,11.68,-0.29,-3.19,10,,,,,,,11.21,2,Equity: Multi Cap,16.804,1.56,0.93,13.07,15.51,0.48,0.63,Daylynn Gerard Paul Pinto,0,0,0,1000,100,43.75,26.16,26.11,3.02,24.86,1% for redemption within 365 days,96.02,3.98,0,0,0,,1.67,0,0,0,0,0,3.98,12.05,42.84,-0.57,89.83,92.26
Bandhan Multi Factor Fund (G),Bandhan Mutual Fund,687,30-07-2025,-0.56,-4.28,-1.73,-7.86,-7.55,-3.64,-6.8,,,,,,,,,-7.61,0,Equity: Thematic,9.076,0,0,0,0,0,0,Nilesh Saha,0,0,0,1000,100,63.94,29.89,4.74,2.46,16.92,0.5% for redemption within 30 days,98.57,1.43,0,0,0,,2.05,0,0,0,0,0,1.43,0,0,,0,0
Bandhan Nifty 100 Index Fund Reg (G),Bandhan Mutual Fund,254,24-02-2022,-0.27,-3.58,-1.93,-5.98,-4.6,4.18,-5.81,-5.63,7.07,,,,,,,7.42,3,Equity: Index,13.945,-0.72,1,10.57,14.39,0.34,0.43,Abhishek Jain,0,0,0,1000,100,96.44,3.56,0,3.22,20.55,0,100,0,0,0,0,,0.51,0,0,0,0,0,0,11.78,45.92,-15.14,103.83,100.53
Bandhan Nifty 200 Quality 30 Index Fund Reg (G),Bandhan Mutual Fund,13,04-12-2024,0.12,-3.27,-2.67,-7.98,-3.02,4.41,-6.47,,,,,,,,,-6.03,0,Equity: Index,8.9036,0,0,0,0,0,0,Abhishek Jain,0,0,0,1000,100,72.55,25.09,2.32,7.66,24.25,0.25% for redemption within 15 days,99.96,0.04,0,0,0,,0.87,0,0,0,0,0,0.04,0,0,,0,0
Bandhan Nifty 50 Index Fund Reg (G),Bandhan Mutual Fund,2797,30-04-2010,-0.42,-3.54,-2.18,-6.08,-5.06,1.79,-7.69,-5.91,5.32,5.72,10.84,10.9,11.51,,,10.12,2,Equity: Index,48.9339,-1.96,0.95,8.86,13.59,0.23,0.3,Abhishek Jain,0,0,0,1000,100,98.52,1.34,0,3.16,20.66,0,99.86,0.14,0,0,0,,0.51,0,0,0,0,0,0.14,11.21,48.39,-12.1,99.47,100.15
Bandhan Nifty 500 Momentum 50 Index Fund Reg (G),Bandhan Mutual Fund,38,29-10-2024,-0.08,-3.44,-0.36,-5.57,-1.96,14.58,3.52,,,,,,,,,-6.85,0,Equity: Index,8.7262,0,0,0,0,0,0,Abhishek Jain,0,0,0,1000,100,43.7,35.88,20.42,5.57,26.66,0.25% for redemption within 15 days,100,0,0,0,0,,0.88,0,0,0,0,0,0,0,0,,0,0
Bandhan Nifty 500 Value 50 Index Fund Reg (G),Bandhan Mutual Fund,38,29-10-2024,-0.03,-3.68,-1.8,-4.82,-5.38,1.9,5.39,,,,,,,,,3.33,0,Equity: Index,10.6497,0,0,0,0,0,0,Abhishek Jain,0,0,0,1000,100,64.85,20.82,14.09,1.36,8.8,0.25% for redemption within 15 days,99.76,0.24,0,0,0,,0.87,0,0,0,0,0,0.24,0,0,,0,0
Bandhan Nifty Alpha 50 Index Fund Reg (G),Bandhan Mutual Fund,582,09-11-2023,0.59,-3.84,-1.28,-6.55,0.1,20.57,9.32,-6.61,,,,,,,,11.85,0,Equity: Index,13.8908,0,0,0,0,0,0,Abhishek Jain,0,0,0,1000,1000,34.88,41.56,23.55,3.19,18.19,0,100,0,0,0,0,,0.86,0,0,0,0,0,0,0,0,,0,0
Bandhan Nifty Alpha Low Volatility 30 Index Fund Reg (G),Bandhan Mutual Fund,9,23-01-2025,-0.98,-4.11,-2.08,-7.24,-3.87,5.35,-3.23,,,,,,,,,-2.63,0,Equity: Index,9.5506,0,0,0,0,0,0,Abhishek Jain,0,0,0,1000,100,84.3,15.69,0,3.33,24.17,0.25% for redemption within 15 days,99.99,0.01,0,0,0,,0.89,0,0,0,0,0,0.01,0,0,,0,0
Bandhan Nifty Bank Index Fund Reg (G),Bandhan Mutual Fund,22,27-08-2024,0.68,-3.41,-2.13,-5.93,-5.17,8.72,-0.53,1.13,,,,,,,,2.66,0,Equity: Index,10.564,0,0,0,0,0,0,Abhishek Jain,0,0,0,1000,100,74.57,25.43,0,1.71,13.23,0.25% for redemption within 15 days,100,0,0,0,0,,0.88,0,0,0,0,0,0,0,0,,0,0
Bandhan Nifty IT Index Fund Reg (G),Bandhan Mutual Fund,33,31-08-2023,0.12,-2.25,-6.31,-11.26,5.32,-4.5,-16.95,-17.9,-3.15,,,,,,,-2.49,0,Equity: Index,9.2442,0,0,0,0,0,0,Abhishek Jain,0,0,0,1000,100,80.46,19.54,0,5.41,18.91,0,100,0,0,0,0,,0.88,0,0,0,0,0,0,18.58,51.81,-1.2,94.85,104.23
Bandhan Nifty Midcap 150 Index Fund Reg (G),Bandhan Mutual Fund,92,19-09-2024,0.07,-4.66,-2.25,-7.16,-4.1,12.16,3.34,-1.7,,,,,,,,-0.92,0,Equity: Index,9.8147,0,0,0,0,0,0,Abhishek Jain,0,0,0,1000,100,11.58,83.91,4.24,3.97,25.4,0.25% for redemption within 15 days,99.73,0.27,0,0,0,,0.82,0,0,0,0,0,0.27,0,0,,0,0
Bandhan Nifty Next 50 Index Fund Reg (G),Bandhan Mutual Fund,36,28-02-2025,0.39,-3.79,-0.81,-5.53,-2.6,15.52,2.58,,,,,,,,,12.81,0,Equity: Index,12.1671,0,0,0,0,0,0,Abhishek Jain,0,0,0,1000,100,86.87,13.13,0,3.37,20.28,0.25% for redemption within 15 days,100,0,0,0,0,,0.89,0,0,0,0,0,0,0,0,,0,0
Bandhan Nifty Smallcap 250 Index Fund Reg (G),Bandhan Mutual Fund,97,22-12-2023,0.21,-3.45,-0.66,-3.29,0.33,24.24,5.96,-2.38,,,,,,,,8.88,0,Equity: Index,12.663,0,0,0,0,0,0,Abhishek Jain,0,0,0,1000,100,0,7.27,92.73,3.45,32.9,0,100,0,0,0,0,,0.77,0,0,0,0,0,0,0,0,,0,0
Bandhan Nifty Total Market Index Fund Reg (G),Bandhan Mutual Fund,45,10-07-2024,-0.14,-3.75,-1.69,-5.73,-3.67,8.61,-2.53,-4.54,,,,,,,,-1.73,0,Equity: Index,9.6182,0,0,0,0,0,0,Abhishek Jain,0,0,0,1000,100,64.62,20.22,15.16,3.4,22.82,0.25% for redemption within 15 days,100,0,0,0,0,,0.9,0,0,0,0,0,0,0,0,,0,0
Bandhan Nifty100 Low Volatility 30 Index Fund Reg (G),Bandhan Mutual Fund,1683,06-10-2022,-0.62,-3.5,-2.43,-7.2,-4.48,2.84,-5.75,-6.39,7.56,,,,,,,9.46,0,Equity: Index,14.4103,-0.33,0.85,11.26,14.33,0.39,0.49,Abhishek Jain,0,0,0,1000,100,94.69,5.26,0,3.37,22.62,0,99.95,0.05,0,0,0,,0.79,0,0,0,0,0,0.05,9.58,47.79,-7.25,73.03,86.65
Bandhan Nifty200 Momentum 30 Index Fund Reg (G),Bandhan Mutual Fund,122,02-09-2022,-0.02,-3.73,-0.74,-5.86,-4.49,8.82,-1.91,-12.02,7.53,,,,,,,9.82,0,Equity: Index,14.7057,-1.22,1.19,12.72,19.82,0.35,0.46,Abhishek Jain,0,0,0,1000,100,66.21,33.7,0,4.5,23.01,0,99.91,0.09,0,0,0,,0.86,0,0,0,0,0,0.09,17.4,44.98,-4.8,135.31,113.37
Bandhan Overnight Fund (G),Bandhan Mutual Fund,1160,18-01-2019,0.01,0.1,0.2,0.39,1.25,2.53,5.15,5.58,5.95,5.62,4.96,,,,,5.04,3,Debt: Overnight,1461.2158,0,0,5.84,0.2,0.76,1.57,Brijesh Shah,0.01,0.01,5.34,0,100,0,0,0,0,0,0,0,100,0,0,0,,0.12,6.45,0,0,32.34,0,61.21,0,0,-1.12,0,0
Bandhan Retirement Fund Reg (G),Bandhan Mutual Fund,185,18-10-2023,-0.07,-2.45,-0.95,-3.66,-3.36,3.91,-2.81,-1.8,6.62,,,,,,,6.62,0,Solution: Retirement Hybrid,12.127,0,0,0,0,0,0,Viraj Kulkarni,19.94,8.81,7.02,1000,100,48.83,9.66,4.15,3.3,23.21,0,62.63,37.37,0,0,0,,2.1,28.5,0,0,0,0,8.07,0,0,,0,0
Bandhan Short Term Fund Reg (G),Bandhan Mutual Fund,8731,14-12-2000,0.05,-0.04,0.11,0.3,0.72,3.56,5.67,6.65,7.19,5.99,6.33,6.61,7.37,7.5,7.21,7.27,5,Debt: Short Duration,61.1999,0,0,7,1.43,0.91,1.66,Suyash Choudhary,5.3,2.97,7.31,1000,100,0,0,0,0,0,0,0,99.64,0,0,0.36,,0.7,2.26,0,0,83.38,0,14,0.63,27.83,0.75,96.21,100
Bandhan Silver E T F FoF (G),Bandhan Mutual Fund,146,23-01-2026,0.29,-4.84,-2.2,-6.12,-1.44,-2.86,,,,,,,,,,-28.34,0,Commodity: Silver,7.1655,0,0,0,0,0,0,Abhishek Jain,0,0,0,0,0,0,0,0,0,0,0.25% for redemption within 15 days,0,-0.16,0,0,100.16,,0.5,0,0,0,0,0,100,,,,,
Bandhan Small Cap Fund Reg (G),Bandhan Mutual Fund,31103,25-02-2020,0.02,-2.5,0.38,-1.5,3.56,26.22,11.29,2.75,21.99,17.82,,,,,,27.79,5,Equity: Small Cap,51.2,8.98,0.92,23.9,20.41,0.89,1.42,Kirthi Jain,0,0,0,1000,100,6.07,10.85,69.8,2.24,17.98,1% for redemption within 365 days,86.72,13.28,0,0,0,,1.33,0,0,0,0,0,13.28,15.56,41.77,1.62,110.8,91.68
Bandhan Transportation and Logistics Fund Reg (G),Bandhan Mutual Fund,738,27-10-2022,0.15,-2.95,-1.22,-6.44,1.63,16.38,2.43,1.39,16.45,,,,,,,18.48,0,Equity: Thematic,19.681,-0.25,0.86,20,17.64,0.81,0.86,Daylynn Gerard Paul Pinto,0,0,0,1000,100,47.78,23.9,20.16,4.28,26.7,0.5% for redemption within 30 days,91.84,8.16,0,0,0,,2.02,0,0,0,0,0,8.16,13.57,44.04,-0.35,99.93,90.44
Bandhan Ultra Short Term Fund Reg (G),Bandhan Mutual Fund,4180,18-07-2018,0.04,0.07,0.23,0.5,1.51,3.45,6.28,6.76,6.94,6.27,5.88,,,,,6.21,4,Debt: Ultra Short Duration,16.4316,0,0,6.75,0.41,2.55,3.55,Harshal Joshi,0.52,0.47,6.86,100,100,0,0,0,0,0,0,0,99.68,0,0,0.32,,0.39,3.59,0,2.38,82.29,0,11.42,0.08,5.04,1.98,97.04,100
Bandhan Ultra Short to Short Term Fund Reg (G),Bandhan Mutual Fund,6404,17-01-2006,0.04,0.01,0.18,0.43,1.25,3.21,5.75,6.61,6.82,6.1,5.98,6.45,7.43,7.15,,7.1,4,Debt: Low Duration,41.4533,0,0,6.64,0.62,1.52,2.25,Harshal Joshi,1,0.98,6.94,100,100,0,0,0,0,0,0,0,99.68,0,0,0.32,,0.55,7.89,0,3.57,79.72,0,8.5,0.19,10.5,1.16,97.49,100
Bandhan US specific Equity Active FOF Reg (G),Bandhan Mutual Fund,347,20-08-2021,0.53,0.58,4.71,4.86,0.72,20.13,11.26,19.28,25.71,15.72,,,,,,14.66,0,Equity: Global,20.302,0,0,21.42,17.91,0.88,1.48,Harshal Joshi,0,0,0,0,0,0,0,0,0,0,1% for redemption within 365 days,0,1.63,0,98.37,0,,1.36,0,0,0,0,0,100,17.77,41.18,0.31,23.19,57.55
Bandhan US Treasury Bond 0-1 year specific Debt Passive FOF Reg (G),Bandhan Mutual Fund,143,28-03-2023,0.01,0.33,0.19,0.69,2.32,3.09,11.79,11.03,9.39,,,,,,,8.79,0,Debt: Money Market,13.4991,0,0,9.12,3.48,0.99,1.63,Brijesh Shah,0,0,0,0,0,0,0,0,0,0,0.1% for redemption within 7 days,0,100,0,0,0,,0.13,0,0,0,0,99.41,0.59,3.14,39.35,0.9,89.52,100
Bandhan Value Fund Reg (G),Bandhan Mutual Fund,10051,07-03-2008,0.1,-2.79,-1.12,-4.35,-3.03,7.06,-2.42,-5.25,8.1,11.02,17.44,13.8,14.88,,,15.2,3,Equity: Value,141.607,-1.17,0.91,10.82,14.08,0.36,0.47,Daylynn Gerard Paul Pinto,0,0,0,1000,100,59.79,17.94,15.68,2.7,21.74,"For units in excess of 10% of the investment, 1% will be charged for redemption within 365 days",93.41,6.59,0,0,0,,1.5,0.49,0,0,0,0,6.1,11.33,45.44,-0.25,86.98,92.94
Bank of India Aggressive Hybrid Fund Reg (G),Bank Of India Mutual Fund,2051,20-07-2016,-0.09,-2.56,0.16,-1.8,2.09,19.65,13.67,4.14,14.79,13.44,20.29,14.94,,,,15.26,5,Hybrid: Aggressive,42.57,0,0,17.07,15.82,0.72,0.98,Alok Singh,1.19,1.01,6.63,1000,1000,0,40.37,26.57,4.44,32.95,"For units in excess of 10% of the investment, 1% will be charged for redemption within 3 months",66.94,33.06,0,0,0,,1.76,1.65,0,1.03,23.58,0,6.8,13.67,40.09,0.81,121.39,96.62
Bank of India Arbitrage Fund (G),Bank Of India Mutual Fund,134,18-06-2018,0.34,0.06,0.21,0.63,1.46,2.54,5.68,5.87,6.15,5.34,4.63,,,,,4.79,2,Hybrid: Arbitrage,14.745,0,0,5.98,0.49,0.59,0.57,Nilesh Jethani,0.18,0.18,6.06,1000,0,0,0,0,1.84,11.48,0.5% for redemption within 15 days,0,100,0,0,0,,0.88,3.65,0,0,3.63,14.42,1.46,0.68,34.42,-2.94,99.43,100
Bank of India Balanced Advantage Fund Reg (G),Bank Of India Mutual Fund,176,14-03-2014,-0.16,-1.69,-0.69,-3.07,-2.07,3.19,2.76,-0.52,7.34,8.99,8.81,6.52,,,,7.67,3,Hybrid: Balanced Advantage,25.3456,0,0,9.37,9.53,0.39,0.61,Alok Singh,1.07,0.97,5.9,1000,1000,60.79,3.8,0.51,3.08,21.33,"For units in excess of 10% of the investment, 1% will be charged for redemption within 3 months",65.1,29.84,0,0,5.06,,2.1,3.6,0,3,10.99,0,8.47,8.63,44.44,0.41,119.03,102.61
Bank of India Banking & Financial Services Fund (G),Bank Of India Mutual Fund,273,30-01-2026,0.33,-5.09,-3.28,-7.4,-7.68,3.86,,,,,,,,,,-8.6,0,Equity: Sectoral,9.14,0,0,0,0,0,0,Nilesh Jethani,0,0,0,0,0,65.56,14.55,18.5,2.37,16.85,"For units in excess of 10% of the investment, 1% will be charged for redemption within 3 months",98.61,1.39,0,0,0,,2.1,0,0,0,0,0,1.39,,,,,
Bank of India Business Cycle Fund Reg (G),Bank Of India Mutual Fund,463,30-08-2024,-0.52,-2.97,0.32,-3.36,1.28,18.35,3.72,-3.02,,,,,,,,-2.53,0,Equity: Thematic,9.48,0,0,0,0,0,0,Alok Singh,0,0,0,5000,500,45.89,17.64,33.09,4.08,27.38,"For units in excess of 10% of the investment, 1% will be charged for redemption within 3 months",96.62,3.38,0,0,0,,2.1,0.05,0,0,0,0,3.33,0,0,,0,0
Bank of India Conservative Hybrid Fund Reg (G),Bank Of India Mutual Fund,65,18-03-2009,-0.15,-0.72,-0.18,-1.08,-0.59,2.52,2.07,2.22,5.45,8.78,9.44,6.57,7.67,,,7.38,4,Hybrid: Conservative,34.9113,0,0,6.08,4.15,0.09,0.14,Alok Singh,1.91,1.66,6.57,1000,1000,10.96,5.78,3.63,3.57,25.56,"For units in excess of 10% of the investment, 1% will be charged for redemption within 3 months",20.37,79.29,0,0,0.34,,1.85,12.5,0,6.91,39.58,0,20.3,3.41,40.88,-0.25,123.87,95.52
Bank of India Consumption Fund Reg (G),Bank Of India Mutual Fund,370,20-12-2024,-0.65,-4.23,-2.2,-5.16,0.09,11.05,-2.65,,,,,,,,,3.49,0,Equity: Thematic,10.65,0,0,0,0,0,0,Nitin Gosar,0,0,0,5000,500,43.83,28.28,25.67,6.16,33.27,"For units in excess of 10% of the investment, 1% will be charged for redemption within 3 months",97.78,2.22,0,0,0,,2.1,0.07,0,0,0,0,2.15,0,0,,0,0
Bank of India Credit Risk Fund Reg (G),Bank Of India Mutual Fund,69,27-02-2015,0.04,0.04,0.17,0.54,1.44,8.55,16.73,11.54,9.64,27.36,11.22,2.14,,,,3.25,1,Debt: Credit Risk,14.4878,0,0,9.32,4.11,0.88,10.16,Alok Singh,0.54,0.51,6.65,1000,1000,0,0,0,0,0,"For units in excess of 10% of the investment, 1% will be charged for redemption within 1 year",0,99.28,0,0,0.72,,1.15,0,0,58.32,12.17,0,28.79,0.28,10.21,0.52,207.03,60.86
Bank of India ELSS Tax Saver Fund Reg (G),Bank Of India Mutual Fund,1414,25-02-2009,-0.35,-2.31,0.21,-3.2,-2.01,10.05,2.39,-4.17,10.19,9.85,17.44,14.64,14.93,,,16.88,3,Equity: ELSS,160.77,0.89,1.07,13.97,17.69,0.47,0.67,Alok Singh,0,0,0,500,500,47.31,14.23,23.2,3.05,23.57,0,84.74,15.26,0,0,0,,1.83,0.12,0,0,3.46,0,11.68,16.12,41.79,0.35,109.95,100.28
Bank of India Flexi Cap Fund Reg (G),Bank Of India Mutual Fund,2786,29-06-2020,-0.32,-2.2,0.37,-2.57,1.99,19.13,9.86,1.37,16.68,14.69,,,,,,23.71,4,Equity: Flexi Cap,37.87,6.81,1.11,20.19,18.78,0.77,1.14,Alok Singh,0,0,0,1000,1000,38.55,15.51,34.87,3.45,24.48,"For units in excess of 10% of the investment, 1% will be charged for redemption within 3 months",88.93,11.07,0,0,0,,1.68,0.02,0,0,5.08,0,5.97,16.24,39.02,1.04,118.63,98.31
Bank of India Large & Mid cap Fund Reg (G),Bank Of India Mutual Fund,529,21-10-2008,-0.45,-4.05,-2.05,-5.5,-3.01,8.65,4.09,-1.91,10.95,10.05,14.71,11.62,12.31,,,12.85,3,Equity: Large & Mid Cap,89.14,2.25,1.01,14.48,15.74,0.56,0.76,Nitin Gosar,0,0,0,0,1000,41.44,39.84,15.66,3.33,23.82,"For units in excess of 10% of the investment, 1% will be charged for redemption within 3 months",96.94,3.06,0,0,0,,2.09,0.01,0,0,0,0,3.05,14.12,41.93,0.67,108.33,98.78
Bank of India Large Cap Fund Reg (G),Bank Of India Mutual Fund,231,29-06-2021,-0.25,-2.75,-0.25,-3.85,-2.11,10.18,2.33,-2.35,10.44,7.83,,,,,,9.66,4,Equity: Large Cap,16.24,2.21,1.06,13.67,16.04,0.5,0.63,Alok Singh,0,0,0,1000,1000,80.23,4.2,13.41,3.18,21.68,"For units in excess of 10% of the investment, 1% will be charged for redemption within 3 months",97.84,2.16,0,0,0,,2.1,0.02,0,0,0,0,2.14,13.59,40.38,0.49,108.35,99.71
Bank of India Liquid Fund Reg (G),Bank Of India Mutual Fund,1825,16-07-2008,0.02,0.08,0.21,0.49,1.55,3.38,6.45,6.66,6.91,6.35,5.64,6.04,6.88,,,6.63,5,Debt: Liquid,3247.1602,0,0,6.73,0.2,5.24,11.6,Mithraem Bharucha,0.12,0.12,6.26,5000,0,0,0,0,0,0,Exit load of 0.0070% if redeemed within 1 day. 0.0065% if redeemed within 2 days. 0.0060% if redeemed within 3 days. 0.0055% if redeemed within 4 days. 0.0050% if redeemed within 5 days. 0.0045% if redeemed within 6 days.,0,99.69,0,0,0.31,,0.12,17.94,0,0,79.35,0,2.4,0,0,4.26,0,0
Bank of India Manufacturing & Infrastructure Fund (G),Bank Of India Mutual Fund,949,05-03-2010,-0.45,-1.69,2,-0.91,1.13,20,17.49,4.95,19.78,19.13,23.45,17.92,14.79,,,11.98,4,Equity: Sectoral,66.17,6.86,0.6,21.13,18.06,0.85,1.17,Nitin Gosar,0,0,0,5000,1000,32.46,26.25,33.26,3.34,26.17,"For units in excess of 10% of the investment, 1% will be charged for redemption within 3 months",91.97,8.03,0,0,0,,1.94,0.09,0,0,0,0,7.94,15.57,41.25,0.7,116.03,96.03
Bank of India Mid cap Fund (G),Bank Of India Mutual Fund,767,22-08-2025,0.2,-3.67,-0.1,-4.21,-0.1,15.19,4.07,,,,,,,,,2.05,0,Equity: Mid Cap,10.24,0,0,0,0,0,0,Alok Singh,0,0,0,1000,1000,7.02,70.32,21.08,4.73,30.46,"For units in excess of 10% of the investment, 1% will be charged for redemption within 3 months",98.42,1.58,0,0,0,,2.02,0.32,0,0,0,0,1.26,0,0,,0,0
Bank of India Money Market Fund (G),Bank Of India Mutual Fund,443,04-02-2025,0.04,0.07,0.21,0.5,1.52,3.43,6.18,,,,,,,,,6.63,2,Debt: Money Market,11.1324,0,0,0,0,0,0,Mithraem Bharucha,0.55,0.55,6.92,5000,0,0,0,0,0,0,0,0,99.73,0,0,0.27,,0.45,10.58,0,0,88.55,0,0.6,0,0,,0,0
Bank of India Multi Asset Allocation Fund Reg (G),Bank Of India Mutual Fund,366,28-02-2024,-0.02,-2.16,-0.68,-3.27,0.21,6.91,8.98,6.08,,,,,,,,9.12,0,Hybrid: Multi Asset,12.5541,0,0,0,0,0,0,Nilesh Jethani,3.61,2.9,7.34,5000,500,31.2,33.35,29.81,3.2,22,"For units in excess of 10% of the investment, 1% will be charged for redemption within 3 months",94.36,5.64,0,0,0,,1.74,0.09,0,0,0,0,5.55,0,0,,0,0
Bank of India Multi Cap Fund Reg (G),Bank Of India Mutual Fund,1335,03-03-2023,-0.41,-3,-0.41,-3.77,-0.72,16.19,10.93,2.3,15.25,,,,,,,20.3,4,Equity: Multi Cap,19.38,6.33,0.96,17.89,16.29,0.75,1.08,Nitin Gosar,0,0,0,1000,1000,31.2,33.35,29.81,3.62,25.95,"For units in excess of 10% of the investment, 1% will be charged for redemption within 3 months",94.36,5.64,0,0,0,,1.84,0.09,0,0,0,0,5.55,14.65,39.84,0.93,110.18,96.49
Bank of India Overnight Fund Reg (G),Bank Of India Mutual Fund,109,28-01-2020,0.01,0.1,0.2,0.41,1.29,2.76,5.47,5.83,6.16,5.82,,,,,,5.18,5,Debt: Overnight,1401.3058,0,0,6.05,0.21,1.71,3.23,Mithraem Bharucha,0,0,5.37,1000,0,0,0,0,0,0,0,0,100,0,0,0,,0.12,3.68,0,0,0,0,96.32,0,0,0.66,0,0
Bank of India Short Term Fund Reg (G),Bank Of India Mutual Fund,260,18-12-2008,0.03,-0.16,0.03,0.13,0.69,2.96,4.62,6.81,7,10.27,7.82,5.14,6.24,,,5.92,2,Debt: Short Duration,28.3933,0,0,6.86,1.59,0.74,1.5,Mithraem Bharucha,2.08,1.74,6.96,1000,1000,0,0,0,0,0,0,0,99.7,0,0,0.3,,1,18.22,0,19.24,56.96,0,5.28,0.59,28.87,0.58,96.72,100
Bank of India Small Cap Fund Reg (G),Bank Of India Mutual Fund,2819,19-12-2018,0.38,-0.63,2.64,0.29,8.13,45.16,29.03,7.57,19.98,18.36,28.48,,,,,25.29,4,Equity: Small Cap,58.63,6.3,0.96,21.59,21.84,0.73,1.08,Alok Singh,0,0,0,0,100,2.36,7.16,76.56,4.76,34.59,"For units in excess of 10% of the investment, 1% will be charged for redemption within 3 months",86.08,13.92,0,0,0,,1.66,0.2,0,0,6.15,0,7.57,16.84,40.65,0.59,100.93,89.99
Bank of India Ultra Short Term Fund Reg (G),Bank Of India Mutual Fund,184,16-07-2008,0.04,0.05,0.19,0.47,1.39,3.19,5.93,6.32,6.38,5.81,5.41,6.14,7.07,,,6.94,2,Debt: Ultra Short Duration,3397.6858,0,0,6.2,0.4,1.28,1.89,Mithraem Bharucha,0.42,0.42,6.7,5000,1000,0,0,0,0,0,0,0,99.73,0,0,0.27,,0.85,6.63,0,0,88.02,0,5.08,0.08,5.11,0.62,99.06,100
Bank of India Value Fund (G),Bank Of India Mutual Fund,,,0,0,0.2,0.2,,,,,,,,,,,,0.2,,Equity: Value,10.02,,,,,,,,,,,0,0,,,,,,,100,0,0,0,0,,,,,,,,,,,,,
Baroda BNP Paribas Aggressive Hybrid Fund Reg (G),Baroda BNP Paribas Mutual Fund,1259,07-04-2017,0.01,-2.83,-1.8,-5.01,-3.06,5.03,-1.63,-2.75,8.48,7.84,11.77,0,0,0,,11.01,3,Hybrid: Aggressive,26.9774,0,0,10.93,10.99,0.48,0.59,Kushant Arora,3.98,2.43,7.05,1000,250,50.04,14.84,7.93,3.46,26.38,"For units in excess of 10% of the investment, 1% will be charged for redemption within 365 days",72.81,26.47,0,0,0.72,,1.86,5.65,0,5.1,10.11,0.48,5.66,8.92,43.5,0.63,81.82,91.67
Baroda BNP Paribas Aqua FoF Reg (G),Baroda BNP Paribas Mutual Fund,65,07-05-2021,0,-0.46,0.07,-3.71,-4.83,5.24,8.57,7.88,14.28,8.01,,,,,,7.97,0,Equity: Global,15.1289,0,0,13.75,15.88,0.51,0.86,Stuti Singhee,0,0,0,1000,500,0,0,0,0,0,1% for redemption within 365 days,0,2.67,0,97.33,0,,1.35,0,0,0,0,0,100,12.06,47.14,-0.38,-25.71,43.01
Baroda BNP Paribas Arbitrage Fund Reg (G),Baroda BNP Paribas Mutual Fund,1055,28-12-2016,0.12,0.04,0.16,0.58,1.31,2.52,5.52,5.87,6.39,5.84,5.43,,,,,5.67,2,Hybrid: Arbitrage,17.1589,0,0,6.24,0.54,1.01,1.23,Meenakshi Gururaj,0.25,0.24,5.58,1000,250,0,0,0,2.18,13.79,0.25% for redemption within 15 days,0,100,0,0,0,,0.97,13.92,0,0,0,7.66,5.12,0.61,32.38,-2.12,98.4,100
Baroda BNP Paribas Balanced Advantage Fund (G),Baroda BNP Paribas Mutual Fund,5343,14-11-2018,0.14,-2.81,-1.21,-5.41,-2.35,8.29,3.53,1.95,9.78,9.06,12.69,,,,,12.15,4,Hybrid: Balanced Advantage,24.8735,0,0,12.37,11.51,0.58,0.69,Jitendra Sriram,3.6,2.1,6.91,0,250,54.73,19.85,7.11,3.66,27.34,"For units in excess of 10% of the investment, 1% will be charged for redemption within 365 days",81.69,15.02,0,0,3.29,,1.59,2.92,0,2.21,4.33,0,8.67,9.19,43.5,0.9,121.51,99.87
Baroda BNP Paribas Banking and Financial Services Fund (G),Baroda BNP Paribas Mutual Fund,460,22-06-2012,0.34,-4.35,-2.27,-6.91,-2.88,10.37,1.02,2.05,11.5,9.67,10.39,10.58,,,,11.44,3,Equity: Sectoral,47.2804,3.53,0.97,15.22,15.71,0.61,0.78,Silky Jain,0,0,0,1000,500,56.14,23.96,16.03,2.31,18.75,1% for redemption within 30 days,96.13,3.87,0,0,0,,2.1,1.09,0,0,0,0,2.78,14.11,44.23,0.65,112.78,100
Baroda BNP Paribas Banking and PSU Bond Fund Reg (G),Baroda BNP Paribas Mutual Fund,27,17-12-2020,0,0,0.04,0.6,1.07,2.67,7.7,8.1,7.38,0,,,,,,5.38,2,Debt: Banking and PSU,12.8884,6.25,3.12,6.95,1.35,0.48,0.81,Gurvinder Singh Wasan,4.44,3.48,6.66,1000,500,0,0,0,0,0,0,0,99.43,0,0,0.57,,0.8,17.47,0,0,69.99,0,11.97,0.67,24.12,-1.14,97.12,100
Baroda BNP Paribas Business Conglomerates Fund Reg (G),Baroda BNP Paribas Mutual Fund,647,22-09-2025,-0.33,-4.65,-3.22,-7.22,-3.22,6.11,-5.53,,,,,,,,,-5.37,0,Equity: Thematic,9.452,0,0,0,0,0,0,Kushant Arora,0,0,0,0,0,75.25,12.57,9.27,4.19,26.89,"For units in excess of 10% of the investment, 1% will be charged for redemption within 1 year",97.1,2.9,0,0,0,,2.05,2.31,0,0,0,0,0.59,,,,,
Baroda BNP Paribas Business Cycle Fund Reg (G),Baroda BNP Paribas Mutual Fund,574,15-09-2021,0.06,-2.83,-1.58,-5.87,-1.76,9.81,1.88,-4.36,10.42,9.26,,,,,,9.05,0,Equity: Thematic,15.4785,1.46,1.02,14.16,15.82,0.54,0.67,Ankeet Pandya,0,0,0,0,0,67.11,15.16,13.02,4.07,29.7,"For units in excess of 10% of the investment, 1% will be charged for redemption within 365 days",95.29,4.71,0,0,0,,2.07,0.86,0,0,0,0,3.85,12.08,43.09,0.34,93.69,93.06
Baroda BNP Paribas Childrens Fund Reg (G),Baroda BNP Paribas Mutual Fund,130,27-12-2024,-0.13,-3.5,-1.46,-6.31,-2.66,7.96,1.81,,,,,,,,,3.67,0,Solution: Children Equity,10.6767,0,0,0,0,0,0,Silky Jain,0,0,0,1000,250,54.7,25.05,14.11,3.97,28.87,1% for redemption within 1 year,93.85,6.15,0,0,0,,2.1,1.58,0,0,0.01,0,4.56,0,0,,0,0
Baroda BNP Paribas Conservative Hybrid Reg (G),Baroda BNP Paribas Mutual Fund,944,23-09-2004,0.06,-0.77,-0.1,-1.2,-0.4,4.39,3.45,3.24,6.73,5.78,6.69,6.51,7.81,6.91,,7.16,3,Hybrid: Conservative,46.1843,0,0,7.22,4.11,0.37,0.46,Ankeet Pandya,3.46,2.18,7.19,1000,250,11.74,4.85,4.04,3.62,26.69,1% for redemption within 180 days,20.63,79.08,0,0,0.29,,1.7,8.36,0,11.78,50.71,0,8.23,3.08,40.14,0.32,115.57,95.33
Baroda BNP Paribas Corporate Bond Fund (G),Baroda BNP Paribas Mutual Fund,,,0.07,-0.09,0.06,0.23,0.84,3.56,5.43,6.91,7.38,5.9,6.25,5.6,6.73,,,6.19,,Debt: Corporate Bond,29.4794,,,,,,,,,,,1000,500,,,,,,,3.3,94.96,0,0,1.74,,,,,,,,,0.73,26.9,,175.54,75.04
Baroda BNP Paribas Corporate Bond Fund Reg (G),Baroda BNP Paribas Mutual Fund,275,08-11-2008,0.07,-0.09,0.06,0.23,0.84,3.56,5.43,6.92,7.39,5.93,6.32,5.64,6.68,,,7.05,0,Debt: Corporate Bond,34.12,0,0,7.24,1.63,0.95,1.67,Gurvinder Singh Wasan,2.68,2.14,7.25,1000,0,0,0,0,0,0,0,0,96.99,0,0,3.01,,0.56,0.37,0,0,79.71,0,19.44,0.73,26.9,-0.17,175.53,75.04
Baroda BNP Paribas Credit Risk Fund Plan A (G),Baroda BNP Paribas Mutual Fund,178,23-01-2015,0,0,-0.07,0.13,1.57,2.71,6.01,7.26,7.49,8.26,7.69,7.27,,,,7.77,4,Debt: Credit Risk,23.7781,0,0,7.28,0.88,1.73,3.34,Gurvinder Singh Wasan,2.14,1.74,7.62,1000,500,0,0,0,0,0,"For units in excess of 10% of the investment, 1% will be charged for redemption within 365 days",0,99.63,0,0,0.37,,1.36,7.86,0,66,1.85,0,23.92,0.41,20.2,0.25,186.25,71.89
Baroda BNP Paribas Dividend Yield Fund Reg (G),Baroda BNP Paribas Mutual Fund,585,11-09-2024,-0.32,-3.74,-2.08,-6.21,-1.93,6.26,-1.1,-4.46,,,,,,,,-3.53,0,Equity: Thematic,9.2897,0,0,0,0,0,0,Himanshu Singh,0,0,0,1000,250,62.34,29.99,2.25,3.8,23.73,"For units in excess of 10% of the investment, 1% will be charged for redemption within 1 year",94.58,5.42,0,0,0,,2.06,1.71,0,0,0,0,3.71,0,0,,0,0
Baroda BNP Paribas Dynamic Term Fund Plan A Reg (G),Baroda BNP Paribas Mutual Fund,,,-0.02,-0.33,-0.12,-0.17,-0.27,2.54,1.73,3.19,5.13,0,0,0,,,,5.25,,Debt: Dynamic Bond,32.7134,,,,,,,,,,,0,0,,,,,,,0,99.38,0,0,0.62,,,,,,,,,1.87,43.17,,136.77,91.52
Baroda BNP Paribas Dynamic Term Fund Reg (G),Baroda BNP Paribas Mutual Fund,115,23-09-2004,-0.02,-0.33,-0.12,-0.17,-0.27,2.54,1.73,3.19,5.13,4.86,5.16,5.35,,,,7.2,2,Debt: Dynamic Bond,46.4542,0,0,5.23,2.85,-0.16,-0.22,Gurvinder Singh Wasan,5.93,3.04,6.62,1000,500,0,0,0,0,0,0,0,99.3,0,0,0.7,,1.44,20.46,0,0,49.83,0,29.17,1.87,43.17,-1.13,136.77,91.52
Baroda BNP Paribas ELSS Tax Saver Fund Reg (G),Baroda BNP Paribas Mutual Fund,930,05-01-2006,-0.17,-4.11,-2.33,-7.43,-2.95,8.86,1.56,-1.61,12.65,9.64,13.25,11.79,13.86,10.97,,11.47,4,Equity: ELSS,95.0265,3.7,0.96,16.04,15.24,0.68,0.89,Silky Jain,0,0,0,500,500,62.21,23.47,11.23,4.07,30.07,0,96.92,3.08,0,0,0,,1.95,0,0,0,0.03,0,3.05,13.04,41.87,0.72,100.62,94.28
Baroda BNP Paribas Energy Opp Fund (G),Baroda BNP Paribas Mutual Fund,627,10-02-2025,0.07,-2.96,-1.4,-3.98,-7.09,-0.01,-1.8,,,,,,,,,6.34,0,Equity: Thematic,11.0958,0,0,0,0,0,0,Kirtan Mehta,0,0,0,1000,500,61.65,24.4,8.4,2.12,16.78,"For units in excess of 10% of the investment, 1% will be charged for redemption within 1 year",94.45,5.55,0,0,0,,2.05,1.59,0,0,0,0,3.96,0,0,,0,0
Baroda BNP Paribas Equity Savings Fund Reg (G),Baroda BNP Paribas Mutual Fund,289,25-07-2019,0.1,-1.26,-0.44,-2.32,-0.49,5.11,3.31,2.92,7.8,6.88,7.65,,,,,7.68,3,Hybrid: Equity Savings,17.0988,0,0,8.81,5.98,0.52,0.67,Jitendra Sriram,3.05,2.56,6.96,0,250,29.56,7.64,2.83,2.78,22.39,1% for redemption within 30 days,40.03,58.83,0,0,1.14,,2.1,16.56,0,3.95,31.12,0,6.39,4.69,39.57,0.56,-54.17,82.14
Baroda BNP Paribas ESG Best-in-class strategy Fund (G),Baroda BNP Paribas Mutual Fund,618,05-03-2026,-0.29,-4.08,-3.13,-7.54,-3.79,0.09,,,,,,,,,,-1.92,0,Equity: Thematic,9.8085,0,0,0,0,0,0,Kushant Arora,0,0,0,0,0,74.32,13.71,7.52,4.08,25.3,"For units in excess of 10% of the investment, 1% will be charged for redemption within 1 year",95.55,4.45,0,0,0,,2.06,1.58,0,0,0,0,2.87,,,,,
Baroda BNP Paribas Flexi Cap Fund Reg (G),Baroda BNP Paribas Mutual Fund,1272,17-08-2022,0,-3.14,-1.71,-6.41,-2.76,10.28,1.16,-3.94,9.97,,,,,,,10.74,3,Equity: Flexi Cap,15.227,0.94,1,13.52,15.69,0.5,0.6,Jitendra Sriram,0,0,0,1000,250,55.7,30.43,11.08,3.41,28.44,"For units in excess of 10% of the investment, 1% will be charged for redemption within 365 days",97.21,2.79,0,0,0,,1.85,1.13,0,0,0,0,1.54,13.64,42.95,0.13,98.85,95.93
Baroda BNP Paribas Focused Fund Reg (G),Baroda BNP Paribas Mutual Fund,660,06-10-2017,-0.04,-4.09,-2.74,-7.74,-3.86,5.84,-5.41,-7.99,5.38,6.29,10.63,,,,,7.96,2,Equity: Focused,19.9869,-2.94,1.08,10.21,17.15,0.26,0.33,Jitendra Sriram,0,0,0,1000,250,68.37,19.39,8.89,3.4,25.09,"For units in excess of 10% of the investment, 1% will be charged for redemption within 365 days",96.65,3.35,0,0,0,,2.05,0.88,0,0,0,0,1.11,14.66,44.72,-0.56,105.61,102.37
Baroda BNP Paribas GILT FUND (G),Baroda BNP Paribas Mutual Fund,575,21-03-2002,-0.01,-0.41,0.08,-0.25,-0.8,3.43,2.74,4.29,6.12,5.11,5.47,5.63,7.26,7.13,,6.29,4,Debt: Gilt Fund 10 yr duration,43.7807,0,0,6.14,3.37,0.13,0.18,Gurvinder Singh Wasan,13.27,5.59,6.4,1000,500,0,0,0,0,0,0,0,100,0,0,0,,0.36,83.98,0,0,0,0,16.02,2.01,40.75,-0.42,124.64,93.36
Baroda BNP Paribas Gold E T F FoF (G),Baroda BNP Paribas Mutual Fund,192,20-08-2025,0.66,-2.93,-1.87,-4.27,4.68,0.21,25.18,,,,,,,,,38.55,0,Commodity: Gold,14.5788,0,0,0,0,0,0,Gurvinder Singh Wasan,0,0,0,1000,500,0,0,0,0,0,1% for redemption within 15 days,0,0.25,99.75,0,0,,0.4,0,0,0,0,0,0.25,0,0,,0,0
Baroda BNP Paribas Health and Wellness Fund (G),Baroda BNP Paribas Mutual Fund,507,27-06-2025,-1.85,-3.97,-1.06,-3.85,2.09,15.06,10.84,,,,,,,,,3.61,0,Equity: Sectoral,10.475,0,0,0,0,0,0,Ankeet Pandya,0,0,0,0,0,32.04,44.4,22.34,7.16,45.73,"For units in excess of 10% of the investment, 1% will be charged for redemption within 1 year",98.78,1.22,0,0,0,,2.09,0,0,0,0,0,1.22,0,0,,0,0
Baroda BNP Paribas Income Plus Arbitrage Active FOF Reg (G),Baroda BNP Paribas Mutual Fund,81,23-05-2025,0.09,-0.04,0.11,0.38,1.08,3.29,5.74,,,,,,,,,5.37,0,Hybrid: Fof Domestic Income Plus Arbitrage,10.7572,0,0,0,0,0,0,Vikram Pamnani,0,0,0,1000,500,0,0,0,0,0,0,0,100,0,0,0,,0.19,0,0,0,0,98.08,1.89,0,0,,0,0
Baroda BNP Paribas India Consumption Fund Reg (G),Baroda BNP Paribas Mutual Fund,1454,07-09-2018,-0.39,-3.9,-1.84,-6.4,-2.33,7.14,-8.87,-8.55,7.3,8.19,13.14,,,,,14.02,3,Equity: Thematic,29.0429,-1.14,0.93,11,15.63,0.34,0.4,Himanshu Singh,0,0,0,1000,500,73.49,17.32,6.97,7.54,36.69,"For units in excess of 10% of the investment, 1% will be charged for redemption within 365 days",97.78,2.22,0,0,0,,1.82,0,0,0,0.04,0,2.18,10.85,45.8,-0.75,65.2,83.86
Baroda BNP Paribas Innovation Fund Reg (G),Baroda BNP Paribas Mutual Fund,918,05-03-2024,-0.4,-4.33,-1.79,-5.31,1.25,16.62,9.54,0.92,,,,,,,,11.6,0,Equity: Thematic,13.2632,0,0,0,0,0,0,Abhay Joshi,0,0,0,1000,500,31.71,35.28,27.5,7.65,56.64,"For units in excess of 10% of the investment, 1% will be charged for redemption within 1 year",94.49,5.51,0,0,0,,1.95,1.05,0,0,0.05,0,4.25,0,0,,0,0
Baroda BNP Paribas Large and Mid cap Fund Reg (G),Baroda BNP Paribas Mutual Fund,1877,04-09-2020,0.37,-3.3,-1.4,-6.49,-2.11,10.27,1.04,-4.01,11.32,10.11,,,,,,17.32,3,Equity: Large & Mid Cap,26.3885,2.36,1.03,14.68,16.14,0.56,0.67,Jitendra Sriram,0,0,0,1000,250,47.64,39.72,7.46,3.78,30.16,"For units in excess of 10% of the investment, 1% will be charged for redemption within 365 days",94.82,5.18,0,0,0,,1.77,0.78,0,0,0,0,4.27,13.43,43.22,0.01,101.11,95.9
Baroda BNP Paribas Large Cap Fund Reg (G),Baroda BNP Paribas Mutual Fund,2641,23-09-2004,-0.26,-3.85,-2.27,-6.54,-2.92,5.83,-2.51,-5.49,9.03,8.41,12.14,11.56,13.29,11.52,,14.83,4,Equity: Large Cap,210.164,1.63,0.99,12.69,14.5,0.48,0.61,Jitendra Sriram,0,0,0,1000,500,85.67,11.75,0.02,3.5,23.52,1% for redemption within 30 days,97.44,2.56,0,0,0,,1.7,0.76,0,0,0,0,1.17,11.52,43.9,0.49,93.73,94.21
Baroda BNP Paribas Liquid Fund Plan A (G),Baroda BNP Paribas Mutual Fund,13194,05-02-2009,0.02,0.09,0.22,0.47,1.52,3.34,6.33,6.53,6.78,6.26,5.6,6.03,7,,,6.88,3,Debt: Liquid,3237.3542,0,0,6.61,0.2,4.59,9.27,Gurvinder Singh Wasan,0.11,0.11,6.31,1000,500,0,0,0,0,0,Exit load of 0.0070% if redeemed within 1 day. 0.0065% if redeemed within 2 days. 0.0060% if redeemed within 3 days. 0.0055% if redeemed within 4 days. 0.0050% if redeemed within 5 days. 0.0045% if redeemed within 6 days.,0,99.05,0,0.75,0.2,,0.18,7.93,0,0.57,79.8,0,11.5,0,0,3.44,0,0
Baroda BNP Paribas Manufacturing Fund Reg (G),Baroda BNP Paribas Mutual Fund,850,28-06-2024,-0.36,-3.09,-0.71,-6.75,-1.54,11.3,9.52,1.11,,,,,,,,2.55,0,Equity: Thematic,10.5848,0,0,0,0,0,0,Himanshu Singh,0,0,0,1000,500,58.49,21.83,16.89,5.47,33.66,"For units in excess of 10% of the investment, 1% will be charged for redemption within 1 year",97.21,2.79,0,0,0,,1.97,1.32,0,0,0,0,0.82,0,0,,0,0
Baroda BNP Paribas Mid cap Fund Reg (G),Baroda BNP Paribas Mutual Fund,2658,02-05-2006,0.03,-4.79,-2.62,-6.71,-3.96,11.02,6.3,-0.17,13.6,12.83,19.17,14.19,17.56,13.15,,12.27,3,Equity: Mid Cap,106.1011,1.34,0.85,17.06,15.39,0.74,0.9,Ankeet Pandya,0,0,0,1000,500,12.36,68.59,14.93,4.4,28.1,"For units in excess of 10% of the investment, 1% will be charged for redemption within 365 days",95.88,4.12,0,0,0,,1.7,0.74,0,0,0.01,0,3.37,13.6,39.84,-0.23,87.1,87.49
Baroda BNP Paribas Money Market Fund (G),Baroda BNP Paribas Mutual Fund,3626,19-06-2019,0.05,0.08,0.23,0.5,1.59,3.54,6.28,6.95,7.02,6.26,5.54,,,,,5.32,3,Debt: Money Market,1490.9914,0,0,6.83,0.53,2.15,3.07,Gurvinder Singh Wasan,0.48,0.48,6.85,0,500,0,0,0,0,0,0,0,99.63,0,0,0.37,,0.33,11.86,0,0,84.92,0,2.85,0.12,5.93,1.68,96.76,100
Baroda BNP Paribas Multi Asset Active FoF Reg (G),Baroda BNP Paribas Mutual Fund,115,30-05-2025,0.1,-1.46,-0.82,-2.16,0.53,2.75,7.17,,,,,,,,,8.45,0,Others: FoFs Domestic,11.1828,0,0,0,0,0,0,Gurvinder Singh Wasan,0,0,0,1000,500,18.91,2.59,0,0,0,1% for redemption within 1 year,21.51,58.67,19.82,0,0,,0.93,0,0,0,0,58.63,0.04,0,0,,0,0
Baroda BNP Paribas Multi Asset Fund Reg (G),Baroda BNP Paribas Mutual Fund,1464,19-12-2022,0.06,-3.13,-1.88,-5.48,-2.35,5,3.76,2.18,12.25,,,,,,,12.58,2,Hybrid: Multi Asset,15.58,0,0,14.43,10.94,0.8,1,Kushant Arora,4.07,2.59,6.6,1000,250,47.85,16.72,5.54,3.43,26.19,"For units in excess of 10% of the investment, 1% will be charged for redemption within 365 days",70.11,13.96,14.85,0,1.08,,1.73,3.27,0,0.67,5.6,0,5.5,9.29,43.22,1.52,63.54,79.19
Baroda BNP Paribas Multi Cap Fund (G),Baroda BNP Paribas Mutual Fund,3493,12-09-2003,0.09,-3.44,-1.41,-6.01,-2.3,11.67,1.19,-2.61,12.39,10.75,16.58,12.92,13.18,12.29,,15.65,3,Equity: Multi Cap,282.9622,3.99,0.91,15.25,15.69,0.61,0.73,Himanshu Singh,0,0,0,1000,250,44.13,27.7,26.93,3.96,31.07,1% for redemption within 365 days,98.77,1.23,0,0,0,,1.65,0.14,0,0,0.02,0,1.07,13.74,41.11,0.17,96.72,93.06
Baroda BNP Paribas NIFTY 50 Index Fund Reg (G),Baroda BNP Paribas Mutual Fund,54,29-01-2024,-0.42,-3.5,-2.15,-6.04,-5.01,1.85,-7.62,-5.91,,,,,,,,2.47,0,Equity: Index,10.5817,0,0,0,0,0,0,Meenakshi Gururaj,0,0,0,1000,250,98.47,1.34,0,3.1,20.1,0.2% for redemption within 30 days,99.81,0.19,0,0,0,,0.48,0,0,0,0,0,0.19,0,0,,0,0
Baroda BNP Paribas Nifty Midcap 150 Index Fund Reg (G),Baroda BNP Paribas Mutual Fund,11,04-11-2024,0.07,-4.84,-2.43,-7.32,-4.27,11.86,2.94,,,,,,,,,1.97,0,Equity: Index,10.3776,0,0,0,0,0,0,Meenakshi Gururaj,0,0,0,1000,500,10.79,84.57,4.23,4.01,25.07,0.2% for redemption within 7 days,99.59,0.41,0,0,0,,0.9,0,0,0,0,0,0.41,0,0,,0,0
Baroda BNP Paribas Nifty SDL Dec 2026 Index Fund Reg (G),Baroda BNP Paribas Mutual Fund,89,25-01-2023,0,0,0.01,0.25,1.26,2.56,5.58,6.7,7.07,,,,,,,7.05,0,Debt: Medium Duration,12.7406,0,0,6.85,0.79,1.4,2.42,Gurvinder Singh Wasan,0.45,0.45,5.62,1000,1000,0,0,0,0,0,0,0,100,0,0,0,,0.37,97.1,0,0,0,0,2.9,0.34,20.47,-0.34,195.01,69.95
Baroda BNP Paribas Nifty SDL Dec 2028 Index Fund Reg (G),Baroda BNP Paribas Mutual Fund,117,24-03-2023,0.09,-0.2,-0.06,0.05,0.63,2.27,4.96,6.2,7.06,,,,,,,7.21,0,Debt: Medium Duration,12.783,0,0,6.97,1.98,0.65,0.91,Gurvinder Singh Wasan,2.33,2.15,6.66,1000,1000,0,0,0,0,0,0,0,100,0,0,0,,0.41,95.26,0,0,0,0,4.74,1.07,35.45,-0.35,182.12,73.53
Baroda BNP Paribas Nifty200 Momentum 30 Index Fund Reg (G),Baroda BNP Paribas Mutual Fund,22,15-10-2024,-0.02,-3.73,-0.74,-5.87,-4.5,8.71,-2.19,0,,,,,,,,-12.44,0,Equity: Large Cap,7.7095,0,0,0,0,0,0,Meenakshi Gururaj,0,0,0,1000,500,66.15,33.73,0,4.53,22.35,0.2% for redemption within 7 days,99.88,0.12,0,0,0,,0.9,0,0,0,0,0,0.12,0,0,,0,0
Baroda BNP Paribas Overnight Fund (G),Baroda BNP Paribas Mutual Fund,852,25-04-2019,0.01,0.1,0.21,0.4,1.26,2.57,5.21,5.62,5.98,5.66,5.03,,,,,5.06,4,Debt: Overnight,1444.1702,0,0,5.87,0.2,0.93,1.9,Gurvinder Singh Wasan,0.01,0.01,5.26,0,500,0,0,0,0,0,0,0,100,0,0,0,,0.09,2.34,0,0,0,0,97.66,0,0,-0.78,0,0
Baroda BNP Paribas Retirement Fund Reg (G),Baroda BNP Paribas Mutual Fund,405,28-05-2024,0,-2.88,-1.2,-4.93,-1.88,8.59,1.92,0.1,,,,,,,,5.09,0,Solution: Retirement Equity,11.222,0,0,0,0,0,0,Silky Jain,0,10.45,7.39,1000,250,42.62,18.61,10.93,3.97,29.47,0,72.17,27.83,0,0,0,,2.1,22.51,0,1.05,1.25,0,3.02,0,0,,0,0
Baroda BNP Paribas Services Fund (G),Baroda BNP Paribas Mutual Fund,623,03-08-2026,-0.04,-4.47,-3.61,-7.15,,,,,,,,,,,,-7.15,0,Equity: Thematic,9.2854,0,0,0,0,0,0,Kirtan Mehta,0,0,0,0,0,51.65,24.4,11.43,3.31,21.77,"For units in excess of 10% of the investment, 1% will be charged for redemption within 1 year",87.48,12.52,0,0,0,,2.06,0,0,0,0,0,12.52,,,,,
Baroda BNP Paribas Short Term Fund (G),Baroda BNP Paribas Mutual Fund,431,30-06-2010,0.04,-0.09,0.06,0.26,0.82,3.1,4.72,6.19,6.7,5.8,5.96,6.51,7.32,,,7.2,3,Debt: Short Duration,31.0667,0,0,6.6,1.37,0.66,1.02,Gurvinder Singh Wasan,1.84,1.59,7.2,1000,500,0,0,0,0,0,0,0,99.6,0,0,0.4,,0.88,6.31,0,29.52,50.1,0,13.67,0.56,25,0.49,97.65,100
Baroda BNP Paribas Small Cap Fund Reg (G),Baroda BNP Paribas Mutual Fund,1309,30-10-2023,0.83,-2.72,-0.58,-2.52,1.7,20.2,8.94,-1.71,,,,,,,,11.95,0,Equity: Small Cap,13.9038,0,0,0,0,0,0,Himanshu Singh,0,0,0,1000,500,5.57,16.65,74.37,3.86,30.77,"For units in excess of 10% of the investment, 1% will be charged for redemption within 1 year",96.59,3.41,0,0,0,,1.85,0,0,0,0,0,3.41,0,0,,0,0
Baroda BNP Paribas Ultra Short Term Fund (G),Baroda BNP Paribas Mutual Fund,666,01-06-2018,0.04,0.07,0.21,0.49,1.58,3.58,6.4,6.86,7.03,6.49,5.97,,,,,6.32,5,Debt: Ultra Short Duration,1667.2018,0,0,6.84,0.42,2.71,3.79,Gurvinder Singh Wasan,0.45,0.43,7,1000,500,0,0,0,0,0,0,0,99.48,0,0,0.52,,0.37,0,0,6.74,81.59,0,11.15,0.07,4.55,2.15,96.7,100
Baroda BNP Paribas Ultra Short to Short Term Fund (G),Baroda BNP Paribas Mutual Fund,,,0.04,0.01,0.15,0.37,1.24,3.15,5.51,6.34,6.53,5.82,5.84,6.13,7.02,7.24,,7.2,,Debt: Low Duration,42.9548,,,,,,,,,,,1000,500,,,,,,,0,99.7,0,0,0.3,,,,,,,,,0.17,8.55,,98.34,100
Baroda BNP Paribas Ultra Short to Short Term Fund Reg (G),Baroda BNP Paribas Mutual Fund,382,21-10-2005,0.04,0.01,0.15,0.37,1.24,3.15,5.51,6.34,6.55,5.91,6.11,6.42,7.15,7.27,,7.21,2,Debt: Low Duration,43.0294,0,0,6.39,0.61,1.15,1.63,Gurvinder Singh Wasan,0.72,0.67,6.9,1000,0,0,0,0,0,0,0,0,99.77,0,0,0.23,,0.88,3.45,0,13.1,72.2,0,11.02,0.17,8.55,0.79,98.26,100
Baroda BNP Paribas Value Fund Reg (G),Baroda BNP Paribas Mutual Fund,993,07-06-2023,-0.33,-3.35,-1.39,-5.38,-3.37,5.06,-3.15,-7.39,6.78,,,,,,,8.58,1,Equity: Value,13.1385,-1.87,0.96,10.47,15.11,0.32,0.43,Ankeet Pandya,0,0,0,1000,250,65.6,19.04,9.52,3.35,22.54,"For units in excess of 10% of the investment, 1% will be charged for redemption within 1 year",94.16,5.84,0,0,0,,1.92,0.49,0,0,0,0,5.35,13.48,44.58,-0.66,96.52,97.73
Canara Robeco Aggressive Hybrid Fund Reg (G),Canara Robeco Mutual Fund,11371,01-02-1993,0.04,-2.81,-1.31,-4.75,-2.24,6.46,-1.08,-1.25,8.78,7.51,11.98,10.98,12.68,,,11.35,3,Hybrid: Aggressive,354.33,0,0,11.02,11.27,0.47,0.6,Suman Prasad,2.22,1.23,6.78,1000,1000,57.03,13.63,8.56,3.42,22.71,"For units in excess of 10% of the investment, 1% will be charged for redemption within 365 days",79.23,20.77,0,0,0,,1.48,4.76,0,0,12.31,0,3.7,9.24,41.66,0.78,90,93.96
Canara Robeco Balanced Advantage Fund Reg (G),Canara Robeco Mutual Fund,1111,02-08-2024,0.2,-2.46,-1.39,-3.97,-1.98,5.2,-2.94,-2.52,,,,,,,,-0.42,0,Hybrid: Balanced Advantage,9.91,0,0,0,0,0,0,Avnish Jain,2.91,2.32,6.69,1000,1000,59.01,6.24,12.49,3.11,21.23,"For units in excess of 12% of the investment, 1% will be charged for redemption within 365 days",77.75,22.25,0,0,0,,1.9,7.28,0,0,11.5,0,3.47,0,0,,0,0
Canara Robeco Banking And Financial Services Fund (G),Canara Robeco Mutual Fund,632,20-03-2026,0.29,-4.51,-2.63,-7.25,-4.34,6.03,,,,,,,,,,3.7,0,Equity: Sectoral,10.37,0,0,0,0,0,0,Amit Kadam,0,0,0,0,0,62.49,16.78,16.33,2.66,19.91,"For units in excess of 12% of the investment, 1% will be charged for redemption within 365 days",95.6,4.4,0,0,0,,2.05,0,0,0,0,0,4.4,,,,,
Canara Robeco Banking and PSU Debt Fund Reg (G),Canara Robeco Mutual Fund,167,22-08-2022,0.04,-0.18,-0.02,-0.02,0.18,2.71,4.16,5.53,6.19,,,,,,,6.02,2,Debt: Banking and PSU,12.7268,0,0,6.18,1.44,0.34,0.52,Avnish Jain,3.17,2.71,6.95,1000,1000,0,0,0,0,0,0,0,99.24,0,0,0.76,,0.6,6.4,0,0,83.31,0,9.53,0.6,24.55,-1,99.2,100
Canara Robeco Conservative Hybrid Fund Auto Repurchase Fund,Canara Robeco Mutual Fund,,,-0.05,-1.12,-0.52,-1.51,-0.41,4.43,1.36,2.41,6.21,5.61,7.7,7.25,8.21,8.86,9.15,8.66,,Hybrid: Conservative,98.4523,,,,,,,,,,,1000,1000,,,,,,,25,75,0,0,0,,,,,,,,,3.06,41.57,,112.56,96.41
Canara Robeco Conservative Hybrid Fund Reg (G),Canara Robeco Mutual Fund,868,02-04-2001,-0.05,-1.12,-0.52,-1.51,-0.41,4.43,1.36,2.41,6.21,5.61,7.7,7.25,8.21,8.8,8.98,8.98,3,Hybrid: Conservative,98.4523,0,0,6.94,4.34,0.29,0.41,Suman Prasad,2.93,1.76,6.81,1000,1000,15.48,1.76,6.92,4.38,30.65,"For units in excess of 10% of the investment, 1% will be charged for redemption within 365 days",24.16,75.45,0,0,0.39,,1.53,27,0,0,42.47,0,5.98,3.06,41.57,0.14,112.56,96.41
Canara Robeco Consumption Fund Reg.plan (G),Canara Robeco Mutual Fund,1998,14-09-2009,-0.28,-3.83,-1.66,-5.46,-2.19,10.74,-6.13,-6.71,8.27,9.18,14.01,13.47,15.08,,,14.48,3,Equity: Thematic,102.43,-0.94,1.01,11.71,16.06,0.37,0.48,Ennette Fernandes,0,0,0,1000,1000,60.84,18.13,16.22,5.13,36.71,1% for redemption within 365 days,95.19,4.81,0,0,0,,1.76,0,0,0,0,0,4.81,12.1,42.33,0.08,85.07,91.55
Canara Robeco Corporate Bond Fund Reg (G),Canara Robeco Mutual Fund,106,07-02-2014,0.03,-0.18,0.02,0.04,0.46,2.48,4.04,5.19,5.97,5.16,5.65,5.95,,,,6.74,1,Debt: Corporate Bond,22.8372,0,0,5.96,1.36,0.19,0.3,Avnish Jain,3.04,2.49,6.85,1000,1000,0,0,0,0,0,0,0,99.45,0,0,0.55,,0.85,22.36,0,0,71.07,0,6.02,0.59,27.72,-1.1,183.16,75.44
Canara Robeco Dynamic Term Fund Reg (G),Canara Robeco Mutual Fund,82,29-05-2009,-0.07,-0.59,-0.18,-0.63,-0.6,1.65,1.4,2.17,4.43,4.02,4.5,5,6.67,,,6.44,0,Debt: Dynamic Bond,29.5439,0,0,4.58,3.28,-0.34,-0.45,Avnish Jain,7.26,4.38,6.47,1000,1000,0,0,0,0,0,0,0,99.54,0,0,0.46,,1.44,80.26,0,0,5.87,0,13.41,2.11,41.71,-1.16,136.38,93.1
Canara Robeco Dynamic Term Fund Reg (G) Auto Repurchase,Canara Robeco Mutual Fund,,,-0.07,-0.59,-0.18,-0.63,-0.6,1.65,1.4,2.17,4.43,4.02,4.5,5,6.67,,,6.44,,Debt: Dynamic Bond,29.5439,,,,,,,,,,,1000,0,,,,,,,0,99.58,0,0,0.42,,,,,,,,,2.11,41.71,,136.38,93.1
Canara Robeco ELSS Tax Saver Fund Reg (G),Canara Robeco Mutual Fund,8758,31-03-1993,-0.01,-3.55,-1.44,-5.94,-3.86,7.69,-2.1,-3.67,9.19,8.05,14.57,13.24,13.83,,,17.11,3,Equity: ELSS,169.8,0.26,0.94,12.47,14.48,0.47,0.59,Shridatta Bhandwaldar,0,0,0,500,500,73.53,16.75,7.19,3.84,26.49,0,97.47,2.53,0,0,0,,1.52,0,0,0,0.02,0,2.51,11.88,43.28,-0.25,95.47,95.05
Canara Robeco Flexi Cap Fund (G),Canara Robeco Mutual Fund,13615,16-09-2003,-0.09,-3.93,-1.84,-6.34,-3.1,8.29,-3.64,-3.17,9.32,7.54,13.46,12.69,13.09,13.65,0,17.1,3,Equity: Flexi Cap,326.26,0.48,0.93,12.63,14.39,0.48,0.59,Pranav Gokhale,0,0,0,1000,100,71.08,21.19,4.41,4.12,28.98,0,96.68,3.32,0,0,0,,1.46,0,0,0,0.02,0,3.3,11.6,43.56,-0.16,97.28,95.66
Canara Robeco Focused Fund Reg (G),Canara Robeco Mutual Fund,2872,17-05-2021,-0.42,-4.86,-2.49,-6.7,-2.64,6.94,-5.58,-3.41,9.94,9.52,,,,,,12.3,3,Equity: Focused,18.8,1.42,0.93,13.51,14.56,0.54,0.68,Amit Kadam,0,0,0,1000,1000,66.93,20.31,7.93,4.3,31.77,1% for redemption within 365 days,95.16,4.84,0,0,0,,1.68,0,0,0,0.05,0,4.79,11.78,43.5,0.12,97.14,94.98
Canara Robeco Gilt Fund Auto Repurchase Fund,Canara Robeco Mutual Fund,,,0,-0.36,-0.21,-0.45,-0.24,2.52,1.97,2.72,5.17,4.56,5.06,5.59,7.29,7.47,7.47,7.9,,Debt: Gilt Fund,76.5607,,,,,,,,,,,1000,1000,,,,,,,0,100,0,0,0,,,,,,,,,2.39,42.96,,119.49,96.93
Canara Robeco Gilt Fund Reg (G),Canara Robeco Mutual Fund,121,29-12-1999,0,-0.36,-0.21,-0.45,-0.24,2.52,1.97,2.72,5.17,4.56,5.06,5.59,7.29,7.47,7.47,7.97,3,Debt: Gilt Fund,76.5607,0,0,5.24,3.43,-0.13,-0.18,Avnish Jain,6.48,3.9,6.59,1000,1000,0,0,0,0,0,0,0,100,0,0,0,,1.05,92.59,0,0,0,0,7.41,2.39,42.96,-0.71,119.49,96.93
Canara Robeco Infrastructure Fund Reg (G),Canara Robeco Mutual Fund,989,02-12-2005,0.43,-3.02,-0.57,-4.95,-6.33,5.52,-0.25,-2.75,16.23,17.24,20.22,14.54,14.47,13.63,,14.23,4,Equity: Sectoral,159.85,4.89,0.65,19.89,19.38,0.73,1.22,Shridatta Bhandwaldar,0,0,0,1000,1000,66.63,18.67,12.01,3.81,25.9,0,97.31,2.69,0,0,0,,1.93,0,0,0,0,0,2.69,16.29,41.25,0.3,113.95,96.55
Canara Robeco Large and Mid cap Fund Auto Repurchase Fund,Canara Robeco Mutual Fund,,,-0.06,-4.34,-2.26,-6.49,-2.07,11.51,-3.2,-3.6,10.34,8.56,15.19,13.25,17.67,14.97,,15.98,,Equity: Large & Mid Cap,244.65,,,,,,,,,,,1000,1000,,,,,,,96.01,3.99,0,0,0,,,,,,,,,13.15,44.23,,102.03,96.98
Canara Robeco Large and Mid cap Fund Reg (G),Canara Robeco Mutual Fund,26062,11-03-2005,-0.06,-4.34,-2.26,-6.49,-2.07,11.51,-3.2,-3.6,10.34,8.56,15.19,13.25,17.67,15.08,,15.98,2,Equity: Large & Mid Cap,244.65,1.33,1.02,13.58,15.88,0.5,0.66,Amit Nadekar,0,0,0,1000,1000,46.74,40.19,10.78,5.12,35.01,1% for redemption within 365 days,97.71,2.29,0,0,0,,1.37,0,0,0,0.05,0,2.24,13.15,44.23,-0.22,102.03,96.98
Canara Robeco Large Cap Fund (G),Canara Robeco Mutual Fund,17136,20-08-2010,-0.22,-3.81,-2.01,-6.37,-3.79,4.94,-6.05,-4.63,7.86,6.86,12.5,11.94,12.62,,,11.45,3,Equity: Large Cap,58.37,0.47,0.94,11.28,13.59,0.41,0.51,Shridatta Bhandwaldar,0,0,0,100,100,87.17,10.71,0.02,3.61,25.2,1% for redemption within 365 days,97.9,2.1,0,0,0,,1.43,0,0,0,0.01,0,2.09,11.18,44.23,0.01,95.14,95.94
Canara Robeco Liquid Fund Reg plan (G),Canara Robeco Mutual Fund,6783,14-07-2008,0.02,0.08,0.21,0.46,1.51,3.35,6.36,6.6,6.85,6.29,5.54,5.94,6.9,,,6.9,3,Debt: Liquid,3390.7752,0,0,6.68,0.21,4.73,8.77,Avnish Jain,0.12,0.12,6.42,1000,0,0,0,0,0,0,Exit load of 0.0070% if redeemed within 1 day. 0.0065% if redeemed within 2 days. 0.0060% if redeemed within 3 days. 0.0055% if redeemed within 4 days. 0.0050% if redeemed within 5 days. 0.0045% if redeemed within 6 days.,0,99.79,0,0,0.21,,0.15,11.6,0,0,78.85,0,9.34,0,0,3.69,0,0
Canara Robeco Manufacturing Fund Reg (G),Canara Robeco Mutual Fund,1689,11-03-2024,0.15,-2.83,0.44,-3.71,-0.07,21.25,10,1.91,,,,,,,,13.27,0,Equity: Thematic,13.75,0,0,0,0,0,0,Pranav Gokhale,0,0,0,1000,1000,46.99,18.64,32.48,5.62,40.65,1% for redemption within 365 days,98.11,1.89,0,0,0,,1.78,0,0,0,0,0,1.89,0,0,,0,0
Canara Robeco Medium to Long Term Fund Auto Repurchase fund,Canara Robeco Mutual Fund,,,-0.04,-0.48,-0.08,-0.44,-0.47,1.97,2.07,3.3,5.01,4.11,4.84,5.4,6.71,7.66,,7.48,,Debt: Medium to Long Duration,56.6899,,,,,,,,,,,1000,1000,,,,,,,0,99.67,0,0,0.33,,,,,,,,,1.49,40.61,,149.26,87.98
Canara Robeco Medium to Long Term Fund Reg (G),Canara Robeco Mutual Fund,111,19-09-2002,-0.04,-0.48,-0.08,-0.44,-0.47,1.97,2.07,3.3,5.01,4.11,4.84,5.4,6.71,7.66,,7.48,1,Debt: Medium to Long Duration,56.6899,0,0,5.06,2.31,-0.27,-0.46,Avnish Jain,10.04,4.38,6.55,1000,1000,0,0,0,0,0,0,0,99.66,0,0,0.34,,1.59,88.28,0,0,0,0,11.38,1.49,40.61,-2.05,149.26,87.98
Canara Robeco Mid cap Fund Reg (G),Canara Robeco Mutual Fund,4977,02-12-2022,0.28,-4.1,-0.95,-5.73,-1.55,16.38,4.72,0.45,14.67,,,,,,,16.18,3,Equity: Mid Cap,17.76,0.58,0.93,17.28,17.2,0.67,0.91,Pranav Gokhale,0,0,0,1000,1000,17.82,69.08,8.25,4.57,40.03,1% for redemption within 365 days,95.15,4.85,0,0,0,,1.6,0,0,0,0,0,4.85,14.22,41.87,-0.14,104.77,95.2
Canara Robeco Multi Asset Allocation Fund (G),Canara Robeco Mutual Fund,1371,30-05-2025,-0.09,-3.63,-1.89,-4.64,0.18,7.18,5.93,,,,,,,,,6.37,0,Hybrid: Multi Asset,10.9,0,0,0,0,0,0,Avnish Jain,0.34,0.33,5.93,1000,1000,39.05,19.95,8.84,4.32,35.29,"For units in excess of 12% of the investment, 1% will be charged for redemption within 365 days",67.85,17.28,14.87,0,0,,1.79,2.46,0,0,10.42,0,4.4,0,0,,0,0
Canara Robeco Multi Cap Fund Reg (G),Canara Robeco Mutual Fund,5751,28-07-2023,-0.07,-3.9,-2.06,-6.42,-1.92,11.13,-0.28,-2.04,11.56,,,,,,,11.86,3,Equity: Multi Cap,14.28,3.55,0.9,14.75,15.33,0.59,0.79,Shridatta Bhandwaldar,0,0,0,1000,1000,42.19,27.83,27.5,4.4,30.72,1% for redemption within 365 days,97.52,2.48,0,0,0,,1.57,0,0,0,0.01,0,2.47,12.43,40.79,0.08,92,91.75
Canara Robeco Overnight Fund (G),Canara Robeco Mutual Fund,737,24-07-2019,0.01,0.1,0.2,0.39,1.26,2.57,5.19,5.6,5.96,5.65,5.03,,,,,5.03,4,Debt: Overnight,1424.2691,0,0,5.86,0.19,0.84,1.73,Avnish Jain,0.01,0.01,5.2,0,0,0,0,0,0,0,0,0,100,0,0,0,,0.1,2.72,0,0,0,0,97.28,0,0,-0.99,0,0
Canara Robeco Short Term Fund Reg (G),Canara Robeco Mutual Fund,284,25-04-2011,0.02,-0.12,0.04,0.14,0.81,2.81,4.57,5.84,6.32,5.4,5.71,6.14,6.59,,,6.59,3,Debt: Short Duration,26.9247,0,0,6.24,1.1,0.5,0.8,Avnish Jain,1.7,1.5,6.94,1000,1000,0,0,0,0,0,0,0,99.42,0,0,0.58,,0.85,16.43,0,0,77.05,0,5.94,0.46,25.55,0.27,98.96,100
Canara Robeco Small Cap Fund Reg (G),Canara Robeco Mutual Fund,14231,15-02-2019,-0.03,-3.71,-1.05,-4.82,-0.23,18.33,4.17,-2.71,10.35,12.61,23,,,,,19.65,3,Equity: Small Cap,39.7,-0.21,0.81,13.56,17.86,0.44,0.59,Pranav Gokhale,0,0,0,0,1000,8.07,15.09,72.72,3.93,32.4,1% for redemption within 365 days,95.88,4.12,0,0,0,,1.45,0,0,0,0,0,4.12,14.72,42.41,-0.66,87.25,91.23
Canara Robeco Ultra Short Term Fund Reg.plan (G),Canara Robeco Mutual Fund,582,14-07-2008,0.04,0.06,0.2,0.45,1.43,3.31,5.87,6.33,6.44,5.74,5.23,5.51,6.65,,,6.75,2,Debt: Ultra Short Duration,4080.8162,0,0,6.27,0.43,1.34,1.96,Avnish Jain,0.52,0.46,6.75,500,500,0,0,0,0,0,0,0,99.69,0,0,0.31,,0.8,5.11,0,0,87.81,0,6.77,0.08,5.66,0.74,98.81,100
Canara Robeco Ultra Short to Short Term Fund Reg (G),Canara Robeco Mutual Fund,1111,04-03-2005,0.05,0.03,0.18,0.43,1.38,3.37,5.94,6.74,6.89,6.16,5.88,6.31,7.22,7.32,,7.26,4,Debt: Low Duration,45.3969,0,0,6.72,0.63,1.63,2.32,Avnish Jain,1.17,0.85,7.06,1000,1000,0,0,0,0,0,0,0,99.65,0,0,0.35,,0.4,5.97,0,0,88.75,0,4.93,0.19,8.98,1.25,97.2,100
Canara Robeco Value Fund Reg (G),Canara Robeco Mutual Fund,1279,03-09-2021,-0.18,-3.62,-1.84,-6.27,-4.11,5.97,-4.43,-6.19,8.3,11.07,,,,,,11.08,2,Equity: Value,17.03,-0.6,0.97,11.8,14.96,0.41,0.52,Vishal Mishra,0,0,0,0,0,67.35,9.93,19.58,3.04,21.48,1% for redemption within 365 days,96.86,3.14,0,0,0,,1.85,0,0,0,0,0,3.14,12.18,41.46,-0.49,93.3,94.98
Capitalmind Arbitrage Fund (G),Capitalmind Mutual Fund,22,16-03-2026,0.54,0.01,0.21,0.23,1.24,2.4,,,,,,,,,,2.79,0,Hybrid: Arbitrage,10.2792,0,0,0,0,0,0,Anoop Vijaykumar,0.06,0.06,5.71,0,0,0,0,0,2.44,14.77,0.25% for redemption within 15 days,0,100,0,0,0,,0.86,0.64,0,0,0,14.77,1.31,,,,,
Capitalmind Flexi Cap Fund Reg (G),Capitalmind Mutual Fund,476,04-08-2025,-0.53,-3.12,-0.19,-4.62,0.83,6.13,3.84,,,,,,,,,-0.06,0,Equity: Flexi Cap,9.9924,0,0,0,0,0,0,Anoop Vijaykumar,0,0,0,1000,1000,33.46,37.17,28.23,4.86,31.06,1% for redemption within 1 month,98.86,1.14,0,0,0,,2.08,0.07,0,0,0.21,0,0.86,0,0,,0,0
Capitalmind Liquid Fund (G),Capitalmind Mutual Fund,98,28-11-2025,0.02,0.08,0.21,0.46,1.5,3.27,,,,,,,,,,5.43,0,Debt: Liquid,1054.3413,0,0,0,0,0,0,Anoop Vijaykumar,0.09,0.09,6.35,0,0,0,0,0,0,0,Exit load of 0.0070% if redeemed within 1 day. 0.0065% if redeemed within 2 days. 0.0060% if redeemed within 3 days. 0.0055% if redeemed within 4 days. 0.0050% if redeemed within 5 days. 0.0045% if redeemed within 6 days.,0,99.71,0,0,0.29,,0.25,14.95,0,0,67.79,0,16.97,,,,,
Capitalmind Multi Asset Allocation Fund (G),Capitalmind Mutual Fund,39,16-03-2026,0,-2.68,-1.05,-4.1,-0.98,-2.98,,,,,,,,,,-3.39,0,Hybrid: Multi Asset,9.6614,0,0,0,0,0,0,Anoop Vijaykumar,0.12,0.12,5.84,0,0,38.21,26.81,1.55,1.92,11.72,1% for redemption within 30 days,66.57,20.99,9.05,0,3.39,,1.73,3.75,0,0,5.08,6.98,8.57,,,,,
Choice Nifty 50 Index Fund (G),Choice Mutual Fund,15,07-04-2026,-0.42,-3.53,-2.17,-6.06,-5.14,-2.23,,,,,,,,,,-2.23,0,Equity: Index,9.7769,0,0,0,0,0,0,Khushi Sancheti,0,0,0,0,0,98.49,1.34,0,3.1,20.1,0,99.83,0.17,0,0,0,,0.38,0,0,0,0,0,0.17,,,,,
Choice Nifty Next 50 Index Fund (G),Choice Mutual Fund,20,07-04-2026,0.41,-3.75,-0.77,-5.46,-2.48,8.28,,,,,,,,,,8.28,0,Equity: Index,10.8277,0,0,0,0,0,0,Diksha Upadhyay,0,0,0,0,0,86.72,13.09,0,3.34,20.08,0,99.81,0.19,0,0,0,,0.56,0,0,0,0,0,0.19,,,,,
Choice Overnight Fund (G),Choice Mutual Fund,152,04-07-2026,0.01,0.09,0.2,0.39,0,,,,,,,,,,,100,0,Debt: Overnight,101.1886,0,0,0,0,0,0,Rochan Pattnayak,0.01,0.01,5.26,0,0,0,0,0,0,0,0,0,100,0,0,0,,0.15,0,0,0,0,0,100,,,,,
DIVINITI SIF Equity Long Short Fund Reg (G),DIVINITI SIF Mutual Fund,291.47,01-12-2025,-0.51,-3.71,-2.37,-6.4,-6.55,-7.75,,,,,,,,,,-12.95,0,SIF: Equity LS,870.5492,0,0,0,0,0,0,Mr. Vasav Sahgal,0,0,0,0,0,59.2,13.36,9.52,5.38,22.9,"10% of the units allotted may be redeemed without any exit load, on or before completion of 6 months from the date of allotment of units. Any redemption in excess of such limit in the first 6 months from the date of allotment shall be subject to the following exit load. ?0.50% if redeemed or switched out on or before completion of 6 months from the date of allotment of unit. Nil, if redeemed or switched out after completion of 6 months from the date of allotment of units.",82.08,17.92,0,0,0,,2.1,10.27,0,0,0,0,7.65,,,,,
DSP 10 year Constant Maturity Gilt Fund Reg (G),DSP Mutual Fund,43,26-09-2014,-0.1,-0.78,-0.39,-0.99,-1.38,1.95,1.57,3.95,5.84,4.6,5.3,5.83,,,,6.85,0,Debt: Gilt Fund 10 yr duration,22.2124,0,0,6.08,2.81,0.14,0.19,Shantanu Godambe,8.91,7.08,6.89,500,500,0,0,0,0,0,0,0,100,0,0,0,,0.43,98.44,0,0,0,0,1.56,2.22,42.72,-0.74,109.24,98.29
DSP Aggressive Hybrid Fund Reg (G),DSP Mutual Fund,11909,27-05-1999,-0.09,-2.2,-0.77,-3.6,-4.01,3.89,-4.85,-2.72,7.85,7.18,11.37,10.34,11.89,11.93,16.04,13.67,3,Hybrid: Aggressive,336.172,0,0,9.92,11.06,0.38,0.53,Abhishek Singh,4.42,1.86,2.24,500,500,52.5,11.51,7.87,2.83,19.48,"For units in excess of 10% of the investment, 1% will be charged for redemption within 364 days",71.88,28.12,0,0,0,,1.46,10.07,0,4.88,6.79,3.38,3,8.39,44.1,,67.41,88.26
DSP Arbitrage Fund Reg Plan (G),DSP Mutual Fund,6646,25-01-2018,0.26,0.06,0.28,0.62,1.46,2.77,5.9,6.16,6.51,5.97,5.4,,,,,5.55,3,Hybrid: Arbitrage,16.016,0,0,6.35,0.53,1.23,1.43,Kaivalya Nadkarni,0,0.1,2.23,500,500,0,0,0,0,0,"For units in excess of 10% of the investment, 0.25% will be charged for redemption within 15 days",0,100,0,0,0,,0.84,0.95,0,0,17.04,10.98,2.83,0.6,28.86,-2.14,98.03,100
DSP Banking & Financial Services Fund Reg (G),DSP Mutual Fund,2065,08-12-2023,0.68,-5.56,-3.24,-8.56,-4.5,11.97,6.2,6.37,,,,,,,,12.53,0,Equity: Sectoral,14.02,0,0,0,0,0,0,Preethi R S,0,0,0,100,100,52.7,20.99,25.14,2.7,19.37,0.5% for redemption within 1 month,98.83,1.17,0,0,0,,1.74,0,0,0,0,0,1.17,0,0,,0,0
DSP Banking and PSU Debt Fund Reg (G),DSP Mutual Fund,3270,14-09-2013,0.04,-0.21,-0.1,-0.13,-0.14,2.84,3.81,5.27,6.51,5.69,6.28,6.57,,,,7.36,1,Debt: Banking and PSU,25.2861,0,0,6.51,2.13,0.39,0.68,Sandeep Yadav,6.77,4.45,7.35,500,500,0,0,0,0,0,0,0,99.63,0,0,0.37,,0.51,15.43,0,0,83.97,0,0.23,0.99,33.38,-0.82,98.02,100
DSP BSE Sensex Next 30 Index Fund Reg (G),DSP Mutual Fund,25,30-01-2025,-0.98,-4.09,-1.85,-5.77,-2.87,8.47,4.21,,,,,,,,,8.61,0,Equity: Index,11.5267,0,0,0,0,0,0,Anil Ghelani,0,0,0,100,100,87.22,12.59,0,3.26,18.24,0,99.81,0.19,0,0,0,,0.8,0,0,0,0,0,0.19,0,0,,0,0
DSP Business Cycle Fund Reg (G),DSP Mutual Fund,1334,17-12-2024,0.11,-3,-1.1,-5.35,-5.02,5.9,-0.95,,,,,,,,,-1.02,0,Equity: Thematic,9.813,0,0,0,0,0,0,Anish Tawakley,0,0,0,100,100,73.22,14.87,5.13,3,22.89,0.5% for redemption within 10 months,93.22,6.78,0,0,0,,1.82,0,0,0,0,0,2.75,0,0,,0,0
DSP Conservative Hybrid Fund Reg (G),DSP Mutual Fund,178,11-06-2004,0.01,-0.8,-0.18,-1.11,-0.73,3.69,2.64,3.62,7.73,6.56,7.56,6.18,7.82,7.9,,8.4,4,Hybrid: Conservative,60.3699,0,0,8.13,3.91,0.62,0.9,Shantanu Godambe,3.19,2.18,5.34,500,500,15.12,3.19,2.88,2.55,18.07,0,21.19,78.47,0,0,0.34,,1.04,54.86,0,7.33,13.63,0,2.65,2.57,39.78,0.95,124.96,91.05
DSP Corporate Bond Fund (G),DSP Mutual Fund,2816,10-09-2018,0.03,0.07,0.21,0.47,1.49,3.34,5.75,6.86,7.11,5.79,6.18,,,,,6.89,5,Debt: Corporate Bond,17.1712,0,0,6.88,0.84,1.42,2.36,Shantanu Godambe,0.02,0.59,6.98,0,500,0,0,0,0,0,0,0,99.65,0,0,0.35,,0.46,13.86,0,0,85.78,0,0.01,0.33,17.99,-0.33,191.43,70.82
DSP Credit Risk Fund Reg (G),DSP Mutual Fund,310,13-05-2003,0.04,-0.14,0.09,0.26,0.84,9.43,10.08,15.67,15.79,12.44,10.15,7.86,8.43,7.96,,7.58,2,Debt: Credit Risk,55.2263,0,0,15.07,7.42,1.26,7.61,Kunal Khudania,2.41,2.36,8.23,500,500,0,0,0,0,0,3% for redemption within 12 months,0,99.74,0,0,0.26,,1.01,13.17,21.52,49.95,11.18,0,3.92,1.18,22.42,1.11,170.34,60.27
DSP CRISIL-IBX 50:50 Gilt Plus SDL April 2033 Index Fund Reg (G),DSP Mutual Fund,277,25-01-2023,0.09,-0.44,-0.28,-0.92,-0.36,2.89,3.97,5.37,6.84,,,,,,,7.15,0,Debt: Medium to Long Duration,12.8949,0,0,7.07,2.78,0.5,0.68,Shantanu Godambe,5.86,4.93,6.99,500,500,0,0,0,0,0,0,0,100,0,0,0,,0.34,97.52,0,0,0,0,2.48,1.44,37.91,-0.32,150.16,83.35
DSP Dynamic Asset Allocation Reg (G),DSP Mutual Fund,3780,06-02-2014,-0.08,-2.24,-1,-3.33,-2.19,3.77,1.29,2.26,8.49,7.04,8.51,7.88,,,,8.43,3,Hybrid: Balanced Advantage,27.969,0,0,9.84,6.49,0.64,0.94,Preethi R S,1.34,0.95,2.17,500,500,42.63,4.5,4.15,2.87,21.31,1% for redemption within 1 month,51.28,48.72,0,0,0,,1.62,12.45,0,6.27,25.41,0,4.46,4.78,41.33,0.47,-18.15,70.48
DSP Dynamic Term Fund (G),DSP Mutual Fund,639,09-05-2007,0.01,-0.68,-0.32,-0.9,-1.49,2.91,1.53,2.65,5.4,4.9,5.79,5.93,7.31,,,6.53,0,Debt: Dynamic Bond,3413.1176,0,0,5.61,4.13,-0.02,-0.03,Kunal Khudania,17.6,8.34,7.36,500,500,0,0,0,0,0,0,0,99.15,0,0,0.85,,1,65.96,0,8.01,21.61,0,3.57,2.4,41.27,-0.49,117.93,96.66
DSP ELSS Tax Saver Fund Reg Fund (G),DSP Mutual Fund,16738,18-01-2007,-0.1,-3.36,-1.9,-6.36,-5.11,5.04,-4.46,-4.78,10.63,9.97,14.97,13.15,15.58,,,13.94,4,Equity: ELSS,131.004,1.7,0.99,14.25,15.5,0.55,0.72,Rohit Singhania,0,0,0,500,500,76.09,15.21,7.45,2.7,19.97,0,98.75,1.25,0,0,0,,1.44,0,0,0,0,0,1.25,12.37,43.42,0.34,99.51,95.2
DSP Equity Saving Fund Reg (G),DSP Mutual Fund,3464,28-03-2016,0.08,-0.91,-0.07,-1.06,-1.15,1.56,1.05,2.06,7.19,6.34,8.08,7.2,,,,7.75,3,Hybrid: Equity Savings,22.021,0,0,7.63,3.91,0.5,0.86,Kaivalya Nadkarni,1.48,0.82,2,500,500,28.09,2.96,2.56,2.76,19.83,0,33.61,66.39,0,0,0,,1.32,22.15,0,1.78,34.69,0,6.85,2.66,41.73,0.56,117.22,93.86
DSP Financial Services Sectoral Debt Fund (G),DSP Mutual Fund,,,0.05,-0.06,0.1,0.36,,,,,,,,,,,,0.44,,Debt: Short Duration,10.0444,,,,,,,,,,,0,0,,,,,,,0,100,0,0,0,,,,,,,,,,,,,
DSP Flexi Cap Fund Reg (G),DSP Mutual Fund,12422,29-04-1997,-0.09,-3.52,-1.21,-6.21,-3.92,8.89,-3.12,-4.39,8.63,7.86,13.26,12.37,13.31,,,12.56,3,Equity: Flexi Cap,98.443,-0.19,0.98,12.24,15.25,0.43,0.56,Bhavin Gandhi,0,0,0,500,100,61.27,22.41,11.62,3.37,22.86,1% for redemption within 364 days,95.3,4.7,0,0,0,,1.47,0,0,0,0,0,4.7,12.41,44.37,-0.22,91.8,93.8
DSP Floating Interest Rates Fund Reg (G),DSP Mutual Fund,321,19-03-2021,0.07,-0.11,-0.03,0.05,0.39,3.29,5.16,6.41,7.35,6.35,,,,,,6.35,3,Debt: Floater,14.0953,0,0,7.28,1.54,1.03,2.01,Karan Mundhra,6.34,3.76,6.9,500,500,0,0,0,0,0,0,0,98.89,0,0,1.11,,0.45,33.97,0,0,60.32,0,4.6,0.71,28.57,0.41,170.64,76.46
DSP Focused Fund Reg Fund (G),DSP Mutual Fund,2642,10-06-2010,0.02,-3.09,-1.34,-5.96,-3.43,9.75,-1.52,-3.29,10.7,8.92,12.09,10.51,11.92,,,10.65,3,Equity: Focused,52.818,1.63,0.96,13.93,15.38,0.54,0.74,Bhavin Gandhi,0,0,0,500,500,56.34,18.05,13.91,3.26,21.86,1% for redemption within 1 month,88.3,11.7,0,0,0,,1.69,0,0,0,0,0,11.7,12.52,42.88,0.18,95.72,93.86
DSP Gilt Fund Reg (G),DSP Mutual Fund,1213,30-09-1999,-0.14,-0.84,0.07,-0.48,-1.26,4.81,2.53,3.32,6.06,5.28,6.22,6.6,7.37,7.56,8.13,8.82,3,Debt: Gilt Fund,98.2385,0,0,6.09,4.86,0.08,0.11,Sandeep Yadav,29.9,11.6,7.68,500,500,0,0,0,0,0,0,0,100,0,0,0,,1,97.64,0,0,0,0,2.36,3.05,43.47,-0.18,96.47,102.37
DSP Global Clean Energy Overseas Equity Omni FoF Reg (G),DSP Mutual Fund,116,14-08-2009,0,-1.38,0.46,-2.99,-8.44,4.2,25.3,20.27,19.2,10.28,11.51,8.19,6.96,,,6.06,0,Equity: Global,27.4128,0,0,17.78,19.62,0.62,1.15,Kaivalya Nadkarni,0,0,0,500,500,0,0,0,0,0,0,0,4.48,0,95.52,0,,2.09,0,0,0,0,0,100,16.7,46.67,0.22,33.84,65.03
DSP Global Innovation Overseas Equity Omni FoF Reg (G),DSP Mutual Fund,1377,14-02-2022,0,0.11,4.15,0.01,2.14,27.12,22.62,24.39,28.5,,,,,,,18.76,0,Equity: Global,22.3693,0,0,25.03,16.92,1.14,2.44,Kaivalya Nadkarni,0,0,0,500,500,0,0,0,0,0,0,0,3.54,0,96.46,0,,1.85,0,0,0,0,0,100,15.64,44.28,0.66,4.28,46.11
DSP Gold E T F FOF Reg (G),DSP Mutual Fund,483,17-11-2023,0.84,-2.53,-1.55,-4.65,4.7,-0.86,26.27,37.7,,,,,,,,32.94,3,Commodity: Gold,22.896,0,0,0,0,0,0,Anil Ghelani,0,0,0,0,0,0,0,0,0,0,0,0,0.06,99.94,0,0,,0.9,0,0,0,0,0,0.06,0,0,,0,0
DSP Healthcare Fund (G),DSP Mutual Fund,3639,30-11-2018,0,-1.11,1.94,-1.32,5.68,26.58,18.27,5.63,20.08,14.33,24.35,,,,,21.2,3,Equity: Sectoral,45.537,0.64,0.84,20.5,14.89,0.99,1.61,Chirag Dagli,0,0,0,0,100,28.64,15.26,53.22,4.21,35.39,0.5% for redemption within 1 month,87.9,2.88,0,9.22,0,,1.64,0,0,0,0,0,2.88,10.82,42.02,-0.11,27.14,58.39
DSP Income Plus Arbitrage Omni FoF Reg (G),DSP Mutual Fund,1493,21-08-2014,0,-0.21,-0.05,0.05,0.37,2.62,4.4,4.79,9.98,5.55,8.59,7.61,,,,6.87,0,Hybrid: Fof Domestic Income Plus Arbitrage,22.4429,0,0,8.73,6.65,0.46,0.8,Shantanu Godambe,0,0,6.98,500,500,0,0,0,0,0,0,0,100,0,0,0,,0.77,0,0,0,0,99.69,0.3,5.24,39.22,-0.29,-46.71,38.14
DSP India T.I.G.E.R. Fund Reg (G),DSP Mutual Fund,6325,11-06-2004,-0.08,-3.93,-0.77,-4.35,-3.76,16.76,12.05,-0.07,17.9,19.5,21.14,16.55,15.65,13.36,,17.27,4,Equity: Sectoral,347.992,5.36,0.66,20.46,19.89,0.74,1.1,Rohit Singhania,0,0,0,100,100,46.62,11.11,24.02,3.56,27.94,1% for redemption within 364 days,81.75,18.25,0,0,0,,1.56,0,0,0,0,0,16.16,15.62,42.06,0.34,104.85,92.19
DSP Large & Mid cap Fund Reg (G),DSP Mutual Fund,18231,16-05-2000,-0.14,-3.98,-1.95,-6.83,-5.48,4.51,-4.01,-4.83,10.74,9.9,14.7,12.81,14.4,13.12,20.39,16.66,3,Equity: Large & Mid Cap,583.612,2.33,1.01,14.51,15.49,0.57,0.74,Nilesh Aiya,0,0,0,500,100,54.46,39.5,4.46,3,22.19,"For units in excess of 10% of the investment, 1% will be charged for redemption within 1 month",98.42,1.58,0,0,0,,1.42,0,0,0,0,0,1.58,12.53,42.74,-0.03,96.71,93.74
DSP Large Cap Fund Reg (G),DSP Mutual Fund,7228,10-03-2003,-0.03,-2.91,-1.15,-5.19,-4.96,2.09,-7.46,-5.09,8.61,7.6,10.75,9.55,10.91,11.3,,17.56,4,Equity: Large Cap,432.073,1.03,0.88,11.5,13.02,0.45,0.61,Anish Tawakley,0,0,0,500,500,91.33,7.4,0,2.95,20.45,1% for redemption within 364 days,98.73,1.27,0,0,0,,1.54,0,0,0,0,0,1.27,10.3,44.91,0.06,82.2,90.09
DSP Liquid Fund (G),DSP Mutual Fund,27920,23-11-2005,0.02,0.08,0.21,0.47,1.53,3.38,6.42,6.62,6.86,6.29,5.61,6.01,6.96,6.92,,6.9,4,Debt: Liquid,4024.0775,0,0,6.69,0.2,4.89,8.75,Karan Mundhra,0,0.12,6.38,500,500,0,0,0,0,0,Exit load of 0.0070% if redeemed within 1 day. 0.0065% if redeemed within 2 days. 0.0060% if redeemed within 3 days. 0.0055% if redeemed within 4 days. 0.0050% if redeemed within 5 days. 0.0045% if redeemed within 6 days.,0,99.81,0,0,0.19,,0.18,10.86,0,0.59,82.69,0,5.67,0,0,3.69,0,0
DSP Medium Term Fund (G) 54EA Benefits,DSP Mutual Fund,,,0.11,-0.19,-0.01,-0.35,0.02,2.74,3.97,5.93,6.68,5.72,6.14,5.52,6.67,0,0,6.52,,Debt: Medium Duration,86.2564,,,,,,,,,,,0,0,,,,,,,0,99.35,0,0,0.65,,,,,,,,,0.75,29.44,,179.61,74.84
DSP Medium Term Fund (G) 54EB Benefits,DSP Mutual Fund,,,0.11,-0.19,-0.01,-0.35,0.02,2.74,3.97,5.93,6.68,5.72,6.14,5.52,6.67,0,0,6.52,,Debt: Medium Duration,86.2564,,,,,,,,,,,0,0,,,,,,,0,99.35,0,0,0.65,,,,,,,,,0.75,29.44,,179.61,74.84
DSP Medium Term Fund Reg (G),DSP Mutual Fund,251,29-04-1997,0.11,-0.19,-0.01,-0.35,0.02,2.74,3.97,5.93,6.68,5.72,6.14,5.52,6.67,6.5,6.66,7.59,4,Debt: Medium Duration,86.2564,0,0,6.75,1.81,0.59,0.88,Karan Mundhra,3.6,3.48,7.02,500,500,0,0,0,0,0,0,0,99.55,0,0,0.45,,0.66,80.67,0,0,17.39,0,1.49,0.75,29.44,-0.66,179.61,74.84
DSP Mid cap Fund Reg (G),DSP Mutual Fund,20523,14-11-2006,-0.4,-4.8,-1.95,-7.37,-3.56,10.66,1.09,-1.96,11.62,9.71,15.36,12.8,15.68,0,,14.47,2,Equity: Mid Cap,147.201,-1.5,0.96,15.5,17.78,0.55,0.72,Vinit Sambre,0,0,0,100,100,17.2,67.88,10.71,4.03,31.85,1% for redemption within 364 days,95.79,4.21,0,0,0,,1.4,0,0,0,0,0,4.21,13.88,43.01,-0.49,96.27,92.95
DSP Money Market Fund Reg (G),DSP Mutual Fund,10992,30-09-1999,0.05,0.08,0.23,0.49,1.56,3.57,6.32,6.79,6.98,6.23,5.88,6.2,6.81,6.37,6.28,6.64,2,Debt: Money Market,56.8964,0,0,6.79,0.55,2,2.69,Karan Mundhra,0,0.55,7.08,500,500,0,0,0,0,0,0,0,99.78,0,0,0.22,,0.35,13.63,0,0,85.11,0,1.04,0.13,6.6,1.55,96.95,100
DSP Multi Asset Allocation Fund Reg (G),DSP Mutual Fund,10592,27-09-2023,0,-2.29,-0.99,-4.06,-1.71,3.42,8.69,9.76,16.12,,,,,,,15.77,0,Hybrid: Multi Asset,15.6595,0,0,0,0,0,0,Shantanu Godambe,2.86,1.27,2.04,100,100,41.43,10.24,16.54,2.76,18.9,"For units in excess of 10% of the investment, 1% will be charged for redemption within 1 month",56.64,20.12,11.67,11.57,0,,1.18,5.07,0,0.61,2.18,0,5.38,0,0,,0,0
DSP Multi Asset Omni FoF (G),DSP Mutual Fund,859,25-02-2026,0,-2.35,-1.9,-4.59,-1.35,2.99,,,,,,,,,,-3.15,0,Hybrid: Multi Asset,9.6854,0,0,0,0,0,0,Anil Ghelani,0,0,0,0,0,0,0,45.54,0,0,1% for redemption within 1 month,45.54,44.5,9.96,0,0,,1.12,0,0,0,0,21.7,22.8,,,,,
DSP Multi Cap Fund Reg (G),DSP Mutual Fund,2998,30-01-2024,-0.31,-3.03,-0.49,-5.14,-2.84,13.98,-1.6,-4,,,,,,,,6.33,0,Equity: Multi Cap,11.822,0,0,0,0,0,0,Chirag Dagli,0,0,0,100,100,33.86,29.79,33.88,3.51,27.08,1% for redemption within 12 months,97.53,2.47,0,0,0,,1.67,0,0,0,0,0,2.47,0,0,,0,0
DSP Natural Resources & New Energy Reg (G),DSP Mutual Fund,2441,25-04-2008,0,-3.08,-0.88,-3.79,0.1,0.89,12.68,3.24,17.32,14.51,19.21,15.81,14.32,,,13.61,0,Equity: Thematic,105.13,8.04,0.63,19.9,15.83,0.9,1.54,Rohit Singhania,0,0,0,500,500,63.66,21.21,6.65,1.61,12.35,0,78.31,8.47,0,13.22,0,,1.7,0,0,0,0,0,8.47,16.16,43.24,0.38,99.38,89.58
DSP Nifty 50 Equal Weight Index Fund Reg (G),DSP Mutual Fund,2609,23-10-2017,-0.76,-3.81,-2.06,-6.28,-4.36,4.88,-1.94,-3.61,9.51,9.63,14.79,,,,,10.59,5,Equity: Index,24.7673,2.54,0.98,13.56,14.5,0.54,0.67,Anil Ghelani,0,0,0,100,100,96.28,3.61,0,3.16,20.66,0,99.89,0.11,0,0,0,,0.82,0,0,0,0,0,0.11,11.6,45.66,-18.1,104.29,97.89
DSP Nifty 50 Index Fund Reg (G),DSP Mutual Fund,1104,21-02-2019,-0.42,-3.51,-2.14,-6.03,-4.97,1.97,-7.38,-5.6,5.62,5.93,10.88,,,,,10.94,3,Equity: Index,22.0226,-1.68,0.94,9.14,13.58,0.25,0.33,Anil Ghelani,0,0,0,0,500,98.46,1.34,0,3.16,20.66,0,99.8,0.2,0,0,0,,0.33,0,0,0,0,0,0.2,11.25,47.83,-8.94,99.67,99.96
DSP Nifty 500 Index Fund (G),DSP Mutual Fund,15,05-01-2026,-0.14,-3.77,-1.84,-5.92,-3.94,7.57,,,,,,,,,,-8.3,0,Equity: Index,9.17,0,0,0,0,0,0,Anil Ghelani,0,0,0,0,0,67.62,21.19,11.14,3.4,22.57,0,99.95,0.05,0,0,0,,0.8,0,0,0,0,0,0.05,,,,,
DSP Nifty Bank Index Fund Reg (G),DSP Mutual Fund,63,31-05-2024,0.68,-3.38,-2.1,-5.89,-5.08,8.84,-0.3,1.35,,,,,,,,4.48,0,Equity: Index,11.0989,0,0,0,0,0,0,Anil Ghelani,0,0,0,100,100,74.51,25.37,0,1.71,13.23,0,99.88,0.12,0,0,0,,0.8,0,0,0,0,0,0.12,0,0,,0,0
DSP Nifty Healthcare Index Fund Reg (G),DSP Mutual Fund,23,20-06-2025,-2.56,-4.35,-1.04,-4.82,0.03,13.46,13.64,,,,,,,,,10.27,0,Equity: Index,11.3872,0,0,0,0,0,0,Anil Ghelani,0,0,0,100,100,49.52,48.65,1.81,5.61,43.33,0,99.98,0.02,0,0,0,,0.8,0,0,0,0,0,0.02,0,0,,0,0
DSP Nifty IT Index Fund Reg (G),DSP Mutual Fund,92,20-06-2025,0.12,-2.12,-6.17,-11.12,5.5,-4.16,-16.64,,,,,,,,,-21.8,0,Equity: Index,7.2124,0,0,0,0,0,0,Anil Ghelani,0,0,0,100,100,80.48,19.52,0,5.41,18.91,0,100,0,0,0,0,,0.83,0,0,0,0,0,0,0,0,,0,0
DSP Nifty Midcap 150 Index Fund (G),DSP Mutual Fund,17,11-12-2025,0.06,-4.71,-2.3,-7.21,-4.08,12.16,,,,,,,,,,-0.67,0,Equity: Index,9.9302,0,0,0,0,0,0,Anil Ghelani,0,0,0,0,0,11.6,83.94,4.24,3.97,25.4,0,99.78,0.22,0,0,0,,0.84,0,0,0,0,0,0.22,,,,,
DSP Nifty Midcap 150 Quality 50 Index Fund Reg (G),DSP Mutual Fund,431,04-08-2022,-0.24,-3.7,-2.05,-7.77,-4.6,9.92,-3.46,-6.23,6.46,,,,,,,7.6,0,Equity: Index,13.6071,-2.47,1.05,10.46,17,0.28,0.38,Anil Ghelani,0,0,0,500,500,10.79,82.76,6.27,5.83,30.23,0,99.82,0.18,0,0,0,,0.8,0,0,0,0,0,0.18,13.52,45.53,-8.45,86.48,93.7
DSP Nifty Next 50 Index Fund Reg (G),DSP Mutual Fund,1352,21-02-2019,0.41,-3.73,-0.75,-5.45,-2.42,15.61,2.94,-4.72,15.73,10.69,14.28,,,,,13.94,5,Equity: Index,26.9779,6.36,1.29,19.02,20.01,0.67,0.86,Anil Ghelani,0,0,0,0,500,86.73,13.11,0,3.37,20.28,0,99.84,0.16,0,0,0,,0.8,0,0,0,0,0,0.16,16.54,40.92,-5.23,126.57,103.31
DSP Nifty Private Bank Index Fund (G),DSP Mutual Fund,93,06-03-2025,0.95,-2.44,-1.4,-4.73,-4.36,10.59,0.33,,,,,,,,,5.33,0,Equity: Index,10.8796,0,0,0,0,0,0,Anil Ghelani,0,0,0,100,100,80.43,16.92,2.58,2.04,16.97,0,99.93,0.07,0,0,0,,0.84,0,0,0,0,0,0.07,0,0,,0,0
DSP Nifty SDL Plus G-Sec Jun 2028 30:70 Index Fund Reg (G),DSP Mutual Fund,1649,21-03-2022,0.06,-0.02,0.07,0.11,0.94,2.79,5.2,6.57,7.28,,,,,,,6.44,0,Debt: Medium to Long Duration,13.2928,0,0,7.13,1.31,1.1,1.65,Shantanu Godambe,0.99,1.42,6.23,500,500,0,0,0,0,0,0,0,100,0,0,0,,0.26,98.78,0,0,0,0,1.22,0.57,26.51,-0.25,179.74,73.95
DSP Nifty SDL Plus G-Sec Sep 2027 50:50 Index Fund Reg (G),DSP Mutual Fund,88,14-02-2023,-0.01,0,0.11,0.21,1.18,2.73,5.49,6.63,7.24,,,,,,,7.22,0,Debt: Medium to Long Duration,12.9284,0,0,7.08,1.01,1.37,2.62,Shantanu Godambe,0.55,0.94,6.03,500,500,0,0,0,0,0,0,0,100,0,0,0,,0.28,95.18,0,0,0,0,4.82,0.45,24.73,-0.23,185.49,72.28
DSP Nifty Smallcap 250 Index Fund (G),DSP Mutual Fund,15,11-12-2025,0.19,-3.49,-0.71,-3.32,0.33,23.92,,,,,,,,,,8.77,0,Equity: Index,10.87,0,0,0,0,0,0,Anil Ghelani,0,0,0,0,0,0,7.23,92.21,3.45,32.9,0,99.44,0.56,0,0,0,,0.83,0,0,0,0,0,0.56,,,,,
DSP Nifty Smallcap250 Quality 50 Index Fund Reg (G),DSP Mutual Fund,314,26-12-2023,1.09,-2.46,-0.77,-3.73,-0.75,13.13,-5.13,-10.57,,,,,,,,2.32,0,Equity: Index,10.6551,0,0,0,0,0,0,Anil Ghelani,0,0,0,100,100,0,3.95,95.74,4.27,24.74,0,99.69,0.31,0,0,0,,0.8,0,0,0,0,0,0.31,0,0,,0,0
DSP Nifty Top 10 Equal Weight Index Fund Reg (G),DSP Mutual Fund,1106,05-09-2024,0.05,-2.76,-2.95,-6.2,-5.02,-1.23,-12.35,-9.07,,,,,,,,-8.19,0,Equity: Index,8.3417,0,0,0,0,0,0,Anil Ghelani,0,0,0,100,100,99.99,0,0,2.89,20.35,0,99.99,0.01,0,0,0,,0.8,0,0,0,0,0,0.01,0,0,,0,0
DSP Nifty500 Flexicap Quality 30 Index Fund (G),DSP Mutual Fund,194,29-08-2025,-0.03,-3.37,-2.29,-7.7,-1.55,4.9,-8.33,,,,,,,,,-8.34,0,Equity: Index,9.0505,0,0,0,0,0,0,Anil Ghelani,0,0,0,100,100,39.02,31.96,29.01,7.06,25.91,0,100,0,0,0,0,,0.84,0,0,0,0,0,0,0,0,,0,0
DSP Overnight Fund Reg (G),DSP Mutual Fund,2854,09-01-2019,0.01,0.1,0.2,0.39,1.25,2.55,5.19,5.61,5.97,5.65,5.03,,,,,5.11,3,Debt: Overnight,1470.7103,0,0,5.87,0.2,0.89,1.86,Karan Mundhra,0,0.01,5.28,0,500,0,0,0,0,0,0,0,100,0,0,0,,0.12,4.54,0,0,49.94,0,45.52,0,0,-0.85,100.25,100
DSP Quant Fund Reg (G),DSP Mutual Fund,766,10-06-2019,-0.58,-3.63,-1.66,-6.59,-3.05,4.29,-4.55,-6.57,5.21,3.22,10.08,,,,,10.02,0,Equity: Thematic,20.211,-3.01,0.88,8.74,14.15,0.22,0.28,Aparna Karnik,0,0,0,0,500,60.88,36.79,0.04,4.16,23.75,0,97.71,2.29,0,0,0,,1.31,0,0,0,0,0,2.29,10.91,44.58,-0.85,83.81,93.8
DSP Short Term Fund Reg (G),DSP Mutual Fund,3235,09-09-2002,0.03,-0.21,0,0.07,0.33,2.82,4.39,5.93,6.5,5.59,5.96,6.19,7.15,7.04,,6.85,2,Debt: Short Duration,49.3041,0,0,6.42,1.44,0.51,0.79,Karan Mundhra,3.11,2.77,7.41,500,500,0,0,0,0,0,0,0,99.65,0,0,0.35,,0.8,19.81,0,7,72.68,0,0.16,0.63,27.79,0.34,98.29,100
DSP Silver E T F FoF (G),DSP Mutual Fund,675,15-05-2025,0.14,-4.96,-2.4,-6.27,-1.79,-3.4,52.5,,,,,,,,,77.35,0,Commodity: Silver,22.6206,0,0,0,0,0,0,Anil Ghelani,0,0,0,100,100,0,0,0,0,0,0,0,0.05,0,0,99.95,,0.9,0,0,0,0,0,100,0,0,,0,0
DSP Small cap Fund Reg (G),DSP Mutual Fund,20221,14-06-2007,-0.19,-1.83,1.15,-2.25,5.08,30.9,19.2,6.01,16.53,16.69,23.9,16.12,20.16,,,17.62,3,Equity: Small Cap,229.045,3.41,0.93,18.41,21.22,0.6,0.93,Vinit Sambre,0,0,0,500,100,0,6.74,81.56,3.87,30.25,1% for redemption within 364 days,88.3,11.7,0,0,0,,1.4,0,0,0,0,0,11.7,14.99,42.74,0.15,84.59,85.73
DSP Ultra Short Term Fund Reg Plan (G),DSP Mutual Fund,4599,31-07-2006,0.04,0.05,0.2,0.45,1.42,3.3,5.9,6.45,6.63,5.91,5.42,5.64,6.6,6.64,,6.63,3,Debt: Ultra Short Duration,3659.9128,0,0,6.46,0.48,1.58,2.19,Karan Mundhra,0.18,0.65,7.21,500,500,0,0,0,0,0,0,0,99.75,0,0,0.25,,0.86,10.16,0,17.65,70.19,0,1.75,0.11,5.36,1.08,98.13,100
DSP Ultra Short to Short Term Fund Reg (G),DSP Mutual Fund,4750,10-03-2015,0.05,-0.02,0.16,0.4,1.18,3.15,5.61,6.54,6.77,6.1,5.96,6.42,,,,6.73,3,Debt: Low Duration,21.2814,0,0,6.61,0.69,1.33,1.84,Karan Mundhra,0.57,1.04,7.09,500,500,0,0,0,0,0,0,0,99.62,0,0,0.38,,0.53,14.1,0,0,82.1,0,3.42,0.2,9.89,0.99,97.56,100
DSP US Specific Debt Passive FoF Reg (G),DSP Mutual Fund,69,18-03-2024,0,-0.75,-1.62,-2.94,-2.89,-2.48,4.58,6.61,,,,,,,,7.96,0,Debt: Medium to Long Duration,12.1705,0,0,0,0,0,0,Kaivalya Nadkarni,0,0,0,100,100,0,0,0,0,0,0.1% for redemption within 7 days,0,100,0,0,0,,0.21,0,0,0,0,99.3,0.7,0,0,,0,0
DSP US Specific Equity Omni FoF Reg (G),DSP Mutual Fund,1296,03-08-2012,0,-1.18,0.87,0.51,-1.02,23.21,30.09,29.61,27.56,18.39,20.28,18.13,,,,16.98,0,Equity: Global,92.9282,0,0,24.79,17.76,1.08,1.94,Kaivalya Nadkarni,0,0,0,500,500,0,0,0,0,0,0,0,3.97,0,96.03,0,,2.1,0,0,0,0,0,100,14.99,40.88,0.65,23.72,53.99
DSP Value Fund Reg (G),DSP Mutual Fund,2143,10-12-2020,0,-2.46,-0.81,-4.41,-2.8,6.02,3.58,2.6,14.67,11.44,,,,,,15.09,5,Equity: Value,22.783,5.9,0.64,16.02,10.98,0.94,1.33,Abhishek Singh,0,0,0,500,500,57.49,9.52,3.8,2.99,19.18,"For units in excess of 10% of the investment, 1% will be charged for redemption within 1 month",57.65,29.19,0,13.16,0,,1.73,0,0,0,0,0,21.03,9.54,41.75,0.4,52.61,73.84
DSP World Gold Mining Overseas Equity Omni FoF Reg (G),DSP Mutual Fund,1441,14-09-2007,0,-4.3,-4.48,-7.73,19.21,6.02,31.42,62.1,56.52,29.99,23.01,14.67,8.05,,,8.94,0,Equity: Global,58.7417,0,0,51.76,36.23,1.27,2.25,Kaivalya Nadkarni,0,0,0,500,500,0,0,0,0,0,0,0,3.74,0,96.26,0,,2.1,0,0,0,0,0,100,29.01,45.27,1,46.15,40.97
DSP World Mining Overseas Equity Omni FoF Reg (G),DSP Mutual Fund,168,29-12-2009,0,-2.54,-3.35,-7.66,9.95,9.2,43.79,35.68,28.54,20.29,22.09,17.13,8.48,,,7.26,0,Equity: Global,32.5895,0,0,30.58,25.55,0.97,1.6,Kaivalya Nadkarni,0,0,0,500,500,0,0,0,0,0,0,0,3.85,0,96.15,0,,2.09,0,0,0,0,0,100,22.84,46.81,0.63,53.33,61.74
DynaSIF Active Asset Allocator Long Short Fund (G),Dyna SIF Mutual Fund,295.61,25-03-2026,0,-1.14,-0.59,-1.14,0.91,3.71,,,,,,,,,,3.91,0,SIF: Hybrid LS,10.3908,0,0,0,0,0,0,Mr. Harsh Aggarwal,0,0,0,0,0,40.71,16.59,19.07,0,0,Redeemed within 3 months from date of allotment - 0.5% Thereafter - Nil,76.36,23.53,0,0,0.11,,1.63,4.06,0,0,0,0,16.43,,,,,
DynaSIF Equity Ex Top 100 Long Short Fund (G),Dyna SIF Mutual Fund,235.69,24-06-2026,0.49,-2.46,0.97,0.24,10.97,,,,,,,,,,,11.47,0,SIF: Equity LS,11.1467,0,0,0,0,0,0,Mr. Harsh Aggarwal,0,0,0,0,0,18.59,17.18,60.56,0,0,Redeemed within 3 months from date of allotment - 0.5% Thereafter - Nil,96.33,3.67,0,0,0,,2.1,1.39,0,0,0,0,1.2,,,,,
DynaSIF Equity Long Short Fund Reg (G),Dyna SIF Mutual Fund,407.12,25-02-2026,-0.18,-3,-1.37,-4.79,-3.01,6.18,,,,,,,,,,1.45,0,SIF: Equity LS,10.145,0,0,0,0,0,0,Viral Mehta,0,0,0,0,0,40.71,16.59,19.07,0,0,Redeemed within 3 months from date of allotment - 0.5% Thereafter - Nil,76.36,23.53,0,0,0.11,,2.1,4.06,0,0,0,0,16.43,,,,,
Edelweiss Aggressive Hybrid Fund (G),Edelweiss Mutual Fund,3998,12-08-2009,-0.13,-2.67,-1.24,-4.46,-1.79,7.2,-0.13,-0.69,10.47,10.87,13.65,11.64,12.08,,,11.13,5,Hybrid: Aggressive,63,0,0,12.96,11.36,0.64,0.8,Bharat Lahoti,0.73,0.68,6.36,100,100,50.63,14.46,12.45,3.65,24.06,"For units in excess of 10% of the investment, 1% will be charged for redemption within 90 days",77.54,21.85,0,0,0.61,,1.59,0.5,0,0,7.37,6.45,7.83,9.29,40.92,1.21,94.19,93.01
Edelweiss Arbitrage Fund Reg (G),Edelweiss Mutual Fund,14849,27-06-2014,0.21,0.04,0.22,0.48,1.45,2.83,6,6.3,6.66,6.16,5.64,5.79,,,,6.15,4,Hybrid: Arbitrage,20.7998,0,0,6.54,0.53,1.6,2.12,Bhavesh Jain,0.4,0.42,6.63,100,100,0,0,0,2.54,16.91,0.25% for redemption within 15 days,0,100,0,0,0,,0.9,0.1,0,0,16.25,12.31,0.99,0,0,-1.68,0,0
Edelweiss Asean Equity Off-shore Fund Reg (G),Edelweiss Mutual Fund,165,01-07-2011,0,-0.43,-0.48,-2.29,5.92,10.89,20.07,13.81,16.63,10.04,8.84,8.27,9.81,,,9.01,0,Equity: Global,37.47,0,0,15.8,11.01,0.92,1.5,Bharat Lahoti,0,0,0,100,100,0,0,0,0,0,1% for redemption within 90 days,0,4.05,0,95.95,0,,1.18,0,0,0,0,0,100,10.23,47.75,0.19,4.89,53.1
Edelweiss Balanced Advantage Fund (G),Edelweiss Mutual Fund,13445,20-08-2009,0.02,-2.23,-1.09,-4.1,-0.61,6.11,2.23,0.09,8.74,7.65,11.66,10.46,10.72,,,10.07,3,Hybrid: Balanced Advantage,51.74,0,0,10.57,9.12,0.53,0.66,Bharat Lahoti,1.07,0.99,6.5,100,100,61.09,15.13,6.07,3.62,22.49,"For units in excess of 10% of the investment, 1% will be charged for redemption within 90 days",82.29,17.71,0,0,0,,1.46,1.44,0,0,6.31,0.41,6.18,8.01,40.65,0.92,96.18,95.74
Edelweiss Banking and PSU Debt Fund Reg (G),Edelweiss Mutual Fund,3140,13-09-2013,0.05,-0.04,0.12,0.34,0.94,2.94,4.48,5.95,6.72,5.65,6.78,7.13,,,,7.62,2,Debt: Banking and PSU,26.0757,0,0,6.55,1.63,0.53,0.87,Dhawal Dalal,1.46,1.38,7.1,100,100,0,0,0,0,0,0,0,99.75,0,0,0.25,,0.61,11.55,0,0,84.62,0,3.58,0.9,29.61,-0.71,97.81,100
Edelweiss BHARAT Bond E T F FOF April 2032 (G),Edelweiss Mutual Fund,4210,15-12-2021,0,-0.25,-0.23,0.18,-1.05,3.23,3.4,5.74,6.93,,,,,,,6.18,0,Debt: Medium to Long Duration,13.3299,0,0,6.96,3.69,0.34,0.5,Hetul Raval,5.55,4.62,7.25,0,0,0,0,0,0,0,0.1% for redemption within 30 days,0,100,0,0,0,,0.03,4.76,0,0,91.69,0,3.55,2.66,42.09,-0.22,190.73,71.06
Edelweiss BHARAT Bond E T F FOF April 2033 Reg (G),Edelweiss Mutual Fund,2089,14-12-2022,0,-0.86,-0.55,-0.71,-0.84,3.49,3.38,5.61,6.98,,,,,,,7.15,0,Debt: Medium to Long Duration,12.9979,0,0,7.25,3.27,0.48,0.66,Hetul Raval,6.44,5.14,7.23,100,100,0,0,0,0,0,0.1% for redemption within 30 days,0,100,0,0,0,,0.03,0,0,0,0,99.36,0.64,3.63,42.78,-0.11,191.49,70.15
Edelweiss BHARAT Bond FOF April 2030 (G),Edelweiss Mutual Fund,8868,30-12-2019,0,-0.14,0.23,0.23,0.12,3.79,4.43,6.39,7.16,6.32,,,,,,7.16,0,Debt: Medium to Long Duration,15.9991,0,0,7.18,2.54,0.58,0.88,Hetul Raval,3.35,2.98,7.19,0,100,0,0,0,0,0,0.1% for redemption within 30 days,0,100,0,0,0,,0.02,5.74,0,0,90.48,0,3.78,2.27,41.4,-0.22,198.33,68.15
Edelweiss BHARAT Bond FOF April 2031 (G),Edelweiss Mutual Fund,4587,23-07-2020,0,-0.37,0.02,-0.74,-0.48,3.18,3.6,5.83,6.98,6.08,,,,,,5.84,0,Debt: Medium to Long Duration,14.2048,0,0,7.29,2.87,0.56,0.85,Hetul Raval,4.44,3.86,7.2,100,100,0,0,0,0,0,0.1% for redemption within 30 days,0,100,0,0,0,,0.02,0,0,0,0,99.74,0.26,2.4,38.79,-0.11,183.1,72.66
Edelweiss BSE Internet Economy Index Fund (G),Edelweiss Mutual Fund,41,16-05-2025,-1.02,-8.69,-5.71,-8.06,3.69,20.86,3,,,,,,,,,5.9,0,Equity: Index,10.8563,0,0,0,0,0,0,Bharat Lahoti,0,0,0,100,100,37.37,53.15,9.48,9.2,32.99,0.1% for redemption within 30 days,100,0,0,0,0,,0.9,0,0,0,0,0,0,0,0,,0,0
Edelweiss Business Cycle Fund Reg (G),Edelweiss Mutual Fund,1463,29-07-2024,-0.3,-3.48,-0.79,-5.93,-0.43,10.04,1.56,-7.46,,,,,,,,-5.83,0,Equity: Thematic,8.7761,0,0,0,0,0,0,Bharat Lahoti,0,0,0,100,100,41.68,45.32,12.11,4.45,30,1% for redemption within 90 days,99.11,0.89,0,0,0,,1.82,0.18,0,0,0.02,0,0.28,0,0,,0,0
Edelweiss Consumption Fund (G),Edelweiss Mutual Fund,493,20-02-2025,-0.57,-4.18,-1.74,-6.53,-3.04,7.77,-7.46,,,,,,,,,2.88,0,Equity: Thematic,10.4829,0,0,0,0,0,0,Dhruv Bhatia,0,0,0,100,100,61.1,21.76,15.83,7.65,45.49,1% for redemption within 90 days,98.69,1.31,0,0,0,,2.1,0,0,0,0,0,1.31,0,0,,0,0
Edelweiss CRISIL IBX 5050 Gilt Plus SDL Jun 2027 Index Fund Reg (G),Edelweiss Mutual Fund,94,19-10-2022,0.01,0.03,0.13,0.27,1.06,2.62,5.37,6.53,7.11,,,,,,,7.17,0,Debt: Medium Duration,13.1494,0,0,6.92,0.88,1.4,2.82,Dhawal Dalal,0.75,0.75,5.87,100,100,0,0,0,0,0,0.1% for redemption within 30 days,0,100,0,0,0,,0.37,96.35,0,0,0,0,3.65,0.4,22.59,-0.31,187.78,71.88
Edelweiss CRISIL IBX 50:50 Gilt Plus SDL April 2037 Index Fund Reg (G),Edelweiss Mutual Fund,891,11-10-2022,0.02,-0.73,-0.23,-0.96,-1.15,2.71,3.18,4.51,6.52,,,,,,,7.21,0,Debt: Long Duration,13.1839,0,0,6.73,3.3,0.31,0.45,Dhawal Dalal,10.2,7.46,7.32,100,100,0,0,0,0,0,0.1% for redemption within 30 days,0,100,0,0,0,,0.39,97.71,0,0,0,0,2.29,2.07,37.88,0.12,133.49,89.29
Edelweiss CRISIL IBX 50:50 Gilt Plus SDL Sep 2028 Index Fund Reg (G),Edelweiss Mutual Fund,129,10-11-2022,0.07,-0.07,0.02,0.1,0.82,2.68,4.98,6.41,7.18,,,,,,,7.21,0,Debt: Medium to Long Duration,13.1656,0,0,7.05,1.54,0.88,1.31,Dhawal Dalal,1.65,1.57,6.39,0,0,0,0,0,0,0,0.1% for redemption within 30 days,0,100,0,0,0,,0.38,97.19,0,0,0,0,2.81,0.64,30.44,-0.35,179.85,74.09
Edelweiss CRISIL IBX 50:50 Gilt Plus SDL Short Duration Index Fund Reg (G),Edelweiss Mutual Fund,146,15-02-2023,0.03,-0.18,-0.04,-0.27,0.25,2.57,4.4,5.9,6.66,,,,,,,6.76,5,Debt: Short Duration,12.6754,0,0,6.69,1.37,0.73,0.96,Dhawal Dalal,2.95,2.71,6.53,100,100,0,0,0,0,0,0,0,100,0,0,0,,0.5,96.48,0,0,0,0,3.52,0.57,27.14,0.56,97.31,100
Edelweiss CRISIL IBX AAA Bond NBFC HFC Jun 2027 Index Fund Reg (G),Edelweiss Mutual Fund,81,18-02-2025,0.07,0.03,0.22,0.48,1.59,3.58,6.24,,,,,,,,,7.34,0,Debt: Short Duration,11.2283,0,0,0,0,0,0,Dhawal Dalal,0.81,0.8,7.61,100,100,0,0,0,0,0,0.1% for redemption within 30 days,0,100,0,0,0,,0.27,0,0,0,96.22,0,3.78,0,0,,0,0
Edelweiss CRISIL IBX AAA Financial Services Jan 2028 Index Fund Reg (G),Edelweiss Mutual Fund,103,29-11-2024,0.04,-0.06,0.06,0.37,1.28,3.33,5.67,,,,,,,,,7.12,0,Debt: Short Duration,11.362,0,0,0,0,0,0,Dhawal Dalal,1.27,1.19,7.62,100,100,0,0,0,0,0,0.1% for redemption within 30 days,0,100,0,0,0,,0.3,0,0,0,94.91,0,5.09,0,0,,0,0
Edelweiss CRISIL PSU Plus SDL 50:50 Oct 2025 Index Fund Reg (G),Edelweiss Mutual Fund,0,01-01-1900,0,0,0.04,0.26,1.17,2.7,6.31,7.04,6.98,,,,,,,5.84,0,Debt: Medium Duration,12.3027,2.72,1.27,6.8,0.54,0.99,1.63,,0,0,0,100,100,0,0,0,0,0,,0,100,0,0,0,,0,0,0,0,0,0,100,0.11,4.58,-1.17,148.06,78.83
Edelweiss ELSS Tax Saver Fund (G),Edelweiss Mutual Fund,462,30-12-2008,0.16,-4,-2.43,-7.42,-3.2,8.38,1.11,-2.55,10.48,9.26,13.01,11.14,12.81,,,14.44,3,Equity: ELSS,109.43,1.62,0.99,14.13,15.26,0.55,0.69,Ashwani Kumar Agarwalla,0,0,0,500,100,59.93,18.37,21.03,3.68,25.21,0,99.33,0.67,0,0,0,,2.1,0,0,0,0,0,0.67,12.58,42.41,0.42,106.91,98.45
Edelweiss Emerging Markets Opp Equity Offshore Fund Reg (G),Edelweiss Mutual Fund,275,07-07-2014,0,-1.93,1.08,-0.4,-1.8,21.68,42.86,33.23,28.69,11.25,12.37,11.43,,,,8.85,0,Equity: Global,28.2449,0,0,26.13,16.97,1.2,2.19,Bharat Lahoti,0,0,0,100,100,0,0,0,0,0,1% for redemption within 90 days,0,4,0,96,0,,1.18,0,0,0,0,0,100,15.27,43.82,1.05,58.28,66.34
Edelweiss Equity Savings Fund Reg (G),Edelweiss Mutual Fund,1660,13-10-2014,0.23,-0.71,0.06,-0.47,1.82,7.64,6.99,6.45,10.03,8.3,9.82,9.01,,,,8.74,5,Hybrid: Equity Savings,27.2696,0,0,10.23,4.27,1.06,1.28,Bharat Lahoti,1.12,0.99,6.57,100,100,16.71,6.28,4.12,2.67,17.56,0.25% for redemption within 30 days,27.12,68.72,0,0,4.16,,1.4,5.27,0,0,16.15,26.51,17.26,3.13,36.54,1.88,87.58,95.42
Edelweiss Europe Dynamic Equity Off shore Fund Reg (G),Edelweiss Mutual Fund,283,07-02-2014,0,-0.23,0.26,-2.37,0.81,11.64,21.74,24.19,24.85,15.49,16.1,12.42,,,,9.32,0,Equity: Global,30.8802,0,0,22.68,12.97,1.31,2.15,Bharat Lahoti,0,0,0,100,100,0,0,0,0,0,1% for redemption within 90 days,0,4.36,0,95.64,0,,1.18,0,0,0,0,0,100,12.37,45.03,1.53,27.29,55.78
Edelweiss Financial Services Fund (G),Edelweiss Mutual Fund,289,16-02-2026,0.41,-3.93,-2.45,-6.76,-6.77,5.58,,,,,,,,,,-10.65,0,Equity: Sectoral,8.9345,0,0,0,0,0,0,Ashwani Kumar Agarwalla,0,0,0,0,0,70.65,12.37,15.45,2.24,16.71,1% for redemption within 90 days,98.47,1.53,0,0,0,,2.1,0,0,0,0,0,1.53,,,,,
Edelweiss Flexi Cap Fund Reg (G),Edelweiss Mutual Fund,3722,03-02-2015,0.01,-3.69,-2.18,-6.9,-3.42,6.61,-1.51,-4.05,11.54,10.12,14.29,13.2,,,,11.87,4,Equity: Flexi Cap,36.995,2.54,0.98,15.03,15.26,0.61,0.74,Trideep Bhattacharya,0,0,0,100,100,60.15,25.96,11.57,3.63,26.6,1% for redemption within 90 days,97.68,2.32,0,0,0,,1.64,0,0,0,0,0.18,0.48,12.84,43.17,0.66,109.21,98.78
Edelweiss Focused Fund Reg (G),Edelweiss Mutual Fund,1051,01-08-2022,-0.28,-4.59,-2.31,-8.16,-5.08,5.79,-2.71,-4.63,9.65,,,,,,,11.37,3,Equity: Focused,15.662,1.25,0.98,13.72,15.38,0.52,0.6,Trideep Bhattacharya,0,0,0,100,500,61.9,37,0,3.47,26.69,1% for redemption within 90 days,98.9,1.1,0,0,0,,1.91,0,0,0,0,0,1.1,12.8,44.52,0.19,110.88,100.96
Edelweiss Gilt Fund Reg (G),Edelweiss Mutual Fund,123,13-02-2014,-0.1,-0.72,-0.19,-0.8,-1.88,1.72,0.72,2.26,5.15,4.49,5.78,6.34,,,,7.4,3,Debt: Gilt Fund,24.6485,0,0,5.39,3.78,-0.08,-0.12,Dhawal Dalal,18,9.04,7.18,100,100,0,0,0,0,0,0,0,100,0,0,0,,0.96,95.92,0,0,0,0,4.08,2.54,43.8,-0.71,107.71,100.27
Edelweiss Gold and Silver E T F FoF Reg (G),Edelweiss Mutual Fund,3276,14-09-2022,0.65,-3.53,-1.95,-5.37,1.39,-1.66,42.14,46.87,39.45,,,,,,,33.69,0,Commodity: Gold & Silver,32.376,0,0,0,0,0,2.15,Bharat Lahoti,0,0,0,100,100,0,0,0,0,0,0.1% for redemption within 15 days,0,0,49.99,0,50.01,,0.47,0,0,0,0,0,50.01,25.41,45.26,0.26,89.42,91.09
Edelweiss Gold E T F FoF (G),Edelweiss Mutual Fund,53,04-03-2026,0.85,-2.52,-1.71,-4.56,4.7,0.16,,,,,,,,,,-9.06,0,Commodity: Gold,9.0935,0,0,0,0,0,0,Bharat Lahoti,0,0,0,0,0,0,0,0,0,0,0.1% for redemption within 15 days,0,0,100,0,0,,0.48,0,0,0,0,0,0,,,,,
Edelweiss Greater China Equity Off-shore Fund Reg (G),Edelweiss Mutual Fund,3079,26-08-2009,0,-2.04,0.71,-2.32,-2.39,12.59,19.95,25.96,23.61,5.29,12.2,11.82,13.14,,,11.43,0,Equity: Global,62.927,0,0,22.56,20.85,0.81,1.67,Bharat Lahoti,0,0,0,100,100,0,0,0,0,0,1% for redemption within 90 days,0,2.92,0,97.08,0,,1.34,0,0,0,0,0,100,18.85,47.17,0.01,29.71,58.5
Edelweiss Income Plus Arbitrage Active FoF (G),Edelweiss Mutual Fund,124,18-07-2025,0,-0.1,0.07,0.36,1.14,2.89,5.37,,,,,,,,,4.99,0,Hybrid: Fof Domestic Income Plus Arbitrage,10.6229,0,0,0,0,0,0,Bharat Lahoti,1.21,1.12,6.88,100,100,0,0,0,0,0,0,0,100,0,0,0,,0.23,0,0,0,0,99.39,0.67,0,0,,0,0
Edelweiss Large & Mid cap Fund Reg (G),Edelweiss Mutual Fund,4942,14-06-2007,0.12,-4.12,-2.23,-7.16,-3.23,8.94,1.19,-2.41,11.45,10.45,15.39,13.49,13.9,,,11.78,3,Equity: Large & Mid Cap,85.911,2.75,1,14.88,15.46,0.59,0.74,Sumanta Khan,0,0,0,100,100,46.08,36.27,15.49,4.24,28.84,1% for redemption within 90 days,97.84,2.16,0,0,0,,1.61,0,0,0,0,0,2.16,13.3,42.55,0.07,107.25,97.9
Edelweiss Large Cap Fund (G),Edelweiss Mutual Fund,1434,20-05-2009,-0.2,-3.24,-1.55,-5.41,-2.7,5.19,-3.79,-5.13,7.54,7.68,11.99,11.32,12.83,,,12.68,3,Equity: Large Cap,79.63,-0.05,0.96,10.85,13.86,0.37,0.44,Bharat Lahoti,0,0,0,100,100,82.41,11.87,5.11,3.47,23.85,1% for redemption within 90 days,99.38,0.62,0,0,0,,1.83,0.24,0,0,0.01,0,0.37,11.41,45.39,-0.21,93.34,95.62
Edelweiss Liquid Fund Reg (G),Edelweiss Mutual Fund,13272,21-09-2007,0.02,0.08,0.21,0.48,1.53,3.41,6.43,6.63,6.85,6.22,5.57,5.97,6.89,,,6.89,5,Debt: Liquid,3605.3382,0,0,6.67,0.2,4.84,9.24,Hetul Raval,0.11,0.11,6.26,100,100,0,0,0,0,0,Exit load of 0.0070% if redeemed within 1 day. 0.0065% if redeemed within 2 days. 0.0060% if redeemed within 3 days. 0.0055% if redeemed within 4 days. 0.0050% if redeemed within 5 days. 0.0045% if redeemed within 6 days.,0,99.76,0,0,0.24,,0.15,13.95,0,0,79.69,0,6.12,0,0,3.49,0,0
Edelweiss Mid cap Fund Reg (G),Edelweiss Mutual Fund,19891,26-12-2007,0.26,-4.37,-2.04,-6.86,-3.18,12.72,5.02,1.01,17.77,15.82,21.87,16.86,19.48,,,13.27,4,Equity: Mid Cap,103.769,3.84,0.96,20.87,17.63,0.86,1.08,Trideep Bhattacharya,0,0,0,100,100,17.37,65.01,12.95,4.59,31.78,1% for redemption within 90 days,95.33,4.67,0,0,0,,1.41,0,0,0,0,0,4.67,14.72,42.41,0.65,110.3,93.76
Edelweiss Money Market Fund Reg (G),Edelweiss Mutual Fund,2322,27-06-2008,0.04,0.07,0.22,0.47,1.5,3.35,5.93,6.5,6.61,5.77,5.57,6.04,6.74,,,6.31,1,Debt: Money Market,30.5951,0,0,6.44,0.53,1.4,2.02,Hetul Raval,0.45,0.48,6.86,100,500,0,0,0,0,0,0,0,99.69,0,0,0.31,,0.6,13.16,0,0,85.18,0,1.35,0.13,6.48,0.93,98.22,100
Edelweiss MSCI India Domestic & World Healthcare 45 Index Fund Reg (G),Edelweiss Mutual Fund,200,26-10-2020,0,-0.94,1.71,-1.39,4.71,18.3,23.06,9.04,19.05,13.76,,,,,,15.95,0,Equity: Index,24.0434,2.2,0.66,19.07,12.17,1.1,2.07,Bhavesh Jain,0,0,0,100,100,46.86,50.05,2.98,99.38,736.77,0,68.83,0.11,0,31.06,0,,0.9,0,0,0,0,0,0.11,9.63,43.48,0.07,20.7,56.73
Edelweiss Multi Asset Allocation Fund Reg (G),Edelweiss Mutual Fund,2954,23-06-2023,0.2,0.04,0.21,0.52,1.31,3.41,6.33,6.88,7.14,,,,,,,7.21,4,Hybrid: Multi Asset,12.5612,0,0,7,1.4,0.94,1.35,Bharat Lahoti,1.51,1.39,7.17,100,100,0,0,0,2.08,11.96,0.25% for redemption within 90 days,0,100.12,0,0,-0.12,,0.7,8.48,0,0,61.57,1.36,6.57,1.42,34.34,-0.4,-69.19,29.71
Edelweiss Multi Asset Omni FoF (G),Edelweiss Mutual Fund,532,03-09-2025,0,-3.12,-1.65,-5.75,-1.52,6.39,8.53,,,,,,,,,9.92,0,Hybrid: Multi Asset,11.0664,0,0,0,0,0,0,Bharat Lahoti,0,0,0,100,100,0,0,67.34,0,0,1% for redemption within 90 days,67.34,12.04,10.31,0,10.31,,1.29,0,0,0,0,11.9,10.45,0,0,,0,0
Edelweiss Multi Cap Fund Reg (G),Edelweiss Mutual Fund,3550,25-10-2023,0.25,-3.6,-1.86,-6.93,-2.31,12.12,3.52,-2.27,,,,,,,,15.13,0,Equity: Multi Cap,15.1214,0,0,0,0,0,0,Trideep Bhattacharya,0,0,0,100,100,39.16,27.18,30.03,3.98,28.25,1% for redemption within 90 days,96.37,3.63,0,0,0,,1.65,0,0,0,0,0,3.63,0,0,,0,0
Edelweiss Nifty 100 Quality 30 Index Fund Reg (G),Edelweiss Mutual Fund,119,25-05-2016,0.26,-2.97,-1.99,-7.02,-0.98,6.17,-4.08,-7.35,6.81,-49.96,-35.26,-24.35,,,,-23.29,0,Equity: Index,13.5604,-1,0.91,10.99,15.38,0.34,0.44,Bhavesh Jain,0,0,0,100,0,89.4,10.44,0,6.48,24.8,0,99.84,0.16,0,0,0,,0.9,0,0,0,0,0,0.16,10.68,45.6,0.21,77.06,88.82
Edelweiss Nifty 50 Index Fund Reg (G),Edelweiss Mutual Fund,287,08-05-2015,-0.42,-3.5,-2.15,-6.04,-4.98,1.91,-7.49,-5.77,5.37,,,,,,,5.33,1,Equity: Index,12.9488,-1.91,0.94,8.9,13.55,0.24,0.31,Bhavesh Jain,0,0,0,100,100,98.64,1.34,0,3.1,20.1,0,99.98,0.02,0,0,0,,0.38,0,0,0,0,0,0.02,11.24,47.9,-4.73,99.2,99.99
Edelweiss Nifty Alpha Low Volatility 30 Index Fund Reg (G),Edelweiss Mutual Fund,92,17-05-2024,-0.98,-4.1,-2.08,-7.24,-3.87,5.33,-3.24,-10.33,,,,,,,,-3.13,0,Equity: Index,9.3482,0,0,0,0,0,0,Bhavesh Jain,0,0,0,100,100,84.28,15.69,0,3.26,23.34,0.1% for redemption within 15 days,99.97,0.03,0,0,0,,0.9,0,0,0,0,0,0.03,0,0,,0,0
Edelweiss NIFTY Large Midcap 250 Index Fund Reg (G),Edelweiss Mutual Fund,354,01-12-2021,-0.1,-4.17,-2.13,-6.63,-4.36,8.13,-1.38,-3.59,9.68,,,,,,,10.15,0,Equity: Index,15.952,1.16,1.05,13.64,15.78,0.5,0.63,Bhavesh Jain,0,0,0,100,100,53.27,44.52,2.15,3.36,21.23,0,99.94,0.06,0,0,0,,0.85,0,0,0,0,0,0.06,13.24,43.44,-12.84,109.01,100.12
Edelweiss Nifty LargeMidcap250 Plus 8-13 Yr G-Sec 70:30 Index Fund (G),Edelweiss Mutual Fund,57,07-04-2026,-0.14,-3.13,-1.61,-4.93,-3.45,3.57,,,,,,,,,,3.57,0,Hybrid: Aggressive,10.3572,0,0,0,0,0,0,Bharat Lahoti,9.15,6.98,6.86,0,0,36.94,31.14,1.51,3.36,21.23,0,69.59,30.41,0,0,0,,0.89,28.19,0,0,0,0,2.22,,,,,
Edelweiss Nifty Midcap150 Momentum 50 Index Fund Reg (G),Edelweiss Mutual Fund,1834,30-11-2022,-0.41,-4.49,-1.65,-6.97,-3.9,11.56,2.89,-5.56,12.08,,,,,,,15.68,0,Equity: Index,17.4831,3.65,1.17,17.43,19.93,0.59,0.77,Bhavesh Jain,0,0,0,0,0,20.97,79,0,4.35,23.13,0.5% for redemption within 30 days,99.97,0.03,0,0,0,,0.9,0,0,0,0,0,0.03,17.77,45.06,-3.29,129.83,106.54
Edelweiss Nifty Next 50 Index Fund Reg (G),Edelweiss Mutual Fund,303,30-11-2022,0.42,-3.64,-0.66,-5.36,-2.34,15.73,2.94,-4.81,15.5,,,,,,,12.83,4,Equity: Index,15.886,6.1,1.28,18.75,19.96,0.65,0.84,Bhavesh Jain,0,0,0,0,0,86.87,13.13,0,3.34,20.08,0,100,0,0,0,0,,0.65,0,0,0,0,0,0,16.51,41,-6.54,126.04,103.33
Edelweiss NIFTY PSU Bond Plus SDL Index Fund 2026 Reg (G),Edelweiss Mutual Fund,0,01-01-1900,0,0,0.03,0.24,1.17,2.56,5.74,6.98,6.87,5.87,,,,,,6.17,0,Debt: Medium Duration,13.5902,0,0,6.66,0.45,1.59,2.85,,0.05,0.05,6.69,100,100,0,0,0,0,0,,0,100,0,0,0,,0.43,0,0,0,0,0,100,0.17,9.19,-0.64,169.54,72.45
Edelweiss NIFTY PSU Bond Plus SDL Index Fund 2027 Reg (G),Edelweiss Mutual Fund,2122,14-10-2021,0.04,0.07,0.17,0.43,1.37,3.16,5.85,6.83,7.22,0,,,,,,5.95,0,Debt: Medium to Long Duration,13.3256,0,0,7,0.83,1.58,2.89,Dhawal Dalal,0.5,0.6,6.48,0,0,0,0,0,0,0,0.15% for redemption within 30 days,0,100,0,0,0,,0.37,47.53,0,0,47.89,0,4.58,0.32,19.15,-0.26,192.04,70.38
Edelweiss Nifty REITs & Realty Index Fund (G),Edelweiss Mutual Fund,,,0.89,-1.43,1.3,-2.95,,,,,,,,,,,,-3.3,,Equity: Index,9.6701,,,,,,,,,,,0,0,,,,,,,100,0,0,0,0,,,,,,,,,,,,,
Edelweiss Nifty Smallcap 250 Index Fund Reg (G),Edelweiss Mutual Fund,285,30-11-2022,0.2,-3.27,-0.48,-3.09,0.58,24.63,6.38,-2.03,12.85,,,,,,,16.74,3,Equity: Index,18.1048,0.67,1,16.36,21.7,0.49,0.74,Bharat Lahoti,0,0,0,0,0,0,7.27,92.73,3.52,32.66,0,100,0,0,0,0,,0.7,0,0,0,0,0,0,17.49,41.27,-4.96,111.23,99.23
Edelweiss Nifty500 Multicap Momentum Quality 50 Index Fund Reg (G),Edelweiss Mutual Fund,626,31-10-2024,0.05,-3.32,-0.42,-5.7,-3.61,9.6,-1.7,,,,,,,,,-7.07,0,Equity: Index,8.6892,0,0,0,0,0,0,Bharat Lahoti,0,0,0,100,100,51.42,27.22,21.33,6.68,27.31,0,99.97,0.03,0,0,0,,0.9,0,0,0,0,0,0.03,0,0,,0,0
Edelweiss Overnight Fund (G),Edelweiss Mutual Fund,192,24-07-2019,0.01,0.1,0.2,0.39,1.26,2.56,5.19,5.59,5.95,5.62,5.02,,,,,5.03,3,Debt: Overnight,1423.4066,0,0,5.85,0.2,0.78,1.65,Hetul Raval,0.01,0.01,5.34,0,100,0,0,0,0,0,0,0,100,0,0,0,,0.1,5.2,0,0,0,0,94.8,0,0,-1.08,0,0
Edelweiss Recently Listed IPO Fund Reg (G),Edelweiss Mutual Fund,1230,22-02-2018,-0.19,-2.53,0.46,-1.61,4.85,37.42,20.38,7.78,15.83,10.5,19.2,,,,,14.58,0,Equity: Multi Cap,32.6409,5.02,1.04,17.93,20.76,0.59,0.81,Bharat Lahoti,0,0,0,100,0,12.51,14.54,69.48,7.68,47.69,2% for redemption within 180 days,96.53,3.47,0,0,0,,1.86,0.08,0,0,0,0,2.31,15.93,41.68,0.3,88.64,87.94
Edelweiss SIF Altiva Equity ExTop 100 Long Short Fund (G),Edelweiss SIF Mutual Fund,1391,08-06-2026,0.94,-3.34,-0.59,-4.8,0.57,,,,,,,,,,,6.28,0,SIF: Equity LS,10.6275,0,0,0,0,0,0,Mr. Nikhil Gada,0,0,0,0,0,6.96,27.82,63.33,0,0,If the units are redeemed/ switched out on or before 90 days from the date of allotment ? 0.50% of the applicable NAV.If the units are redeemed/switched out after 90 days from the date of allotment ? Nil,98.11,1.89,0,0,0,,1.84,0,0,0,0,0,1.89,,,,,
Edelweiss SIF Altiva Hybrid Long-Short Fund Reg (G),Edelweiss SIF Mutual Fund,9279,20-10-2025,-0.05,-1.08,-0.24,-0.79,1.96,7.6,0,,,,,,,,,9.48,0,SIF: Hybrid LS,10.948,0,0,0,0,0,0,Mr. Bhavesh Jain,1.57,1.38,8.02,0,0,1.23,0.48,0.29,0,0,If the units are redeemed/ switched out on or before 30 days from the date of allotment ? 0.50% of the applicable NAV. If the units are redeemed/switched out after 30 days from the date of allotment ? Nil,2,95.34,0,0,2.66,,1.27,20.97,0,15.68,33.22,0,29.99,,,,,
Edelweiss Silver E T F FoF (G),Edelweiss Mutual Fund,107,30-12-2025,0.43,-4.53,-2.17,-6.15,-1.82,-3.68,,,,,,,,,,-4.64,0,Commodity: Silver,9.5364,0,0,0,0,0,0,Bharat Lahoti,0,0,0,0,0,0,0,0,0,0,0.1% for redemption within 15 days,0,0.01,0,0,99.99,,0.48,0,0,0,0,0,100,,,,,
Edelweiss Small Cap Fund (G),Edelweiss Mutual Fund,7253,07-02-2019,0.29,-3.57,-0.68,-5.54,-0.27,20.48,7.38,0.04,13.12,14.66,23.14,,,,,22,4,Equity: Small Cap,46.27,2.28,0.81,16.11,18.06,0.58,0.8,Dhruv Bhatia,0,0,0,0,100,5.5,22.85,70.56,4.52,33.17,1% for redemption within 90 days,98.91,1.09,0,0,0,,1.54,0,0,0,0,0,1.09,14.51,41.68,-0.21,87.94,88.94
Edelweiss Technology Fund Reg (G),Edelweiss Mutual Fund,810,05-03-2024,0,-3.62,-3.2,-6.3,5.28,18.18,4.38,0.72,,,,,,,,7.74,0,Equity: Sectoral,12.1106,0,0,0,0,0,0,Sumanta Khan,0,0,0,100,100,47.32,26.05,23.24,6.5,30.72,1% for redemption within 90 days,72.23,3.39,0,24.38,0,,2,0,0,0,0,0,3.39,0,0,,0,0
Edelweiss Ultra Short Term Fund (G),Edelweiss Mutual Fund,,,0.05,0.08,0.24,0.49,,,,,,,,,,,,100,,Debt: Ultra Short Duration,1006.1315,,,,,,,,,,,0,0,,,,,,,0,100,0,0,0,,,,,,,,,,,,,
Edelweiss Ultra Short to Short term Fund Reg (G),Edelweiss Mutual Fund,501,20-03-2025,0.03,-0.01,0.13,0.43,1.22,3.1,5.45,,,,,,,,,6,0,Debt: Low Duration,1094.9878,0,0,0,0,0,0,Hetul Raval,0.94,0.9,7.1,0,0,0,0,0,0,0,0,0,99.71,0,0,0.29,,0.83,9.01,0,10.96,75.05,0,4.69,0,0,,0,0
Edelweiss US Technology Equity FoF Reg (G),Edelweiss Mutual Fund,4348,05-03-2020,0,-1.08,4.48,4.12,-3.93,36.03,20.86,29.52,30.93,15.86,,,,,,22.97,0,Equity: Global,39.3666,0,0,28,27.76,0.8,1.29,Bharat Lahoti,0,0,0,0,100,0,0,0,0,0,1% for redemption within 90 days,0,4.63,0,95.37,0,,1.31,0,0,0,0,0,100,24.39,43.1,0.52,61.51,68.15
Edelweiss US Value Equity Offshore Fund Reg (G),Edelweiss Mutual Fund,249,07-08-2013,0,-0.58,-1.66,-2.21,1.88,15.28,24.92,17.87,19.45,13.68,14.85,13.21,,,,11.73,0,Equity: Global,43.263,0,0,18.61,12.39,1.04,1.37,Bharat Lahoti,0,0,0,100,100,0,0,0,0,0,1% for redemption within 90 days,0,4.25,0,95.75,0,,1.35,0,0,0,0,0,100,11.25,43.1,0,-5.93,46
Franklin Asian Equity Fund (G),Franklin Templeton Mutual Fund,996,16-01-2008,-0.22,-3.07,1.01,-2.51,-1.87,24.09,32.52,21.73,22.74,8.28,10.68,9.57,10.59,,,8.6,0,Equity: Global,44.4824,0,0,22,17.34,0.94,1.46,Sandeep Manam,0,0,0,0,500,67.49,25.98,0,4.27,27.04,1% for redemption within 365 days,44.6,6.53,0,48.87,0,,1.92,0,0,0,0,0,6.53,14.05,42.88,0.56,76.08,77.92
Franklin Build India Fund (G),Franklin Templeton Mutual Fund,3152,04-09-2009,0.07,-2.91,-0.32,-4.12,-7.63,2.85,-2.68,-3.83,13.51,16.29,19.05,15.42,18.48,,,16.37,3,Equity: Sectoral,136.4021,2.78,0.62,17.34,17.62,0.66,1.05,Ajay Argal,0,0,0,0,500,56.82,16.46,21.26,2.6,19.45,1% for redemption within 365 days,94.54,5.46,0,0,0,,1.67,0,0,0,0,0,5.46,15.05,42.88,0.07,113.78,98.65
Franklin India Aggressive Hybrid Fund (G),Franklin Templeton Mutual Fund,2365,10-12-1999,-0.16,-2.8,-1.16,-4.01,-2.9,4.5,-3.39,-2.32,7.72,7.77,11.52,9.86,12.03,11.37,15.55,12.88,3,Hybrid: Aggressive,258.086,0,0,10.08,10.37,0.42,0.54,Anuj Tagra,3.64,2.9,7.68,0,500,39.46,12.4,17.96,3.86,28.17,"For units in excess of 10% of the investment, 1% will be charged for redemption within 365 days",69.82,30.18,0,0,0,,1.72,7.4,0,7.62,12.49,0,2.67,8.49,43.83,0.43,73.03,89.72
Franklin India Arbitrage Fund Reg (G),Franklin Templeton Mutual Fund,1906,19-11-2024,0.27,0.13,0.38,0.53,1.6,3.01,6.41,,,,,,,,,6.16,3,Hybrid: Arbitrage,11.206,0,0,0,0,0,0,Mukesh Jain,0.5,0.47,6.93,1000,100,0,0,0,2.66,17.6,"For units in excess of 10% of the investment, 0.25% will be charged for redemption within 30 days",0,100,0,0,0,,0.86,0,0,0,17.11,11.21,1.54,0,0,,0,0
Franklin India Balanced Advantage Fund Reg (G),Franklin Templeton Mutual Fund,2823,06-09-2022,-0.13,-2.59,-1.08,-3.42,-2.09,4.52,-1.46,0.11,7.38,,,,,,,8.73,3,Hybrid: Balanced Advantage,14.0582,0,0,9.23,7.95,0.45,0.55,Anuj Tagra,3.63,2.87,7.55,1000,500,37.01,9.76,15.07,3.79,28,"For units in excess of 10% of the investment, 1% will be charged for redemption within 365 days",61.83,38.17,0,0,0,,1.69,9.93,0,8.87,16,0,0.86,6.12,42.95,0.34,30.55,82.57
Franklin India Banking & PSU Debt Fund (G),Franklin Templeton Mutual Fund,567,25-04-2014,0.05,-0.03,0.08,0.22,1.16,3.39,5.8,6.84,7.11,6.09,6.43,6.87,,,,7.34,5,Debt: Banking and PSU,24.14,0,0,6.98,1.06,1.22,1.76,Anuj Tagra,2.94,1.54,7.12,0,500,0,0,0,0,0,0,0,99.63,0,0,0.37,,0.41,15.56,0,3.35,79.29,0,1.43,0.61,22.21,-0.31,96.25,100
Franklin India Conservative Hybrid Fund (G),Franklin Templeton Mutual Fund,210,28-09-2000,-0.03,-0.92,-0.33,-1.05,-0.11,3.56,1.29,2.8,6.77,6.31,7,6.49,8.13,7.92,8.72,8.91,3,Hybrid: Conservative,92.0257,0,0,7.36,4.27,0.39,0.47,Pallab Roy,3,2.21,7.31,0,500,12.67,2.93,3.69,3.48,26.35,0,19.29,80.35,0,0,0.36,,1.14,2.47,0,8.77,47.07,1.46,20.58,2.97,39.48,0.43,106.33,97.06
Franklin India Conservative Hybrid Fund Plan B (G),Franklin Templeton Mutual Fund,,,-0.03,-0.92,-0.33,-1.05,-0.11,3.56,1.29,2.8,6.77,6.31,7,6.49,8.13,7.92,8.72,8.9,,Hybrid: Conservative,92.0257,,,,,,,,,,,0,0,,,,,,,22.64,76.96,0,0,0.4,,,,,,,,,2.97,39.48,,106.33,97.06
Franklin India Corporate Bond Fund (G),Franklin Templeton Mutual Fund,1379,23-06-1997,0.05,-0.05,0.06,0.22,1.01,3.21,5.45,7.36,7.38,6.17,6.52,6.97,7.98,7.63,7.54,7.9,4,Debt: Corporate Bond,106.7835,0,0,7.23,1.5,1.02,2.03,Anuj Tagra,3.21,1.74,7.48,0,500,0,0,0,0,0,0,0,99.72,0,0,0.28,,0.65,12.8,0,6.75,73.23,0,6.94,0.57,22.24,-0.15,184.89,72.15
Franklin India Corporate Debt Fund Plan B (G),Franklin Templeton Mutual Fund,,,0.05,-0.05,0.06,0.22,1.01,3.21,5.45,7.36,7.38,6.17,6.52,6.97,7.98,7.63,7.52,8.42,,Debt: Corporate Bond,106.7835,,,,,,,,,,,0,0,,,,,,,0,99.71,0,0,0.29,,,,,,,,,0.57,22.24,,184.89,72.15
Franklin India Dividend Yield Fund (G),Franklin Templeton Mutual Fund,2280,18-05-2006,0,-2.61,-1.16,-3.58,-3.13,3.28,-3.77,-6.8,9.67,10.58,16.39,13.29,14.32,13.41,,13.46,0,Equity: Dividend Yield,131.0343,0.79,0.84,12.5,14.07,0.48,0.68,Ajay Argal,0,0,0,0,500,63.71,16.28,15.38,2.63,16.1,1% for redemption within 365 days,85.3,4.62,0,10.08,0,,1.73,0,0,0,0,0,4.62,11.85,43.83,-0.08,76.84,86.96
Franklin India Dynamic Asset Allocation Active FoF (G),Franklin Templeton Mutual Fund,1242,31-10-2003,0,-2.36,-1.09,-3.56,-2.42,3.94,-1.22,0.02,6.93,8.8,9.69,9.06,9.81,10.15,,13,0,Others: FoFs Domestic,161.5779,0,0,9.45,7.66,0.49,0.61,Chandni Gupta,0,0,0,0,500,45.55,7.89,6.4,0,0,"For units in excess of 10% of the investment, 1% will be charged for redemption within 365 days",59.84,40.16,0,0,0,,1.56,0,0,0,0,37.95,2.21,5.7,42.82,0.44,26.8,81.79
Franklin India ELSS Tax Saver Fund (G),Franklin Templeton Mutual Fund,6223,10-04-1999,-0.27,-3.83,-1.96,-5.83,-4.16,4.89,-6.13,-6.08,8.54,9.68,13.5,11.28,13.59,12.95,19.03,19.68,4,Equity: ELSS,1354.5263,0.42,0.92,12.16,14.27,0.45,0.58,Rajasa Kakulavarapu,0,0,0,0,500,74.71,11.81,7.71,3.25,23.67,0,94.23,5.77,0,0,0,,1.56,0.24,0,0,0,0,5.53,11.73,43.69,-0.29,95.91,95.5
Franklin India Equity Savings Fund Reg (G),Franklin Templeton Mutual Fund,587,27-08-2018,0.24,-0.96,-0.35,-0.8,0.13,2.39,2.45,3.46,6.18,5.86,7.44,,,,,6.68,3,Hybrid: Equity Savings,16.8837,0,0,6.62,2.6,0.36,0.46,Anuj Tagra,3.95,2.77,7.16,0,500,18.03,0.99,1.16,2.77,20.41,0,20.17,79.83,0,0,0,,1,29.52,0,15.1,16.4,0,6.88,1.99,39.02,-0.02,159.79,86.17
Franklin India Feeder Franklin European Growth Fund (G),Franklin Templeton Mutual Fund,18,16-05-2014,0,0,0.02,-0.07,13.82,19.68,6.62,9.48,11.6,7.91,1.76,2.22,,,,1.3,0,Equity: Global,11.5489,0,0,9.54,18.18,0.18,0.31,Sandeep Manam,0,0,0,0,0,98.76,0,0,0,0,1% for redemption within 365 days,0,1.24,0,98.76,0,,1.33,0,0,0,0,0,1.24,14.61,46.91,-0.87,-112.55,60.16
Franklin India Flexi Cap Fund (G),Franklin Templeton Mutual Fund,19385,29-09-1994,-0.24,-3.97,-2,-6.02,-4.46,4.68,-5.33,-5.34,8.83,9.8,15.08,12.04,14.17,13.53,19.9,17.37,4,Equity: Flexi Cap,1514.6758,0.82,0.92,12.45,14.15,0.48,0.61,Rajasa Kakulavarapu,0,0,0,0,500,72.01,12.47,10.11,3.3,24.29,1% for redemption within 365 days,94.59,5.41,0,0,0,,1.42,0.3,0,0,0,0,0.15,11.67,43.56,-0.2,95.07,94.84
Franklin India Floating Interest Rates Fund (G),Franklin Templeton Mutual Fund,281,23-04-2001,0,0.02,0.05,0.22,1.14,2.78,5.72,6.83,7.21,6.4,6.11,6.24,6.42,6.17,0,5.92,3,Debt: Floater,43.7699,0,0,7.18,1.14,1.31,1.76,Pallab Roy,3.44,1.5,7.36,0,1000,0,0,0,0,0,0,0,99.62,0,0,0.38,,0.82,34.47,0,16.12,46.05,0,2.98,0.4,21.69,0.25,192.62,69.85
Franklin India Focused Equity Fund (G),Franklin Templeton Mutual Fund,11506,26-07-2007,-0.03,-4.91,-2.96,-8.17,-5.91,0.57,-11.82,-8.68,5.49,7.71,13.15,11.52,15.24,,,12.41,3,Equity: Focused,94.4579,-2.16,0.87,9.68,13.74,0.29,0.34,Ajay Argal,0,0,0,1000,500,73.58,16.26,6.05,3.71,27.15,1% for redemption within 365 days,95.89,4.11,0,0,0,,1.48,0.22,0,0,0,0,3.89,11.37,46.27,-0.74,89.12,94.93
Franklin India Gilt Fund (G),Franklin Templeton Mutual Fund,147,07-12-2001,0.02,-0.05,-0.06,-0.31,0.5,4.05,4.66,4.94,5.84,4.84,5.06,4.89,6.44,6.9,,6.62,3,Debt: Gilt Fund,61.3674,0,0,5.94,2.92,0.08,0.08,Anuj Tagra,10.39,3.86,7.11,0,500,0,0,0,0,0,0,0,100,0,0,0,,1.03,85.84,0,0,0,0,14.16,1.67,35.36,-0.31,160.83,82.51
Franklin India Income Plus Arbitrage Active FoF (G),Franklin Templeton Mutual Fund,141,28-11-2014,0,-0.11,0.05,0.18,1.11,3.09,5.68,7.84,12.26,10.07,8.37,7.21,,,,7.07,0,Hybrid: Fof Domestic Income Plus Arbitrage,22.4467,0,0,11.91,4.3,1.44,3.15,Pallab Roy,0,0,0,0,500,0,0,0,0,0,0,0,100,0,0,0,,0.44,0,0,0,0,97.83,2.17,3.4,33.98,0.41,78.72,100
Franklin India Large & Mid cap Fund (G),Franklin Templeton Mutual Fund,3622,02-03-2005,-0.51,-5.37,-2.48,-7.79,-2.99,7.39,-4.01,-4.19,9.41,8.12,12.9,10.46,12.87,11.87,,14.34,2,Equity: Large & Mid Cap,180.3834,0.4,0.96,13.22,14.84,0.51,0.72,R Janakiraman,0,0,0,0,500,51.66,37.6,8.09,4.12,30.25,1% for redemption within 365 days,97.35,2.65,0,0,0,,1.64,0,0,0,0,0,2.65,11.84,44.78,-0.3,89.58,91.83
Franklin India Large Cap Fund (G),Franklin Templeton Mutual Fund,7490,01-12-1993,-0.39,-4.37,-2.33,-7.42,-3.57,3.42,-5.3,-4.81,7.67,6.09,11.57,9.52,11.02,11.05,17.87,18.16,3,Equity: Large Cap,956.6954,0.36,0.9,11.3,13.2,0.42,0.56,Ajay Argal,0,0,0,0,500,88.48,9.51,0,3.62,24.53,1% for redemption within 365 days,97.99,2.01,0,0,0,,1.54,0.13,0,0,0,0,1.88,10.74,45.18,0.01,89.25,93.34
Franklin India Liquid Fund Super Ins (G),Franklin Templeton Mutual Fund,6082,02-09-2005,0.02,0.09,0.23,0.49,1.56,3.44,6.46,6.67,6.9,6.31,5.68,6.1,7.07,7.14,,7.1,4,Debt: Liquid,4245.3519,0,0,6.72,0.21,5.03,9.6,Pallab Roy,0.11,0.11,6.53,0,500,0,0,0,0,0,Exit load of 0.0070% if redeemed within 1 day. 0.0065% if redeemed within 2 days. 0.0060% if redeemed within 3 days. 0.0055% if redeemed within 4 days. 0.0050% if redeemed within 5 days. 0.0045% if redeemed within 6 days.,0,99.87,0,0,0.13,,0.17,16.53,0,0,76.83,0,6.51,0,0,3.88,0,0
Franklin India Long Term Fund Reg (G),Franklin Templeton Mutual Fund,48,11-12-2024,0.1,-0.42,0.17,-0.52,-0.66,3.3,3.25,,,,,,,,,4.11,5,Debt: Long Duration,10.7524,0,0,0,0,0,0,Anuj Tagra,20.26,7.88,7.32,1000,500,0,0,0,0,0,0,0,99.75,0,0,0.25,,0.69,87.41,0,0,0,0,12.34,0,0,,0,0
Franklin India Medium to Long Term Fund Reg (G),Franklin Templeton Mutual Fund,42,24-09-2024,0.11,-0.27,0.02,-0.47,-0.19,3.23,4.04,5.47,,,,,,,,5.54,3,Debt: Medium to Long Duration,11.1488,0,0,0,0,0,0,Anuj Tagra,8.1,4.73,7.37,1000,500,0,0,0,0,0,0,0,99.65,0,0,0.35,,0.73,74.65,0,14.36,0,0,10.64,0,0,,0,0
Franklin India Mid Cap Fund (G),Franklin Templeton Mutual Fund,13052,01-12-1993,0.19,-5.04,-2.3,-6.75,-2.56,11.81,0.08,-2.9,13.24,11.62,16.28,13.03,17.06,14.3,23.08,18.43,3,Equity: Mid Cap,2674.866,-0.3,0.94,16.62,17.05,0.64,0.83,Akhil Kalluri,0,0,0,0,500,9.94,65.97,18.97,3.94,35.13,1% for redemption within 365 days,94.88,5.12,0,0,0,,1.47,0.22,0,0,0,0,0.27,13.68,41.93,-0.32,99.5,93.13
Franklin India Money Market Fund Reg (G),Franklin Templeton Mutual Fund,3937,11-02-2002,0.04,0.09,0.25,0.52,1.63,3.56,6.39,7.07,7.23,6.49,6.12,6.61,7.36,7.41,,7.11,4,Debt: Money Market,54.3072,0,0,7.02,0.54,2.44,3.63,Chandni Gupta,0.49,0.39,6.93,0,500,0,0,0,0,0,0,0,99.72,0,0,0.28,,0.24,10.55,0,0,88.93,0,0.24,0.13,5.39,2.06,96.11,100
Franklin India Multi Asset Allocation Fund Reg (G),Franklin Templeton Mutual Fund,2912,31-07-2025,0.09,-3.54,-1.86,-4.99,-2.45,3.68,4.59,,,,,,,,,4.49,0,Hybrid: Multi Asset,10.5508,0,0,0,0,0,0,Pallab Roy,0.98,0.77,7.25,1000,500,47.9,8.93,13.09,3.46,25.23,"For units in excess of 10% of the investment, 0.5% will be charged for redemption within 1 year",69.92,12.77,14.02,0,3.29,,1.64,1.19,0,0,11.86,0,3.01,0,0,,0,0
Franklin India Multi Cap Fund Reg (G),Franklin Templeton Mutual Fund,5262,29-07-2024,0.2,-2.74,0.32,-3.06,1.89,19.32,5.84,1.31,,,,,,,,3.5,0,Equity: Multi Cap,10.775,0,0,0,0,0,0,Akhil Kalluri,0,0,0,1000,500,25.45,36.08,33.64,4.18,35.32,1% for redemption within 1 year,95.17,4.83,0,0,0,,1.59,0.47,0,0,0,0,4.36,0,0,,0,0
Franklin India Multi Factor Fund Reg (G),Franklin Templeton Mutual Fund,616,28-11-2025,-0.16,-4,-2.19,-6.73,-5.83,2.31,,,,,,,,,,-10.85,0,Equity: Thematic,8.9153,0,0,0,0,0,0,Arihant Jain,0,0,0,0,0,73.13,17.98,8.24,2.82,16.4,"For units in excess of 10% of the investment, 0.5% will be charged for redemption within 1 year",99.35,0.65,0,0,0,,2.06,0,0,0,0,0,0.65,,,,,
Franklin India NSE Nifty 50 Index Fund (G),Franklin Templeton Mutual Fund,715,04-08-2000,-0.4,-3.48,-2.13,-6.04,-5.03,1.83,-7.57,-5.8,5.41,5.68,10.55,10.38,10.86,9.75,,10.86,2,Equity: Index,183.5576,-1.96,0.94,8.91,13.54,0.24,0.31,Shyam Sundar Sriram,0,0,0,0,500,98.36,1.34,0,3.1,20.1,0,99.7,0.3,0,0,0,,0.55,0,0,0,0,0,0.3,11.15,47.05,-4.92,98.11,99.5
Franklin India Opportunities Fund (G),Franklin Templeton Mutual Fund,9717,21-02-2000,0,-3.09,0.34,-2.8,0.34,16.65,2.8,0.46,18.5,16.7,20.44,15.54,16.01,12.89,18.84,13.09,0,Equity: Thematic,260.3244,7.51,1.04,20.4,17.28,0.85,1.12,Kiran Sebastian,0,0,0,0,500,32.18,20.49,36.6,4.51,34.08,1% for redemption within 365 days,85.63,10.73,0,3.64,0,,1.51,0.51,0,0,0,0,10.22,13.21,41.66,1.07,98.79,89.22
Franklin India Overnight Fund (G),Franklin Templeton Mutual Fund,685,08-05-2019,0.01,0.1,0.21,0.39,1.27,2.59,5.28,5.67,6,5.65,4.98,,,,,5.01,5,Debt: Overnight,1436.1608,0,0,5.9,0.18,1.1,2.21,Pallab Roy,0.01,0.01,5.21,0,500,0,0,0,0,0,0,0,100,0,0,0,,0.09,5.38,0,0,0,0,94.62,0,0,-0.56,0,0
Franklin India Retirement Fund (G),Franklin Templeton Mutual Fund,493,31-03-1997,-0.11,-1.63,-0.76,-2.11,-1.5,2.68,-1.27,0.28,6.35,6.04,7.47,6.88,9.03,8.66,10.96,10.94,0,Solution: Retirement Debt,214.8677,0,0,7.52,5.98,0.31,0.4,Anuj Tagra,2.59,2.04,7.6,0,0,22.31,5.14,7.1,3.59,26.5,For Redemption or switch out of units before the attainment of retirement age i.e 58 years.,34.55,65.45,0,0,0,,1.84,2.2,0,10.09,43.7,0.62,8.84,4.62,42.2,0.28,23.67,115.67
Franklin India Short Term Fund (G),Franklin Templeton Mutual Fund,263,12-08-2026,0.05,-0.03,0.1,0.33,,,,,,,,,,,,0.5,0,Debt: Short Duration,10.05,0,0,0,0,0,0,Anuj Tagra,0,0,0,0,0,0,0,0,0,0,0,0,100,0,0,0,,0.8,0,0,0,87.68,0,12.32,,,,,
Franklin India Small Cap Fund (G),Franklin Templeton Mutual Fund,14746,13-01-2006,0.44,-2.95,-1.18,-3.35,-0.9,20,5.5,-3.39,11.17,14.36,19.6,13.9,18.91,15.1,,14.77,3,Equity: Small Cap,173.8328,-0.23,0.89,14.04,19.93,0.42,0.65,Akhil Kalluri,0,0,0,0,500,8.49,4.31,83.57,3.14,28.98,1% for redemption within 365 days,96.37,3.63,0,0,0,,1.45,0.21,0,0,0,0,0.25,14.63,43.42,-0.59,89.19,91.68
Franklin India Technology Fund (G),Franklin Templeton Mutual Fund,1759,22-08-1998,0,-5.07,-4.59,-7.01,3.44,5.8,-10.98,-9.27,6.88,5.36,15.96,15.05,14.82,12.12,17.45,14.58,0,Equity: Sectoral,447.5754,7.89,0.71,10.66,18.62,0.27,0.41,R Janakiraman,0,0,0,0,500,67.14,19.36,10.41,4.97,26.37,1% for redemption within 365 days,76.89,3.09,0,20.02,0,,1.78,0,0,0,0,0,3.09,12.43,46.81,0.45,73.84,88.15
Franklin India Ultra Short Term Fund Reg (G),Franklin Templeton Mutual Fund,281,29-08-2024,0.04,0.07,0.21,0.47,1.43,3.16,6.03,6.65,,,,,,,,6.7,3,Debt: Ultra Short Duration,11.4491,0,0,0,0,0,0,Pallab Roy,0.73,0.45,7.13,1000,500,0,0,0,0,0,0,0,99.7,0,0,0.3,,0.61,10.94,0,10.08,72.68,0,6,0,0,,0,0
Franklin India Ultra Short to Short Term Fund Reg (G),Franklin Templeton Mutual Fund,392,06-03-2025,0.03,0,0.13,0.4,1.23,2.95,5.88,,,,,,,,,6.64,0,Debt: Low Duration,11.079,0,0,0,0,0,0,Chandni Gupta,1.54,0.74,7.51,1000,500,0,0,0,0,0,0,0,99.72,0,0,0.28,,0.61,15.38,0,14.84,62.61,0,6.89,0,0,,0,0
Franklin U.S. Opportunities Equity Active FoF (G),Franklin Templeton Mutual Fund,5955,06-02-2012,0,0.37,4.73,3.48,0.66,25.74,15.35,15.94,23.78,10.47,16.81,16.39,,,,16.45,0,Equity: Global,93.9317,0,0,19.91,17.93,0.79,1.33,Sandeep Manam,0,0,0,0,500,0,0,0,0,0,1% for redemption within 365 days,0,3.93,0,96.07,0,,1.25,0,0,0,0,0,100,17.13,44.54,0.2,-17.71,40.51
Groww Aggressive Hybrid Fund (G),Groww Mutual Fund,53,13-12-2018,-0.09,-3.03,-1.68,-4.76,-2.3,4.68,-3.9,-3.69,6.84,6.26,9.24,,,,,9.12,2,Hybrid: Aggressive,19.8601,0,0,9.38,11.31,0.33,0.39,Nikhil Satam,0.07,0.07,5.28,0,500,43.82,27.28,1.25,3.08,23.4,1% for redemption within 7 days,72.35,27.65,0,0,0,,2.08,0,0,0.94,4.03,0,22.68,9.1,46.48,0.23,87.56,95.31
Groww Arbitrage Fund (G),Groww Mutual Fund,84,28-04-2026,0.37,-0.08,0.18,0.36,1.33,,,,,,,,,,,2.19,0,Hybrid: Arbitrage,10.2188,0,0,0,0,0,0,Shashi Kumar,0,0,0,0,0,0,0,0,1.97,12.51,0.25% for redemption within 30 days,0,100,0,0,0,,0.85,0,0,0,0,24.26,2.63,,,,,
Groww Banking & Financial Services Fund Reg (G),Groww Mutual Fund,91,06-02-2024,0.33,-4.99,-2.66,-5.62,-0.95,18.77,9.53,5.31,,,,,,,,8.95,0,Equity: Sectoral,12.4928,0,0,0,0,0,0,Nikhil Satam,0,0,0,500,100,24.67,28.38,42.75,2.71,24.57,1% for redemption within 30 days,95.8,4.2,0,0,0,,2.1,0,0,0,0,0,4.2,0,0,,0,0
Groww BSE Hospitals E T F FoF (G),Groww Mutual Fund,38,05-03-2026,-4.75,-9.63,-7.41,-8.23,-10.53,7.45,,,,,,,,,,0.03,0,Equity: Sectoral,10.0028,0,0,0,0,0,0,Aakash Ashokkumar Chauhan,0,0,0,0,0,0,0,100,0,0,0,100,0,0,0,0,,0.45,0,0,0,0,0,0,,,,,
Groww BSE Power E T F FOF (G),Groww Mutual Fund,37,07-08-2025,-0.55,-2.88,-1.66,-3.17,-11.25,7.32,7.76,,,,,,,,,7.94,0,Others: FoFs Domestic,10.9623,0,0,0,0,0,0,Aakash Ashokkumar Chauhan,0,0,0,500,100,75.26,24.74,0,0,0,0,100,0,0,0,0,,0.5,0,0,0,0,0,0,0,0,,0,0
Groww Dynamic Term Fund (G),Groww Mutual Fund,25,06-12-2018,0.04,-0.25,0.16,0.08,0.36,2.24,2.31,3.32,4.83,4.3,4.7,,,,,5.27,0,Debt: Dynamic Bond,1498.9475,0,0,4.81,2.56,-0.35,-0.51,Kaustubh Sule,8.55,3.04,6.81,0,100,0,0,0,0,0,0,0,99.12,0,0,0.88,,1.17,21.84,0,0,65.53,0,11.75,1.61,39.72,-0.91,154.2,86.99
Groww ELSS Tax Saver Fund Reg (G),Groww Mutual Fund,52,28-12-2017,-0.06,-3.79,-2.01,-6.19,-3.74,5.31,-8.15,-7.88,6.43,6.04,9.24,,,,,6.97,1,Equity: ELSS,18.04,-2.58,0.97,10.44,15.48,0.31,0.36,Paras Matalia,0,0,0,500,500,69.35,23.93,2.78,3.46,23.61,0,96.06,3.94,0,0,0,,2.09,0,0,0,0,0,3.94,12.63,42.95,-0.56,95.34,97.25
Groww Gilt Fund (G),Groww Mutual Fund,35,09-05-2025,0.03,-0.29,0.16,-0.15,-0.42,1.67,0.49,,,,,,,,,-0.8,0,Debt: Gilt Fund,9.8849,0,0,0,0,0,0,Kaustubh Sule,11.61,3.7,5.94,500,100,0,0,0,0,0,0,0,100,0,0,0,,1.44,85.11,0,0,0,0,14.89,0,0,,0,0
Groww Gold E T F FOF Reg (G),Groww Mutual Fund,131,06-11-2024,0.55,-2.76,-1.85,-4.49,4.32,0.31,24.91,,,,,,,,,37.02,3,Commodity: Gold,17.8803,0,0,0,0,0,0,Wilfred Peter Gonsalves,0,0,0,500,100,0,0,0,0,0,1% for redemption within 30 days,0,0.83,99.17,0,0,,0.3,0,0,0,0,0,0.83,0,0,,0,0
Groww Large Cap Fund (G),Groww Mutual Fund,137,10-02-2012,-0.27,-3.25,-1.69,-5.86,-4.18,5.57,-4.56,-4.67,7.97,6.99,9.78,9.59,,,,10.03,3,Equity: Large Cap,40.77,0.26,0.98,11.53,14.38,0.41,0.49,Nikhil Satam,0,0,0,500,500,83.15,9.15,0.77,3.62,25.5,1% for redemption within 7 days,93.07,6.93,0,0,0,,2.09,0,0,0,0,0,6.93,11.86,45.45,0.09,100.4,98.06
Groww Liquid Fund (G),Groww Mutual Fund,381,25-10-2011,0.02,0.09,0.22,0.48,1.52,3.36,6.38,6.61,6.85,6.18,5.49,5.94,,,,6.94,4,Debt: Liquid,2724.8292,0,0,6.68,0.21,4.81,9.05,Kaustubh Sule,0.07,0.07,6.14,500,500,0,0,0,0,0,Exit load of 0.0070% if redeemed within 1 day. 0.0065% if redeemed within 2 days. 0.0060% if redeemed within 3 days. 0.0055% if redeemed within 4 days. 0.0050% if redeemed within 5 days. 0.0045% if redeemed within 6 days.,0,99.79,0,0,0.21,,0.18,2.62,0,0,85.98,0,11.19,0.01,0.51,3.79,97.33,100
Groww Money Market Fund Reg (G),Groww Mutual Fund,62,19-11-2025,0.03,0.07,0.21,0.43,1.38,2.82,,,,,,,,,,4.6,0,Debt: Money Market,10.4597,0,0,0,0,0,0,Kaustubh Sule,0.27,0.27,6.43,0,0,0,0,0,0,0,0,0,99.8,0,0,0.2,,0.74,0,0,0,86.62,0,13.18,,,,,
Groww Multi Asset Allocation Fund Reg (G),Groww Mutual Fund,390,30-09-2025,-0.09,-2.99,-1.8,-4.64,-1.64,3.55,0,,,,,,,,,-1.54,0,Hybrid: Multi Asset,9.8587,0,0,0,0,0,0,Paras Matalia,0.12,0.12,5.34,0,0,40.39,20.46,2.49,3.21,23.24,1% for redemption within 30 days,63.34,22.75,12.18,0,1.73,,2.04,0,0,0,4.22,0,14.61,,,,,
Groww Multi Asset Omni FoF (G),Groww Mutual Fund,77,22-12-2025,0,-3.26,-1.4,-4.78,-1.68,10.67,,,,,,,,,,0.35,0,Hybrid: Multi Asset,10.0346,0,0,0,0,0,0,Shashi Kumar,0,0,0,0,0,0,0,78.07,0,0,0,78.07,11.38,5.84,0,4.71,,1.11,0,0,0,0,10.47,5.62,,,,,
Groww Multi Cap Fund Reg (G),Groww Mutual Fund,1476,16-12-2024,-0.43,-3.09,0.29,-3.55,3.6,26.41,16.43,,,,,,,,,10.33,0,Equity: Multi Cap,11.9334,0,0,0,0,0,0,Nikhil Satam,0,0,0,500,500,26.93,27.89,39.41,4.54,31.88,1% for redemption within 1 year,94.23,5.77,0,0,0,,1.82,0,0,0,0,0,5.77,0,0,,0,0
Groww Nifty 200 E T F FoF (G),Groww Mutual Fund,7,28-02-2025,0.66,-4.23,-2.23,-6.39,-4.38,4.68,-4.99,,,,,,,,,5.15,0,Equity: Large & Mid Cap,10.8613,0,0,0,0,0,0,Aakash Ashokkumar Chauhan,0,0,0,500,100,0,0,99.98,0,0,1% for redemption within 30 days,99.98,0.02,0,0,0,,0.55,0,0,0,0,0,0.02,0,0,,0,0
Groww Nifty 50 Index Reg (G),Groww Mutual Fund,27,21-07-2025,-0.42,-3.52,-2.17,-6.09,-5.16,1.54,-8.15,,,,,,,,,-8.07,0,Equity: Index,9.0045,0,0,0,0,0,0,Aakash Ashokkumar Chauhan,0,0,0,500,100,98.62,1.34,0,3.1,20.1,0,99.96,0.04,0,0,0,,0.9,0,0,0,0,0,0.04,0,0,,0,0
Groww Nifty 500 Momentum 50 E T F FoF (G),Groww Mutual Fund,11,24-04-2025,-0.1,-3.04,-0.59,-4.81,-1.77,14.28,3.59,,,,,,,,,2.74,0,Equity: Flexi Cap,10.4115,0,0,0,0,0,0,Aakash Ashokkumar Chauhan,0,0,0,500,100,43.61,35.77,20.38,0,0,1% for redemption within 30 days,99.76,0.24,0,0,0,,0.5,0,0,0,0,0,0.24,0,0,,0,0
Groww Nifty Capital Markets E T F FoF (G),Groww Mutual Fund,21,04-12-2025,-0.29,-4.74,-3.13,-6.53,-6.86,18.93,,,,,,,,,,8.45,0,Equity: Thematic,10.8451,0,0,0,0,0,0,Aakash Ashokkumar Chauhan,0,0,0,0,0,0,0,100,0,0,0,100,0,0,0,0,,0.5,0,0,0,0,0,0,,,,,
Groww Nifty EV & New Age Automotive E T F FOF Reg (G),Groww Mutual Fund,183,12-08-2024,1.02,-2.9,-2.85,-8.42,-1.31,16.18,-0.75,-7.12,,,,,,,,-3.28,0,Equity: Thematic,9.2804,0,0,0,0,0,0,Aakash Ashokkumar Chauhan,0,0,0,500,100,43.96,32.41,23.63,0,0,1% for redemption within 30 days,100,0,0,0,0,,0.38,0,0,0,0,0,0,0,0,,0,0
Groww Nifty India Defence E T F FoF Reg (G),Groww Mutual Fund,157,11-10-2024,-0.59,-1.93,0.57,-4.94,-3.72,28.02,17.28,0,,,,,,,,16.35,0,Equity: Thematic,13.5229,0,0,0,0,0,0,Aakash Ashokkumar Chauhan,0,0,0,500,100,53.04,24.67,22.29,0,0,1% for redemption within 30 days,100,0,0,0,0,,0.4,0,0,0,0,0,0,0,0,,0,0
Groww Nifty India Internet E T F FoF Reg (G),Groww Mutual Fund,16,03-07-2025,-1.96,-10.24,-6.48,-7.75,7.72,24.8,-4.31,,,,,,,,,-0.76,0,Equity: Thematic,9.9014,0,0,0,0,0,0,Aakash Ashokkumar Chauhan,0,0,0,500,100,24.36,59.32,16.32,0,0,0,100,0,0,0,0,,0.55,0,0,0,0,0,0,0,0,,0,0
Groww Nifty India Railways PSU Index Fund Reg (G),Groww Mutual Fund,60,04-02-2025,1.19,-2.27,-0.88,-5.93,-8.9,-5.16,-24.34,,,,,,,,,-17.9,0,Equity: Index,7.1456,0,0,0,0,0,0,Aakash Ashokkumar Chauhan,0,0,0,500,100,36.91,52.19,10.9,1.75,13.81,1% for redemption within 30 days,100,0,0,0,0,,0.9,0,0,0,0,0,0,0,0,,0,0
Groww Nifty Midcap 150 Index Fund (G),Groww Mutual Fund,16,13-11-2025,0.07,-4.79,-2.38,-7.29,-4.17,12.13,,,,,,,,,,-2.69,0,Equity: Index,9.7313,0,0,0,0,0,0,Aakash Ashokkumar Chauhan,0,0,0,0,0,11.59,84,4.24,4.01,25.07,0,99.83,0.17,0,0,0,,0.9,0,0,0,0,0,0.17,,,,,
Groww Nifty Next 50 Index Fund (G),Groww Mutual Fund,11,25-08-2025,0.41,-3.65,-0.67,-5.39,-2.47,15.45,2.64,,,,,,,,,2.35,0,Equity: Index,10.2704,0,0,0,0,0,0,Aakash Ashokkumar Chauhan,0,0,0,500,100,86.62,13.05,0,3.34,20.08,0,99.67,0.33,0,0,0,,0.9,0,0,0,0,0,0.33,0,0,,0,0
Groww Nifty Next 50 Index Fund IDCW,Groww Mutual Fund,11,25-08-2025,0.41,-3.65,-0.67,-5.39,-2.47,15.45,2.64,,,,,,,,,2.34,0,Equity: Index,10.2703,0,0,0,0,0,0,Aakash Ashokkumar Chauhan,0,0,0,500,100,86.62,13.05,0,3.34,20.08,0,99.67,0.33,0,0,0,,0.9,0,0,0,0,0,0.33,,,,,
Groww Nifty Non-Cyclical Consumer Index Fund Reg (G),Groww Mutual Fund,41,22-05-2024,-0.81,-4.17,-1.42,-5.48,-4.32,7.63,-10.42,-10.73,,,,,,,,-1.36,0,Equity: Index,9.6824,0,0,0,0,0,0,Aakash Ashokkumar Chauhan,0,0,0,500,100,75.81,23.32,0.83,9.37,52.1,1% for redemption within 30 days,99.96,0.04,0,0,0,,0.9,0,0,0,0,0,0.04,0,0,,0,0
Groww Nifty Private Bank Index Fund (G),Groww Mutual Fund,6,27-05-2026,0.94,-2.44,-1.41,-4.77,-4.45,,,,,,,,,,,-0.77,0,Equity: Sectoral,9.9229,0,0,0,0,0,0,Aakash Ashokkumar Chauhan,0,0,0,0,0,80.32,16.9,2.58,2.04,16.92,0,99.8,0.2,0,0,0,,0.9,0,0,0,0,0,0.2,,,,,
Groww Nifty PSE E T F FOF (G),Groww Mutual Fund,12,11-02-2026,-1.2,-2.92,-2.2,-3.29,-5.69,-2.57,,,,,,,,,,-9.68,0,Equity: Thematic,9.0322,0,0,0,0,0,0,Aakash Ashokkumar Chauhan,0,0,0,0,0,82.86,17.08,0,0,0,0,99.94,0.06,0,0,0,,0.45,0,0,0,0,0,0.06,,,,,
Groww Nifty PSU Bank Index Fund (G),Groww Mutual Fund,4,24-03-2026,0.53,-4.21,-1.86,-7.05,-6.85,0.89,,,,,,,,,,-5.12,0,Equity: Sectoral,9.4883,0,0,0,0,0,0,Aakash Ashokkumar Chauhan,0,0,0,0,0,87,11.32,1.68,1.21,8.77,0,100,0,0,0,0,,0.85,0,0,0,0,0,0,,,,,
Groww Nifty Smallcap 250 Index Fund Reg (G),Groww Mutual Fund,139,29-02-2024,0.18,-3.32,-0.52,-3.14,0.49,24.47,6.31,-2.08,,,,,,,,6.11,0,Equity: Index,11.726,0,0,0,0,0,0,Aakash Ashokkumar Chauhan,0,0,0,500,100,0,7.27,92.73,3.52,32.66,0.25% for redemption within 7 days,100,0,0,0,0,,0.9,0,0,0,0,0,0,0,0,,0,0
Groww Nifty Smallcap 250 Momentum Quality 100 Index Fund (G),Groww Mutual Fund,9,17-06-2026,0.51,-2.55,0.15,-2.17,3.28,,,,,,,,,,,4.21,0,Equity: Index,10.4215,0,0,0,0,0,0,Aakash Ashokkumar Chauhan,0,0,0,0,0,0,6.27,93.73,4.17,26.61,0,100,0,0,0,0,,0.9,0,0,0,0,0,0,,,,,
Groww Nifty Total Market Index Fund Reg (G),Groww Mutual Fund,374,23-10-2023,-0.14,-3.69,-1.67,-5.71,-3.61,8.79,-2.37,-4.44,,,,,,,,9.83,0,Equity: Index,13.0942,0,0,0,0,0,0,Aakash Ashokkumar Chauhan,0,0,0,100,100,64.62,20.21,15.13,3.38,22.49,0.25% for redemption within 7 days,99.96,0.04,0,0,0,,0.9,0,0,0,0,0,0.04,0,0,,0,0
Groww Overnight Fund (G),Groww Mutual Fund,27,08-07-2019,0.01,0.09,0.2,0.38,1.21,2.47,5.04,5.48,5.86,5.49,4.87,,,,,4.86,2,Debt: Overnight,1412.852,0,0,5.77,0.21,0.37,0.81,Kaustubh Sule,0,0,5.18,0,500,0,0,0,0,0,0,0,100,0,0,0,,0.2,0,0,0,0,0,100,0,0,-2.01,100.62,100
Groww Short Term Fund Reg (G),Groww Mutual Fund,95,13-09-2013,0.06,-0.07,0.12,0.24,0.82,3.01,4.66,6.08,6.47,5.09,4.87,5.4,,,,6.25,3,Debt: Short Duration,2213.3997,0,0,6.33,1.27,0.5,1.02,Kaustubh Sule,1.17,1.1,6.48,0,100,0,0,0,0,0,0,0,99.61,0,0,0.39,,0.9,0.53,0,0,66.32,0,32.76,0.52,27.45,0.31,98.61,100
Groww Silver E T F FOF (G),Groww Mutual Fund,90,23-05-2025,0.23,-4.75,-2.32,-6.02,-1.77,-2.8,50.15,,,,,,,,,70.13,0,Commodity: Silver,21.1955,0,0,0,0,0,0,Ameya Sakpal,0,0,0,500,100,0,0,0,0,0,1% for redemption within 30 days,0,0.98,0,0,99.02,,0.45,0,0,0,0,0,100,0,0,,0,0
Groww Small Cap Fund (G),Groww Mutual Fund,764,29-01-2026,-0.01,-2.04,2.03,-0.63,9.69,39.02,,,,,,,,,,27.97,0,Equity: Small Cap,12.7972,0,0,0,0,0,0,Nikhil Satam,0,0,0,0,0,0,12.56,76.91,3.73,27.54,1% for redemption within 1 year,89.47,10.53,0,0,0,,2.02,0,0,0,0,0,10.53,,,,,
Groww Value Fund Reg (G),Groww Mutual Fund,74,08-09-2015,-0.53,-2.97,-0.54,-3.88,-1.96,11.78,-1.29,-1.48,10.24,9.25,13.01,8.99,,,,9.21,2,Equity: Value,26.5121,1.32,0.95,13.66,14.84,0.54,0.78,Nikhil Satam,0,0,0,10,100,48.07,7.13,37.62,2.81,17.6,1% for redemption within 365 days,92.82,7.18,0,0,0,,2.09,0,0,0,0,0,7.18,11.8,42.68,0.19,91.54,92.4
HDFC Aggressive Hybrid Fund (G),HDFC Mutual Fund,22521,11-09-2000,-0.18,-2.69,-1.45,-4.27,-2.83,3.71,-6.28,-3.28,4.95,6.95,10.79,9.94,12.38,12.46,,13.84,2,Hybrid: Aggressive,109.825,0,0,7.34,10.61,0.16,0.17,Anupam Joshi,9.91,5.44,7.61,100,100,49.08,4.94,18.6,2.95,21.07,"For units in excess of 15% of the investment, 1% will be charged for redemption within 365 days",72.62,27.11,0,0,0.27,,1.4,6.34,0,4.62,13.49,0.67,2.26,8.32,42.61,-0.35,64.27,90.26
HDFC Arbitrage Fund (G),HDFC Mutual Fund,25001,23-10-2007,0.22,0.03,0.27,0.39,1.46,2.86,6.08,6.32,6.71,6.11,5.49,5.57,6.36,,,6.49,4,Hybrid: Arbitrage,32.912,0,0,6.61,0.52,1.77,2.18,Anil Bamboli,0.46,0.46,6.79,100,100,0,0,0,2.51,17.09,0,0,100,0,0,0,,0.84,0,0,0,6.46,17.04,1.03,0.59,29.17,-1.4,97.59,100
HDFC Arbitrage Fund Ret (G) (Susp),HDFC Mutual Fund,,,0,0,0.02,0.2,1.11,2.79,5.71,6.32,6.86,5.8,5.33,5.46,6.23,,,6.32,,Hybrid: Arbitrage,31.235,,,,,,,,,,,1000,300,,,,,,,0,100,0,0,0,,,,,,,,,0.49,28.79,,98.17,100
HDFC Balanced Advantage Fund (G),HDFC Mutual Fund,107296,01-02-1994,0.03,-2.32,-0.92,-3.9,-2.71,4.52,-1.99,-0.92,9.55,12.61,14.71,12.59,13.53,13.75,19.27,17.47,5,Hybrid: Balanced Advantage,505.327,0,0,12.26,10.57,0.62,0.85,Anil Bamboli,7.77,4.81,7.34,100,100,54.67,10.39,9.5,2.63,18.02,"For units in excess of 15% of the investment, 1% will be charged for redemption within 365 days",74.56,25.14,0,0,0.3,,1.09,7.08,0,1.32,15.39,0,1.65,8.79,41.79,0.93,108.05,96.43
HDFC Banking and Financial Services Fund Reg (G),HDFC Mutual Fund,4688,01-07-2021,0.5,-3.83,-1.91,-6.07,-5.39,10.28,2.36,2.19,9.94,9.79,,,,,,10.62,3,Equity: Sectoral,16.99,1.75,1.01,13.41,16.16,0.48,0.65,Anand Laddha,0,0,0,0,0,68.59,12.09,18.96,2.31,17.88,1% for redemption within 30 days,99.64,0.36,0,0,0,,1.61,0,0,0,0,0,0.36,13.61,45.39,0.27,108.01,100.04
HDFC Banking and PSU Debt Fund Reg (G),HDFC Mutual Fund,5186,26-03-2014,0.07,-0.2,0,-0.01,0.1,2.8,4.38,5.95,6.58,5.78,6.4,6.68,,,,7.35,3,Debt: Banking and PSU,24.3381,0,0,6.57,1.71,0.51,0.83,Anil Bamboli,4.03,3.2,7.4,100,100,0,0,0,0,0,0,0,99.65,0,0,0.35,,0.61,8.5,0,1.67,84.49,0,4.99,0.74,27.27,-0.77,97.78,100
HDFC BSE 500 Index Fund Reg (G),HDFC Mutual Fund,327,21-04-2023,-0.16,-3.65,-1.75,-5.62,-3.77,7.63,-3.13,-4.76,8.03,,,,,,,11.74,0,Equity: Index,14.659,-1.09,1,11.49,15.14,0.38,0.49,Nandita Menezes,0,0,0,100,100,67.57,21.14,11.1,3.36,22.32,0,99.81,0.19,0,0,0,,0.65,0,0,0,0,0,0.19,12.5,43.63,-5.53,104.57,100.05
HDFC BSE India Sector Leaders Index Fund (G),HDFC Mutual Fund,174,26-11-2025,-0.01,-3.23,-1.5,-5.73,-4.22,5.19,,,,,,,,,,-10.64,0,Equity: Index,8.9302,0,0,0,0,0,0,Nandita Menezes,0,0,0,0,0,82.62,10.3,6.82,3.3,22.5,0,99.74,0.26,0,0,0,,0.63,0,0,0,0,0,0.26,,,,,
HDFC BSE REITS and Commercial Real Estate Index Fund (G),HDFC Mutual Fund,,,0.8,-1.28,-1.29,,,,,,,,,,,,,-1.29,,Equity: Index,9.8712,,,,,,,,,,,0,0,,,,,,,100,0,0,0,0,,,,,,,,,,,,,
HDFC BSE Sensex Index Fund,HDFC Mutual Fund,8496,17-07-2002,-0.07,-3.15,-2.08,-5.83,-5.05,1.35,-9.13,-6.61,4.03,4.98,10.13,10.81,11.23,9.2,,13.4,2,Equity: Index,676.2089,-3.45,0.93,7.38,13.52,0.12,0.16,Arun Agarwal,0,0,0,100,100,99.94,0,0,3.24,22.08,0.25% for redemption within 3 days,99.94,0.06,0,0,0,,0.31,0,0,0,0,0,0.06,11.29,47.76,,97.55,100.76
HDFC BSE Sensex Index Fund,HDFC Mutual Fund,8496,17-07-2002,-0.07,-3.15,-2.08,-5.83,-5.05,1.35,-9.13,-6.61,4.03,4.98,10.13,10.81,11.23,9.2,,13.36,2,Equity: Index,676.2089,-3.45,0.93,7.38,13.52,0.12,0.16,Arun Agarwal,0,0,0,100,100,99.94,0,0,3.24,22.08,0.25% for redemption within 3 days,99.94,0.06,0,0,0,,0.31,0,0,0,0,0,0.06,11.29,47.76,-1.6,97.55,100.76
HDFC Business Cycle Fund Reg (G),HDFC Mutual Fund,2775,30-11-2022,-0.33,-4.26,-1.43,-4.28,-0.15,18.01,1.51,-1.55,9.4,,,,,,,10.85,0,Equity: Thematic,14.846,-0.84,0.95,12.31,15.13,0.44,0.58,Rahul Baijal,0,0,0,100,100,39.31,23.97,31.25,4.07,33.64,1% for redemption within 365 days,94.53,5.47,0,0,0,,1.69,1.04,0,0,0,0,4.43,12.03,44.58,-0.15,87.78,92.06
HDFC Childrens Fund Regular Plan,HDFC Mutual Fund,10658,02-03-2001,-0.05,-2.52,-0.74,-3.17,-1.93,6.54,-1.84,-2.43,7.25,8.97,12.89,11.67,13.45,13.16,15.71,15.12,3,Solution: Children Equity,282.921,0,0,8.85,10.72,0.29,0.39,Anil Bamboli,7.56,4.95,6.98,1000,500,37.3,6.83,26.08,3.2,21.51,0,70.21,29.79,0,0,0,,1.49,15.16,0,1.36,10.29,0,2.98,8.35,43.83,0.06,60.53,87.34
HDFC Childrens Fund(Lock-in),HDFC Mutual Fund,,,-0.05,-2.52,-0.74,-3.17,-1.93,6.54,-1.84,-2.43,7.25,8.97,12.89,11.67,13.45,13.16,,13.95,,Solution: Children Equity,282.921,,,,,,,,,,,100,100,,,,,,,65.72,34.28,0,0,0,,,,,,,,,8.35,43.83,,60.53,87.34
HDFC Conservative Hybrid Fund (G),HDFC Mutual Fund,3201,26-12-2003,0.07,-0.9,-0.37,-1.36,-1.68,2.15,0.83,1.75,6.37,6.92,8.66,7.61,8.84,9.2,,9.71,3,Hybrid: Conservative,82.6108,0,0,7.17,4.63,0.32,0.44,Anupam Joshi,12.13,6.06,7.54,100,100,16.71,2.38,0.83,2.21,15.4,"For units in excess of 15% of the investment, 1% will be charged for redemption within 365 days",19.92,79.65,0,0,0.43,,1.43,32.41,0,10.95,33.89,0,2.51,3.1,40.83,0.22,111.26,96.27
HDFC Consumption Fund Reg (G),HDFC Mutual Fund,1022,12-07-2023,-0.71,-3.69,-1.21,-5.82,-1.37,10.03,-8.61,-8.12,7.82,,,,,,,8.81,4,Equity: Thematic,13.127,0.42,0.95,11.8,16.25,0.38,0.51,Amit Sinha,0,0,0,100,100,70.7,13.16,15.65,7.09,39.58,1% for redemption within 30 days,99.51,0.49,0,0,0,,1.92,0,0,0,0,0,0.49,11.47,43.09,-0.39,61.68,81.6
HDFC Corporate Bond Fund (G),HDFC Mutual Fund,30286,29-06-2010,0.06,-0.31,-0.08,-0.18,-0.19,2.85,3.98,5.75,6.63,5.89,6.63,6.97,7.86,,,7.86,2,Debt: Corporate Bond,34.2847,0,0,6.7,1.93,0.52,0.74,Anupam Joshi,7.2,4.33,7.43,100,100,0,0,0,0,0,0,0,99.65,0,0,0.35,,0.53,15.8,0,0,79.63,0,4.22,0.89,25.79,0.07,173.82,76.76
HDFC Credit Risk Fund Reg (G),HDFC Mutual Fund,7666,25-03-2014,0.04,-0.14,0.12,0.18,1.18,3.93,6.55,7.15,7.54,6.45,7.35,7.17,,,,7.74,3,Debt: Credit Risk,26.0711,0,0,7.36,1.23,1.35,2.45,Bhavyesh Divecha,3.62,2.54,8.48,100,100,0,0.97,0,0,0,"For units in excess of 15% of the investment, 1% will be charged for redemption within 365 days. For units in excess of 15% of the investment, 0.5% will be charged for redemption after 366 days and within 540 days",0.97,91.99,0,0,7.04,,1.29,8.09,27.71,36.06,15.64,0,11.2,0.58,24.79,0.38,181.95,72.77
HDFC CRISIL-IBX Financial Services 3-6 Months Debt Index Fund (G),HDFC Mutual Fund,2264,06-05-2025,0.04,0.07,0.24,0.47,1.62,3.79,6.89,,,,,,,,,6.91,0,Debt: Ultra Short Duration,10.9833,0,0,0,0,0,0,Anupam Joshi,0.31,0.31,6.92,100,100,0,0,0,0,0,0,0,100,0,0,0,,0.2,0,0,0,96.9,0,3.1,0,0,,0,0
HDFC CRISIL-IBX Financial Services 9-12 Months Debt Index Fund (G),HDFC Mutual Fund,958,24-03-2026,0.04,0.01,0.19,0.44,1.56,3.56,,,,,,,,,,3.79,0,Debt: Low Duration,10.3793,0,0,0,0,0,0,Anupam Joshi,0.6,0.6,7.22,0,0,0,0,0,0,0,0,0,100,0,0,0,,0.25,0,0,0,95.46,0,4.54,,,,,
HDFC Defence Fund Reg (G),HDFC Mutual Fund,11478,02-06-2023,1.21,-1.76,2.1,-2.88,0.49,36.04,25.1,17.22,35.36,,,,,,,38.53,0,Equity: Thematic,29.615,20.75,1.61,36.27,31.07,0.98,1.65,Priya Ranjan,0,0,0,100,100,43.82,25.03,29.26,10.2,62.47,1% for redemption within 1 year,98.11,1.89,0,0,0,,1.48,0,0,0,0,0,1.89,23.08,42.14,-0.82,149.9,99.08
HDFC Developed World Overseas Equity Passive FOF Reg (G),HDFC Mutual Fund,1733,06-10-2021,0,-0.46,0.52,-0.5,3.54,19.17,24.2,23.86,26.2,0,,,,,,16.61,0,Equity: Global,21.505,0,0,23.4,12.35,1.43,2.18,Arun Agarwal,0,0,0,0,0,0,0,0,0,0,1% for redemption within 30 days,0,0.15,0,99.85,0,,0.52,0,0,0,0,0,100,10.1,40.71,0.63,-0.28,43.43
HDFC Diversified Equity All Cap Active FoF Reg (G),HDFC Mutual Fund,2701,29-09-2025,-0.15,-3.61,-1.83,-5.68,-2.83,7.79,-3.58,,,,,,,,,-3.56,0,Equity: Flexi Cap,9.6531,0,0,0,0,0,0,Dhruv Muchhal,0,0,0,0,0,49.7,21.77,26.18,0,0,1% for redemption within 1 year,97.65,2.35,0,0,0,,1.09,0,0,0,0,0,2.35,,,,,
HDFC Dividend Yield Fund Reg (G),HDFC Mutual Fund,5587,18-12-2020,0.01,-3,-1.46,-4.77,-2.39,8.85,-2.51,-5.35,8.63,11.18,,,,,,16.24,0,Equity: Dividend Yield,23.891,0.01,1.01,12.45,15.62,0.43,0.6,Gopal Agrawal,0,0,0,100,100,63.2,13.26,22.95,2.67,20.33,1% for redemption within 365 days,99.41,0.34,0,0,0.25,,1.58,0,0,0,0,0,0.59,12.71,43.77,-0.23,100.93,97.64
HDFC Dynamic Term Fund (G),HDFC Mutual Fund,495,28-04-1997,-0.01,-0.46,-0.05,-0.53,-0.39,3.59,3.68,4.02,5.87,4.87,6.09,5.23,6.9,6.91,6.95,7.87,3,Debt: Dynamic Bond,92.7271,0,0,6.05,3.11,0.11,0.14,Anil Bamboli,19.49,7.74,7.32,100,100,0,0,0,0,0,0,0,89.68,0,0,10.32,,1.18,65.52,0,0,18.36,0,15.62,1.89,39.72,-0.39,134.83,90.38
HDFC Dynamic Term Fund (G) 54EA,HDFC Mutual Fund,,,-0.01,-0.46,-0.05,-0.53,-0.39,3.59,3.68,4.02,5.87,4.87,6.09,5.23,6.9,0,0,6.97,,Debt: Dynamic Bond,92.7271,,,,,,,,,,,500,0,,,,,,,0,94.87,0,0,5.13,,,,,,,,,1.89,39.72,,134.83,90.38
HDFC Dynamic Term Fund (G) 54EB,HDFC Mutual Fund,,,-0.01,-0.46,-0.05,-0.53,-0.39,3.59,3.68,4.02,5.87,4.87,6.09,5.23,6.9,0,0,6.97,,Debt: Dynamic Bond,92.7271,,,,,,,,,,,100,100,,,,,,,0,94.87,0,0,5.13,,,,,,,,,1.89,39.72,,134.83,90.38
HDFC ELSS Tax Saver Fund Reg (G),HDFC Mutual Fund,15992,31-03-1996,-0.14,-3.53,-1.82,-6.33,-3.49,3.97,-7.57,-3.9,10.93,12.42,14.71,12.13,12.98,12.13,19.72,20.41,5,Equity: ELSS,1302.688,2.89,0.86,14.29,13.51,0.64,0.78,Amar Kalkundrikar,0,0,0,500,500,77.33,10.77,10.59,3.26,22.92,0,98.69,1.31,0,0,0,,1.44,0.32,0,0,0,0,0.99,10.52,44.1,0.3,87.02,89.53
HDFC Equity Savings Fund (G),HDFC Mutual Fund,5758,17-09-2004,-0.01,-1.3,-0.64,-2,-0.59,2.75,0.88,1.63,6.86,6.96,8.86,8.3,8.9,9,,9,3,Hybrid: Equity Savings,66.714,0,0,7.85,5.21,0.41,0.5,Anil Bamboli,3.75,3.1,7.28,100,100,33.32,2.18,2.74,2.99,21.64,"For units in excess of 15% of the investment, 1% will be charged for redemption within 1 month",38.24,60.73,0,0,1.03,,1.58,15.72,0,7.86,25.09,0,11.46,3.97,40.57,0.15,-91.48,79.49
HDFC Flexi Cap Fund Reg (G),HDFC Mutual Fund,113606,01-01-1995,-0.17,-3.63,-1.78,-5.89,-1.63,8.31,-1.71,0.47,13.79,14.92,17.33,14.72,14.88,14.38,21.57,18.32,5,Equity: Flexi Cap,1968.685,4.8,0.82,16.51,12.88,0.84,0.98,Amit Ganatra,0,0,0,100,100,69.96,15.45,11.58,3.53,24.81,1% for redemption within 365 days,97,3,0,0,0,,1.08,0.45,0,0,0,0,2.58,10.11,42.33,0.77,82.7,85.45
HDFC Floating Interest Rates Fund Reg (G),HDFC Mutual Fund,16133,23-10-2007,0.06,-0.12,0.1,0.23,0.74,3.01,5.59,6.86,7.22,6.58,6.79,7.01,7.76,,,7.69,4,Debt: Floater,53.6628,0,0,7.15,1.01,1.44,2.33,Anil Bamboli,2.88,2,7.48,100,100,0,0,0,0,0,0,0,99.69,0,0,0.31,,0.43,10.82,0,14.47,71.97,0,2.43,0.38,15.86,0.24,190.93,70.43
HDFC Focused Fund (G),HDFC Mutual Fund,28201,17-09-2004,-0.21,-3.12,-1.15,-5.86,-2.6,7.12,-3.42,-0.41,13.19,15.83,16.6,13.23,12.97,11.87,,15.15,5,Equity: Focused,223.406,4.03,0.79,15.82,12.7,0.8,0.88,Amit Ganatra,0,0,0,100,100,74.38,13.63,9.47,3.48,24.92,1% for redemption within 365 days,97.48,2.52,0,0,0,,1.36,0.18,0,0,0,0,2.34,9.87,42.33,0.54,75.38,82.96
HDFC Gilt Fund (G),HDFC Mutual Fund,2017,25-07-2001,0.01,-0.53,0.03,-0.6,-1.27,3.25,2.58,3.81,5.78,4.9,5.48,5.44,7.11,6.72,7.09,7.14,4,Debt: Gilt Fund,56.8143,0,0,6,3.57,0.09,0.11,Anil Bamboli,22.15,9.32,7.36,100,100,0,0,0,0,0,0,0,100,0,0,0,,0.73,84.28,0,0,0,0,15.72,2.15,41.38,-0.4,122.11,94.48
HDFC Gold E T F FoF (G),HDFC Mutual Fund,12359,01-11-2011,0.79,-2.48,-1.69,-4.64,4.88,0.55,26.08,37.8,34.67,24.66,20.1,15.21,,,,10.33,3,Commodity: Gold,43.6658,1.34,0.91,32.54,18.63,1.44,2.28,Arun Agarwal,0,0,0,100,100,0,0,0,0,0,1% for redemption within 15 days,0,0,100,0,0,,0.4,0,0,0,0,0,0,19,44.72,-0.42,62.19,76.57
HDFC Gold Silver Passive FoF (G),HDFC Mutual Fund,,,0.61,-3.25,-1.9,-3.21,,,,,,,,,,,,-3.21,,Commodity: Gold & Silver,9.679,,,,,,,,,,,0,0,,,,,,,0,0,100,0,0,,,,,,,,,,,,,
HDFC Housing Opp Fund Reg (G),HDFC Mutual Fund,1167,06-12-2017,0.49,-2.62,-0.57,-5.05,-5.41,5.77,-7.09,-8.46,7.32,9.5,12.5,,,,,8.42,0,Equity: Sectoral,20.493,0.82,1.11,11.37,17.91,0.32,0.42,,0,0,0,100,100,64.51,8.58,24.07,2.19,16.83,1% for redemption within 30 days,97.16,2.84,0,0,0,,1.88,0,0,0,0,0,2.84,15.31,44.17,-0.28,108.58,102.54
HDFC Income Plus Arbitrage Active FOF (G),HDFC Mutual Fund,2597,06-02-2012,0.11,-0.11,0.1,0.15,0.73,2.96,5.15,1.63,8.07,9.51,12.15,10.46,,,,10.13,0,Hybrid: Fof Domestic Income Plus Arbitrage,41.3722,0,0,8.29,5.26,0.49,0.69,Anil Bamboli,0,0,0,100,100,0,0,0,0,0,0,0,100,0,0,0,,0.29,0,0,0,0,98.92,1.08,4.53,33.56,0.43,110.82,94.18
HDFC Income Plus Arbitrage Omni FoF (G),HDFC Mutual Fund,28,12-03-2026,0.11,-0.07,0.2,0.3,1.41,3.91,,,,,,,,,,3.92,0,Hybrid: Fof Domestic Income Plus Arbitrage,10.3921,0,0,0,0,0,0,Bhavyesh Divecha,0,0,0,0,0,0,0,0,0,0,1% for redemption within 18 months,0,100,0,0,0,,0.4,0,0,0,0,99.68,0.32,,,,,
HDFC Infrastructure Fund (G),HDFC Mutual Fund,2325,10-03-2008,0.33,-2.75,-0.05,-2.38,-5.37,8.43,-3.84,-4.64,12.29,17.37,17.21,10.72,10.68,,,8.5,3,Equity: Sectoral,45.442,1.86,0.62,14.88,17.74,0.52,0.8,Ashish Shah,0,0,0,100,100,49.74,10.03,39.49,2.57,19.31,1% for redemption within 30 days,99.26,0.74,0,0,0,,1.73,0,0,0,0,0,0.74,15.02,43.28,0.29,103.71,96.72
HDFC Innovation Fund (G),HDFC Mutual Fund,3189,17-07-2025,-0.25,-4.43,-1.13,-4.07,6.51,25.24,14.58,,,,,,,,,11.63,0,Equity: Thematic,11.487,0,0,0,0,0,0,Amit Sinha,0,0,0,100,100,47.45,24.62,25.99,6.44,50.9,1% for redemption within 1 month,98.06,1.94,0,0,0,,1.66,0,0,0,0,0,1.94,0,0,,0,0
HDFC Large & Mid Cap Fund Reg (G),HDFC Mutual Fund,30294,18-02-1994,-0.11,-3.97,-1.81,-6.17,-3.1,10.49,-1.55,-3.2,10.66,12.37,17.09,13.75,12.92,10.44,15.81,12.2,4,Equity: Large & Mid Cap,330.814,3.07,1.07,14.24,16.09,0.53,0.68,Gopal Agrawal,0,0,0,100,100,43.6,39.76,16.19,2.96,22.94,1% for redemption within 365 days,99.55,0.45,0,0,0,,1.35,0,0,0,0,0,0.45,13.31,43.09,-0.22,104.89,97.81
HDFC Large Cap Fund (G),HDFC Mutual Fund,39933,04-09-1996,-0.35,-3.8,-2.41,-6.61,-4.22,4.63,-5.02,-5.69,7.01,9.03,12.16,11.28,12.28,12.51,19.73,17.45,4,Equity: Large Cap,1066.665,0.2,0.95,11.17,13.79,0.4,0.47,Rahul Baijal,0,0,0,100,100,83.08,14.83,0.67,3.39,23.32,1% for redemption within 365 days,98.58,1.42,0,0,0,,1.29,0.48,0,0,0,0,0.94,11.71,45.18,-0.03,97.01,96.87
HDFC Liquid Fund (G),HDFC Mutual Fund,65870,17-10-2000,0.02,0.08,0.21,0.47,1.51,3.36,6.36,6.57,6.82,6.25,5.57,5.96,6.93,6.98,6.72,6.8,4,Debt: Liquid,5526.8863,0,0,6.65,0.21,4.56,9.62,Rohan Pillai,0.14,0.13,6.47,100,100,0,0,0,0,0,Exit load of 0.0070% if redeemed within 1 day. 0.0065% if redeemed within 2 days. 0.0060% if redeemed within 3 days. 0.0055% if redeemed within 4 days. 0.0050% if redeemed within 5 days. 0.0045% if redeemed within 6 days.,0,99.72,0,0,0.28,,0.25,16.6,0,0,81.88,0,1.24,0,0,3.41,0,0
HDFC Long Term Fund Reg (G),HDFC Mutual Fund,2695,20-01-2023,0.07,-0.71,0.37,-0.47,-2.27,4.13,1.44,1.98,5.58,,,,,,,5.79,2,Debt: Long Duration,12.3154,0,0,5.65,5.5,-0.01,-0.01,Anupam Joshi,28.57,11.81,7.59,100,100,0,0,0,0,0,0,0,99.4,0,0,0.6,,0.53,97.43,0,0,0,0,1.97,3.48,43.8,-0.29,83.35,107.46
HDFC Manufacturing Fund Reg (G),HDFC Mutual Fund,10752,16-05-2024,-0.51,-2.9,0.19,-3.9,2.19,17.3,6.36,0.89,,,,,,,,5.97,0,Equity: Thematic,11.604,0,0,0,0,0,0,Rakesh Sethia,0,0,0,100,100,51.84,16.9,29.94,3.98,21.9,1% for redemption within 1 month,98.68,1.32,0,0,0,,1.49,0,0,0,0,0,1.32,0,0,,0,0
HDFC Medium Term Fund (G),HDFC Mutual Fund,3599,06-02-2002,0.05,-0.13,0.07,0.1,0.72,3.61,5.71,6.53,7.11,6,6.66,6.68,7.58,7.89,,7.56,1,Debt: Medium Duration,60.3364,0,0,6.99,1.59,0.81,1.34,Anil Bamboli,4.47,3.16,8.2,100,100,0,0.98,0,0,0,0,0.98,95.2,0,0,3.82,,1.11,12.03,21.71,29.72,27.58,0,7.63,0.78,28.55,-0.42,170.35,77.2
HDFC Medium to Long Term Fund (G),HDFC Mutual Fund,830,11-09-2000,0.03,-0.5,-0.11,-0.42,-0.7,3.38,3.27,4.34,6.13,4.75,5.25,4.97,6.5,6.68,6.78,7.08,3,Debt: Medium to Long Duration,60.2273,0,0,6.15,3.04,0.15,0.22,Anupam Joshi,13.94,6.69,7.18,100,100,0,0.55,0,0,0,0,0.55,99.12,0,0,0.33,,1.17,46.87,0,0,40.62,0,11.63,1.82,40.41,-0.98,131.07,91.32
HDFC Mid cap Fund (G),HDFC Mutual Fund,108325,25-06-2007,-0.35,-4.55,-2.68,-7.17,-2.86,10.3,3.54,1.1,14.6,16.91,21.22,15.91,18.72,,,16.8,5,Equity: Mid Cap,198.849,2.49,0.84,18.16,15.33,0.81,0.97,Chirag Setalvad,0,0,0,100,100,10.47,65.41,17.05,3.51,29.31,1% for redemption within 365 days,92.93,7.07,0,0,0,,1.08,0,0,0,0,0,7.07,13.34,40.98,0.04,91.5,87.96
HDFC MNC Fund Reg (G),HDFC Mutual Fund,566,09-03-2023,-0.33,-3.06,-1.05,-5.25,-0.03,14.7,0.83,-5.94,5.68,,,,,,,8.86,0,Equity: Thematic,13.549,-4.89,0.99,8.46,16.19,0.17,0.2,Nikhil Mathur,0,0,0,100,100,52.38,28.52,18.16,7.93,39.3,1% for redemption within 1 year,99.06,0.94,0,0,0,,2.08,0,0,0,0,0,0.94,11.5,45.26,-1.46,62.02,85.29
HDFC Money Market Fund (G),HDFC Mutual Fund,31371,18-11-1999,0.04,0.07,0.23,0.5,1.58,3.52,6.34,7.01,7.19,6.55,6.24,6.57,7.33,7.32,7.03,7.01,4,Debt: Money Market,6184.555,0,0,6.99,0.55,2.35,3.54,Praveen Jain,0.52,0.51,6.98,100,100,0,0,0,0,0,0,0,99.72,0,0,0.28,,0.35,12.09,0,0,87.05,0,0.58,0.13,5.79,1.96,96.21,100
HDFC Multi Asset Active FoF Reg (G),HDFC Mutual Fund,6200,05-05-2021,0.02,-2.55,-1.42,-4.11,-1.01,5.05,2.47,4.62,11.33,11.09,,,,,,12.59,0,Hybrid: Multi Asset,18.991,0,0,12.85,7.53,0.95,1,Anil Bamboli,0,0,0,100,100,31.22,12.85,14.51,0,0,"For units in excess of 15% of the investment, 1% will be charged for redemption within 365 days",58.58,29.38,12.04,0,0,,0.95,0,0,0,0,27.42,1.96,6.3,39.65,1.46,21.08,62.16
HDFC Multi Asset Allocation Fund (G),HDFC Mutual Fund,6031,17-08-2005,0.06,-2.33,-1.17,-4.05,-1.16,2.56,0.15,2.74,10.03,9.23,12.39,10.09,10.17,10,,9.85,2,Hybrid: Multi Asset,72.772,0,0,11.57,7.56,0.78,0.85,Bhagyesh Kagalkar,2.84,2.49,7.03,100,100,47.58,4.89,7.79,3.02,21.61,"For units in excess of 15% of the investment, 1% will be charged for redemption within 365 days",60.26,25.66,11.77,0,2.31,,1.57,4.77,0,4.06,8.81,0,8.08,6.41,42.47,-0.19,21.76,63.56
HDFC Multi Cap Fund Reg (G),HDFC Mutual Fund,20649,10-12-2021,0.04,-3.87,-1.54,-5.59,-3.54,8.5,-3.81,-5.21,9.43,,,,,,,12.87,2,Equity: Multi Cap,17.939,-0.36,0.96,12.55,16.06,0.43,0.57,Amar Kalkundrikar,0,0,0,100,100,42.7,27.87,28.02,3.53,26.13,1% for redemption within 365 days,98.59,1.41,0,0,0,,1.41,0.27,0,0,0,0,0.9,13.23,41.87,-0.84,101.32,97.81
HDFC Nifty 100 Equal Weight Index Fund (G),HDFC Mutual Fund,534,23-02-2022,-0.17,-3.82,-1.48,-6.15,-3.61,10.38,0.05,-3.64,12.21,,,,,,,11.29,4,Equity: Index,16.3427,4.7,1.13,15.97,16.81,0.61,0.79,Arun Agarwal,0,0,0,100,100,89.02,10.94,0,3.17,20.09,0,99.96,0.04,0,0,0,,0.75,0,0,0,0,0,0.04,13.56,41.73,-8.88,113.33,99.88
HDFC NIFTY 100 Index Fund (G),HDFC Mutual Fund,474,23-02-2022,-0.27,-3.58,-1.93,-5.98,-4.62,4.12,-5.92,-5.73,6.92,,,,,,,7.38,3,Equity: Index,13.8656,-0.75,1,10.42,14.37,0.33,0.42,Arun Agarwal,0,0,0,100,100,96.4,3.55,0,3.17,20.09,0,99.95,0.05,0,0,0,,0.64,0,0,0,0,0,0.05,11.84,45.26,-10.2,103.44,100.5
HDFC NIFTY 50 Equal weight Index Fund (G),HDFC Mutual Fund,1809,20-08-2021,-0.76,-3.85,-2.11,-6.32,-4.43,4.78,-2.02,-3.64,9.55,9.58,,,,,,11.03,4,Equity: Index,17.0912,3.31,0.98,13.61,14.51,0.55,0.67,Arun Agarwal,0,0,0,0,0,96.33,3.62,0,3.1,20.1,0,99.95,0.05,0,0,0,,0.74,0,0,0,0,0,0.05,11.61,45.53,1.11,104.47,97.92
HDFC Nifty 50 Index Fund (G),HDFC Mutual Fund,23784,17-07-2002,-0.42,-3.54,-2.17,-6.07,-5.02,1.89,-7.48,-5.67,5.6,5.91,10.9,10.92,11.38,9.5,,13.34,3,Equity: Index,216.1611,-1.7,0.95,9.13,13.59,0.25,0.33,Arun Agarwal,0,0,0,100,100,98.64,1.34,0,3.1,20.1,0.25% for redemption within 3 days,99.98,0.02,0,0,0,,0.35,0,0,0,0,0,0.02,11.27,47.63,-11.32,99.84,100.04
HDFC Nifty Auto Index Fund (G),HDFC Mutual Fund,163,07-07-2026,0.46,-3.21,-1.77,-8.91,0,,,,,,,,,,,-3.68,0,Equity: Index,9.6246,0,0,0,0,0,0,Nandita Menezes,0,0,0,0,0,74.13,24.05,1.55,4.9,16.74,0,99.73,0.27,0,0,0,,0.8,0,0,0,0,0,0.27,,,,,
HDFC Nifty G-Sec Apr 2029 Index Fund Reg (G),HDFC Mutual Fund,153,10-03-2023,0.08,-0.14,-0.04,-0.2,0.27,2.67,4.37,6.36,7.31,,,,,,,7.51,0,Debt: Short Duration,12.9404,0,0,7.25,1.87,0.83,1.19,Anupam Joshi,2.67,2.43,6.35,100,100,0,0,0,0,0,0,0,100,0,0,0,,0.31,96.2,0,0,0,0,3.8,1.05,32.37,0.71,95.21,100
HDFC Nifty G-sec Dec 2026 Index Reg (G),HDFC Mutual Fund,932,10-11-2022,0.01,0.08,0.16,0.39,1.28,2.77,5.4,6.41,7.01,,,,,,,6.99,0,Debt: Short Duration,13.0077,0,0,6.78,0.7,1.54,3.69,Anupam Joshi,0.26,0.26,5.39,100,500,0,0,0,0,0,0,0,100,0,0,0,,0.3,97.28,0,0,0,0,2.72,0.31,19.28,1.26,96.97,100
HDFC Nifty G-Sec July 2031 Index Reg (G),HDFC Mutual Fund,638,10-11-2022,0.21,-0.18,-0.04,-0.72,-0.11,3.52,4.13,6,7.28,,,,,,,7.42,0,Debt: Long Duration,13.2127,0,0,7.45,2.77,0.63,0.8,Anupam Joshi,4.85,4.23,6.52,100,500,0,0,0,0,0,0,0,100,0,0,0,,0.28,98.21,0,0,0,0,1.79,1.65,36.64,0.77,141.15,85.46
HDFC Nifty G-Sec Jun 2027 Index Reg (G),HDFC Mutual Fund,568,09-12-2022,0.01,0.02,0.13,0.22,1.01,2.55,5.18,6.52,7.14,,,,,,,7.05,0,Debt: Short Duration,12.967,0,0,6.98,0.94,1.36,2.8,Anupam Joshi,0.87,0.85,5.83,100,100,0,0,0,0,0,0,0,100,0,0,0,,0.3,98.2,0,0,0,0,1.8,0.52,25.62,1.14,96.25,100
HDFC Nifty G-Sec Jun 2036 Index Fund Reg (G),HDFC Mutual Fund,859,15-03-2023,-0.09,-0.84,-0.38,-1.05,-1.08,2.86,3.5,5.07,7.09,,,,,,,7.45,0,Debt: Short Duration,12.9189,0,0,7.25,3.35,0.46,0.6,Anupam Joshi,9.73,7.05,6.98,100,100,0,0,0,0,0,0,0,100,0,0,0,,0.3,98.01,0,0,0,0,1.99,2.53,40.36,0.39,95.5,100
HDFC Nifty G-Sec Sep 2032 Index Reg (G),HDFC Mutual Fund,626,09-12-2022,0.04,-0.58,-0.36,-1.06,-0.67,3.25,3.6,5.6,7.12,,,,,,,7.2,0,Debt: Short Duration,13.0372,0,0,7.32,2.99,0.55,0.68,Anupam Joshi,6.03,4.86,6.71,100,100,0,0,0,0,0,0,0,100,0,0,0,,0.29,99.24,0,0,0,0,0.76,1.83,38.98,0.46,95.15,100
HDFC Nifty India Consumption Index Fund (G),HDFC Mutual Fund,115,18-02-2026,-0.61,-3.98,-1.76,-6.12,-3.53,7.47,,,,,,,,,,-6.93,0,Equity: Thematic,9.3067,0,0,0,0,0,0,Nandita Menezes,0,0,0,0,0,87.94,11.73,0,7.48,40.28,0,99.67,0.33,0,0,0,,0.69,0,0,0,0,0,0.33,,,,,
HDFC Nifty India Digital Index Fund Reg (G),HDFC Mutual Fund,158,11-12-2024,-0.36,-6.32,-6.15,-9.6,4.78,10.45,-7.68,,,,,,,,,-11.44,0,Equity: Index,8.0324,0,0,0,0,0,0,Nandita Menezes,0,0,0,100,100,94.53,5.23,0,6.84,25.23,0,99.76,0.24,0,0,0,,0.71,0,0,0,0,0,0.24,0,0,,0,0
HDFC Nifty LargeMidcap 250 Index Fund Reg (G),HDFC Mutual Fund,466,09-10-2024,-0.1,-4.12,-2.08,-6.56,-4.27,8.29,-1.12,0,,,,,,,,-2.26,0,Equity: Large & Mid Cap,9.5585,0,0,0,0,0,0,Nandita Menezes,0,0,0,100,100,53.26,44.51,2.15,3.36,21.23,0,99.92,0.08,0,0,0,,0.58,0,0,0,0,0,0.08,0,0,,0,0
HDFC Nifty Metal E T F FOF (G),HDFC Mutual Fund,115,06-08-2026,-1.18,-3.35,-6.07,-3.25,,,,,,,,,,,,-2.64,0,Equity: Sectoral,9.7364,0,0,0,0,0,0,Arun Agarwal,0,0,0,0,0,0,0,99.66,0,0,1% for redemption within 15 days,99.66,0.34,0,0,0,,0.6,0,0,0,0,0,0.34,,,,,
HDFC NIFTY Midcap 150 Index Fund Reg (G),HDFC Mutual Fund,726,21-04-2023,0.07,-4.65,-2.24,-7.14,-3.98,12.41,3.65,-1.33,12.52,,,,,,,19.21,3,Equity: Index,18.3313,-0.37,1,16.91,17.88,0.63,0.82,Nandita Menezes,0,0,0,100,100,11.6,84.16,4.24,4.01,25.07,0,100,0,0,0,0,,0.64,0,0,0,0,0,0,15.45,41.73,-11.17,114.41,99.75
HDFC NIFTY next 50 Index Fund (G),HDFC Mutual Fund,2709,03-11-2021,0.41,-3.77,-0.79,-5.49,-2.49,15.68,2.94,-4.82,15.6,,,,,,,10.31,5,Equity: Index,16.1716,6.17,1.29,18.9,20.03,0.66,0.85,Arun Agarwal,0,0,0,0,0,86.84,13.11,0,3.34,20.08,0,99.95,0.05,0,0,0,,0.56,0,0,0,0,0,0.05,16.58,40.79,-5.99,126.75,103.5
HDFC NIFTY Realty Index Fund Reg (G),HDFC Mutual Fund,144,26-03-2024,1.62,-2.73,4.02,-6.4,2.27,29.97,-2.84,-12.63,,,,,,,,-2.38,0,Equity: Index,9.4074,0,0,0,0,0,0,Nandita Menezes,0,0,0,100,100,19.76,64.85,15.18,4.07,37.75,0,99.79,0.21,0,0,0,,0.72,0,0,0,0,0,0.21,0,0,,0,0
HDFC Nifty SDL Oct 2026 Index Fund Reg (G),HDFC Mutual Fund,177,24-02-2023,0.01,0.09,0.2,0.42,1.28,2.74,5.53,6.5,7.04,,,,,,,7.17,0,Debt: Medium Duration,12.8322,0,0,6.83,0.64,1.77,3.15,Anupam Joshi,0.12,0.12,5.36,100,100,0,0,0,0,0,0,0,100,0,0,0,,0.3,85.53,0,0,0,0,14.47,0.23,15.01,-0.32,197.01,69.22
HDFC NIFTY SDL Plus G-Sec Jun 2027 40:60 Index Fund Reg (G),HDFC Mutual Fund,49,23-03-2023,0.01,0.03,0.13,0.28,1.09,2.66,5.47,6.64,7.22,,,,,,,7.16,0,Debt: Medium Duration,12.7605,0,0,7.03,0.88,1.51,3.07,Anupam Joshi,0.75,0.73,5.84,0,0,0,0,0,0,0,0,0,100,0,0,0,,0.3,94.7,0,0,0,0,5.3,0.39,22.04,-0.25,186.79,71.97
HDFC NIFTY Smallcap 250 Index Fund Reg (G),HDFC Mutual Fund,775,21-04-2023,0.21,-3.46,-0.65,-3.25,0.4,24.38,6.15,-2.09,12.65,,,,,,,20.51,3,Equity: Index,19.0334,0.16,1,16.19,21.72,0.48,0.73,Nandita Menezes,0,0,0,100,100,0,7.23,92.77,3.52,32.66,0,100,0,0,0,0,,0.64,0,0,0,0,0,0,17.52,41.19,-7.29,111.02,99.31
HDFC Nifty Top 20 Equal Weight Index Fund Reg (G),HDFC Mutual Fund,91,25-03-2025,-0.25,-3.3,-2.48,-6.69,-2.94,1.99,-8.21,,,,,,,,,-3.34,0,Equity: Index,9.4822,0,0,0,0,0,0,Nandita Menezes,0,0,0,100,100,99.93,0,0,3.05,20.6,0,99.93,0.07,0,0,0,,0.66,0,0,0,0,0,0.07,0,0,,0,0
HDFC NIFTY100 Low Volatility 30 Index Fund Reg (G),HDFC Mutual Fund,220,10-07-2024,-0.57,-3.42,-2.34,-7.11,-4.39,2.95,-5.58,-6.21,,,,,,,,-1.62,0,Equity: Index,9.6543,0,0,0,0,0,0,Nandita Menezes,0,0,0,100,100,94.53,5.23,0,3.29,22,0,99.76,0.24,0,0,0,,0.76,0,0,0,0,0,0.24,0,0,,0,0
HDFC Nifty100 Quality 30 Index Fund (G),HDFC Mutual Fund,144,20-02-2025,0.27,-2.97,-1.98,-7,-0.97,6.16,-4.01,,,,,,,,,1.33,0,Equity: Index,10.2222,0,0,0,0,0,0,Nandita Menezes,0,0,0,100,100,89.53,10.47,0,6.48,24.8,0,100,0,0,0,0,,0.72,0,0,0,0,0,0,0,0,,0,0
HDFC NIFTY200 Momentum 30 Index Fund Reg (G),HDFC Mutual Fund,609,28-02-2024,-0.02,-3.73,-0.73,-5.85,-4.45,8.9,-1.72,-11.88,,,,,,,,-0.87,0,Equity: Index,9.7705,0,0,0,0,0,0,Nandita Menezes,0,0,0,100,100,66.21,33.69,0,4.53,22.35,0,99.9,0.1,0,0,0,,0.72,0,0,0,0,0,0.1,0,0,,0,0
HDFC Nifty500 Multicap 50:25:25 Index Fund Reg (G),HDFC Mutual Fund,518,23-08-2024,-0.06,-3.82,-1.68,-5.59,-3.2,11.12,-0.49,-3.56,,,,,,,,-1.97,0,Equity: Index,9.586,0,0,0,0,0,0,Nandita Menezes,0,0,0,100,100,50.36,24.92,24.52,3.38,22.18,0,99.8,0.2,0,0,0,,0.64,0,0,0,0,0,0.2,0,0,,0,0
HDFC Overnight Fund (G),HDFC Mutual Fund,12190,06-02-2002,0.01,0.09,0.2,0.39,1.24,2.52,5.12,5.55,5.91,5.58,4.94,5.25,6.08,6.07,,5.69,2,Debt: Overnight,4050.724,0,0,5.81,0.2,0.6,1.23,Rohan Pillai,0.01,0.01,5.31,100,1000,0,0,0,0,0,0,0,100,0,0,0,,0.16,4.5,0,0,6.36,0,89.14,0,0,-1.45,0,0
HDFC Pharma and Healthcare Fund Reg (G),HDFC Mutual Fund,3311,04-10-2023,-2,-4.08,-1.6,-3.06,3.82,24.75,26.37,14.58,0,,,,,,,28.66,0,Equity: Sectoral,21.181,0,0,0,0,0,0,Nikhil Mathur,0,0,0,0,0,27.89,33.16,37.37,6.64,50.42,1% for redemption within 30 days,98.42,1.58,0,0,0,,1.66,0,0,0,0,0,1.58,0,0,,0,0
HDFC Retirement Fund Equity Plan Reg (G),HDFC Mutual Fund,6998,25-02-2016,0.15,-2.97,-1.39,-5.35,-3.6,3.93,-7.06,-5.71,7.21,10.08,15.65,13.47,,,,15.51,4,Solution: Retirement Equity,46.474,-0.9,0.86,9.93,13.21,0.32,0.4,Chirag Setalvad,0,0,0,100,100,63.19,10.71,21.19,2.93,21.2,0,95.09,4.91,0,0,0,,1.55,0,0,0,0,0,4.91,10.77,43.9,0.32,118.5,104.42
HDFC Retirement Fund Hybrid Debt Reg (G),HDFC Mutual Fund,146,26-02-2016,0.21,-0.84,-0.39,-1.57,-1.52,1.78,-0.5,0.95,5.28,5.63,6.92,6.74,,,,7.43,2,Solution: Retirement Hybrid,21.4617,0,0,5.87,4.32,0.04,0.05,Chirag Setalvad,8.09,5.16,6.77,100,100,18.07,1.67,3.67,2.89,21.59,0,23.41,76.59,0,0,0,,1.85,46.33,0,0,13.53,0,12.83,2.98,42.29,-0.4,124.46,95.78
HDFC Retirement Fund Hybrid Equity Reg (G),HDFC Mutual Fund,1604,25-02-2016,0.21,-1.95,-0.99,-3.99,-3.37,2.62,-6.68,-4.5,5.54,7.4,11.48,10.85,,,,12.7,3,Solution: Retirement Hybrid,35.766,0,0,7.45,10.62,0.17,0.21,Chirag Setalvad,5.39,4,6.6,100,100,47.49,7.67,19.37,2.84,21.04,0,74.53,25.47,0,0,0,,1.8,9.94,0,0,7.07,0,8.46,8.35,43.09,-0.34,63.49,89.89
HDFC Short Term Fund (G),HDFC Mutual Fund,14486,25-06-2010,0.06,-0.16,0.07,0.14,0.46,2.87,5.02,6.49,7.09,6.16,6.76,7.01,7.8,,,7.83,4,Debt: Short Duration,34.1585,0,0,6.98,1.34,0.97,1.66,Anil Bamboli,3.38,2.61,7.58,100,100,0,0,0,0,0,0,0,99.64,0,0,0.36,,0.6,9.12,0,14.72,71.4,0,4.4,0.56,22.48,0.8,96.26,100
HDFC Silver E T F FoF Reg (G),HDFC Mutual Fund,4699,28-10-2022,0.29,-4.78,-2.28,-6.04,-1.83,-3.54,51.44,52.99,42.68,,,,,,,38.35,0,Commodity: Silver,35.6647,1.36,0.9,43.83,39.58,0.96,2,Arun Agarwal,0,0,0,100,100,0,0,0,0,0,1% for redemption within 15 days,0,-0.29,0,0,100.29,,0.47,0,0,0,0,0,100,39.27,45.33,-0.49,77.41,81.79
HDFC Small Cap Fund (G),HDFC Mutual Fund,41891,03-04-2008,0.2,-3.18,-0.88,-2.97,-0.56,14.97,-2.57,-2.07,9.03,13.11,19.49,16.1,16.89,,,15.17,3,Equity: Small Cap,136.079,-1.77,0.78,11.46,17.45,0.33,0.47,Chirag Setalvad,0,0,0,100,100,6.7,9.8,73.14,2.87,21.14,1% for redemption within 365 days,89.64,10.36,0,0,0,,1.28,0,0,0,0,0,10.36,14.41,41.73,-0.89,77.05,88.53
HDFC Technology Fund Reg (G),HDFC Mutual Fund,1484,08-09-2023,-0.1,-4.1,-5.3,-8.41,4.38,3.4,-14.44,-12.48,3.42,,,,,,,2.93,0,Equity: Sectoral,10.926,0,0,0,0,0,0,Balakumar Balasubramanian,0,0,0,100,100,52.34,19.47,25.23,4.53,25.41,1% for redemption within 30 days,97.04,2.96,0,0,0,,1.82,0,0,0,0,0,2.96,14.48,49.93,,89.31,96.83
HDFC Transportation and Logistics Fund Reg (G),HDFC Mutual Fund,2116,17-08-2023,0.01,-3.02,-0.39,-6.12,5.93,24.1,6.85,6.22,22.78,,,,,,,23.03,0,Equity: Thematic,19.106,0,0.88,25.18,18.5,1.05,1.15,Priya Ranjan,0,0,0,100,100,41.22,28.68,29.57,5.55,40.07,1% for redemption within 30 days,99.47,0.53,0,0,0,,1.75,0,0,0,0,0,0.53,14.19,42.68,0.72,108.43,89.33
HDFC Ultra Short Term Fund Reg (G),HDFC Mutual Fund,17465,25-09-2018,0.04,0.06,0.22,0.49,1.5,3.24,6.02,6.64,6.86,6.22,5.97,,,,,6.28,3,Debt: Ultra Short Duration,16.3183,0,0,6.67,0.49,2.02,2.57,Anil Bamboli,0.75,0.49,7.2,0,100,0,0,0,0,0,0,0,99.71,0,0,0.29,,0.64,9.98,2.56,11.29,72.08,0,3.8,0.11,5.65,1.58,97.32,100
HDFC Ultra Short to Short Term Fund (G),HDFC Mutual Fund,17793,18-11-1999,0.04,-0.01,0.14,0.38,1.16,2.98,5.57,6.52,6.73,6.09,6.18,6.43,7.08,7.12,6.84,6.98,3,Debt: Low Duration,61.9425,0,0,6.6,0.67,1.36,2.03,Anupam Joshi,1.62,0.99,7.43,100,100,0,0,0,0,0,0,0,99.6,0,0,0.4,,0.89,10.22,0.84,12.43,73.28,0,2.83,0.22,9.93,1.01,97.62,100
HDFC Value Fund (G),HDFC Mutual Fund,8266,01-02-1994,0.09,-3.07,-1.03,-4.79,-0.09,13.9,4.68,0.03,14.04,12.2,15.65,13.07,14.55,13.82,19.62,14.19,4,Equity: Value,764.661,2.97,1,16.89,15.37,0.73,0.97,Anand Laddha,0,0,0,100,100,57.78,22.68,18.73,3.46,25.67,1% for redemption within 365 days,99.19,0.81,0,0,0,,1.52,0,0,0,0,0,0.81,11.95,43.15,1.55,103.06,94.15
Helios Arbitrage Fund (G),Helios Mutual Fund,134,20-03-2026,0.2,-0.1,0,-0.1,1.08,2.3,,,,,,,,,,2.5,0,Hybrid: Arbitrage,10.25,0,0,0,0,0,0,Alok Bahl,0,0,0,0,0,0,0,0,2.01,13.86,0.25% for redemption within 7 days,0,100,0,0,0,,0.87,21.46,0,0,0,0,8.53,,,,,
Helios Balanced Advantage Fund Reg (G),Helios Mutual Fund,288,27-03-2024,-0.18,-2.69,-0.8,-3.19,-1.84,7.16,0,0.18,,,,,,,,4.73,0,Hybrid: Balanced Advantage,11.23,0,0,0,0,0,0,Alok Bahl,0,0,0,1000,1000,67.1,13.78,5.88,3.16,18.92,0,86.76,13.24,0,0,0,,2.09,6.98,0,0,0,0,6.26,0,0,,0,0
Helios Financial Services Fund Reg (G),Helios Mutual Fund,211,24-06-2024,0.18,-5.26,-3,-7.34,-4.36,10.8,-2.66,0.32,,,,,,,,4.09,0,Equity: Sectoral,10.98,0,0,0,0,0,0,Alok Bahl,0,0,0,1000,1000,55.16,26.57,17.59,3.01,22.63,"For units in excess of 10% of the investment, 1% will be charged for redemption within 3 months",99.32,0.68,0,0,0,,2.1,0,0,0,0,0,0.68,0,0,,0,0
Helios Flexi Cap Fund Reg (G),Helios Mutual Fund,8748,13-11-2023,-0.2,-4.11,-1.26,-4.84,-2.23,15.99,2.19,2.18,,,,,,,,14.95,0,Equity: Flexi Cap,14.94,0,0,0,0,0,0,Alok Bahl,0,0,0,1000,1000,55.47,21.21,20.26,4.59,35.05,"For units in excess of 10% of the investment, 1% will be charged for redemption within 3 months",96.94,3.06,0,0,0,,1.52,0,0,0,0,0,3.06,0,0,,0,0
Helios Large and Mid cap Fund Reg (G),Helios Mutual Fund,1473,30-10-2024,-0.37,-4.14,-1.18,-4.89,-2.59,14.39,2.25,,,,,,,,,4.55,0,Equity: Large & Mid Cap,10.89,0,0,0,0,0,0,Alok Bahl,0,0,0,1000,1000,55.86,39.96,3.45,5.01,36.66,"For units in excess of 10% of the investment, 1% will be charged for redemption within 3 months",99.27,0.73,0,0,0,,1.82,0,0,0,0,0,0.73,0,0,,0,0
Helios Mid cap Fund Reg (G),Helios Mutual Fund,2229,13-03-2025,0.22,-4.62,-1.25,-4.83,-0.74,23.59,9.11,,,,,,,,,20.02,0,Equity: Mid Cap,13.41,0,0,0,0,0,0,Alok Bahl,0,0,0,1000,1000,3.95,65.6,29.97,5.71,47.42,"For units in excess of 10% of the investment, 1% will be charged for redemption within 3 months",99.52,0.48,0,0,0,,1.73,0,0,0,0,0,0.48,0,0,,0,0
Helios Overnight Fund Reg (G),Helios Mutual Fund,294,25-10-2023,0.01,0.09,0.2,0.38,1.23,2.5,5.05,5.49,,,,,,,,5.85,2,Debt: Overnight,1182.4642,0,0,0,0,0,0,Alok Bahl,0,0,5.26,1000,0,0,0,0,0,0,0,0,100,0,0,0,,0.15,0,0,0,0,0,100,0,0,,0,0
Helios Small Cap Fund (G),Helios Mutual Fund,1737,27-11-2025,0.44,-3,0.44,-2.58,3,34.92,,,,,,,,,,13.2,0,Equity: Small Cap,11.32,0,0,0,0,0,0,Alok Bahl,0,0,0,0,0,2.39,18.11,77.1,5.61,43.86,1% for redemption within 3 months,97.6,2.4,0,0,0,,1.79,0,0,0,0,0,2.4,,,,,
HSBC Aggressive Hybrid Active FOF Reg (G),HSBC Mutual Fund,47,30-04-2014,0,-2.97,-0.8,-3.94,-0.78,12.97,5.68,0.96,10.65,9.34,13.03,11.2,,,,12.23,0,Hybrid: Aggressive,41.9208,0,0,12.68,12.24,0.57,0.73,Gautam Bhupal,0,0,0,1000,500,33.54,11.39,31.44,0,0,1% for redemption within 365 days,76.37,23.63,0,0,0,,1.24,0,0,0,0,22.78,0.85,9.93,42,0.73,101.16,95.6
HSBC Aggressive Hybrid Fund Reg (G),HSBC Mutual Fund,5691,07-02-2011,-0.07,-3.31,-0.93,-3.75,0.06,13.54,4.13,1.96,11.39,9.47,12.21,10.47,12.88,,,11.87,3,Hybrid: Aggressive,58.2486,0,0,13.66,13.8,0.58,0.66,Gautam Bhupal,1.92,1.62,7.23,0,0,34.3,20.56,19.73,5.05,35.01,"For units in excess of 10% of the investment, 1% will be charged for redemption within 365 days",74.59,24.56,0.85,0,0,,1.57,2.19,0,0,20.27,0,2.1,12.12,43.22,0.64,113.2,98.83
HSBC Arbitrage Fund (G),HSBC Mutual Fund,2998,30-06-2014,0.36,0.08,0.29,0.54,1.48,2.81,6.08,6.21,6.54,5.94,5.53,5.68,,,,5.97,3,Hybrid: Arbitrage,20.3834,0,0,6.4,0.54,1.32,1.58,Asif Rizwi,0.49,0.49,6.9,1000,500,0,0,0,2.12,16.3,0.25% for redemption within 1 month,0,100,0,0,0,,0.75,0,0,0,10.36,17.69,1.63,0,0,-2.01,0,0
HSBC Asia Pacific (Ex Japan) Dividend Yield Reg (G),HSBC Mutual Fund,74,24-02-2014,0,-2.38,1.21,0.1,2.54,18.63,31.55,26.29,27.47,14.56,14.27,12.72,,,,10.86,0,Equity: Global,36.6697,0,0,24.99,14.48,1.33,2.21,Sonal Gupta,0,0,0,1000,500,0,0,0,0,0,1% for redemption within 365 days,0,3.01,0,96.99,0,,1.17,0,0,0,0,0,100,15.36,42.77,0.74,59.23,67.54
HSBC Balanced Advantage Fund (G),HSBC Mutual Fund,1527,07-02-2011,0.15,-2.08,-0.86,-2.88,-0.72,5.35,0.2,0.61,7.6,6.84,8.39,7.73,,,,9.78,3,Hybrid: Balanced Advantage,43.2996,0,0,8.96,7.79,0.42,0.55,Neelotpal Sahai,3.72,2.94,6.99,1000,500,49.92,12.53,10.66,3.11,24.96,"For units in excess of 10% of the investment, 1% will be charged for redemption within 365 days",73.11,26.89,0,0,0,,1.81,11.84,0,0,13,0,2.05,6.11,42.82,0.21,17.65,80.02
HSBC Banking and PSU Debt Fund (G),HSBC Mutual Fund,3777,20-09-2007,0.04,-0.16,0,0.08,0.32,2.83,4.45,6.17,6.5,5.28,5.92,6.29,,,,5.09,3,Debt: Banking and PSU,25.7206,0,0,6.44,1.46,0.51,0.83,Mahesh A Chhabria,3.38,2.8,7.28,1000,1000,0,0,0,0,0,0,0,99.63,0,0,0.37,,0.51,11.11,0,0,86.52,0,2,0.62,23.28,-0.78,98.22,100
HSBC Brazil Fund (G),HSBC Mutual Fund,365,06-05-2011,0,-3.99,-2.92,2.95,5.41,-1.35,24.57,21.13,14.74,9.88,2.84,4.56,1.79,,,0.27,0,Equity: Global,10.427,0,0,14.8,23.38,0.39,0.93,Sonal Gupta,0,0,0,1000,500,0,0,0,0,0,1% for redemption within 365 days,0,2.21,0,97.79,0,,1.22,0,0,0,0,0,100,18.96,48.84,0.07,-1.03,54.5
HSBC Business Cycles Fund (G),HSBC Mutual Fund,1182,20-08-2014,0.63,-3.57,-0.58,-4.25,0.12,19.6,2.09,-1.89,14.27,13.52,16.02,12.34,,,,12.67,0,Equity: Thematic,42.7545,1.73,1.21,17.19,20.31,0.57,0.83,Gautam Bhupal,0,0,0,1000,500,40.61,17.62,38.05,3.66,30.42,"For units in excess of 10% of the investment, 1% will be charged for redemption within 365 days",96.28,3.72,0,0,0,,1.86,0,0,0,0,0,3.72,16.19,43.5,0.45,124.3,104.13
HSBC Cash Fund Reg Plan (G) (Susp),HSBC Mutual Fund,20975,04-12-2002,0.02,0.08,0.21,0.47,1.52,3.36,6.36,6.58,6.83,6.09,5.22,5.49,6.26,6.2,,6.04,0,Debt: Liquid,4052.1877,0,0,6.66,0.21,4.65,11.15,Abhishek Iyer,0.11,0.11,6.32,0,0,0,0,0,0,0,Exit load of 0.0070% if redeemed within 1 day. 0.0065% if redeemed within 2 days. 0.0060% if redeemed within 3 days. 0.0055% if redeemed within 4 days. 0.0050% if redeemed within 5 days. 0.0045% if redeemed within 6 days.,0,99.74,0,0,0.26,,0.21,17.52,0,0,75.08,0,7.14,0,0,3.6,0,0
HSBC Conservative Hybrid Fund (G),HSBC Mutual Fund,156,24-02-2004,0.02,-1.09,-0.64,-1.99,-2.17,3.85,0.89,2.8,7.6,6.26,7.48,6.77,8.17,8.28,,7.91,3,Hybrid: Conservative,62.425,0,0,8.37,5.4,0.5,0.67,Abhishek Gupta,7.54,4.97,7.06,1000,1000,9.26,5.71,1.34,3.72,25.9,0,16.31,81.49,1.89,0,0.31,,1.81,42.17,0,0,32.99,0,6.33,4,42.76,0.46,98.5,96.89
HSBC Consumption Fund Reg (G),HSBC Mutual Fund,1762,31-08-2023,-0.53,-4.88,-1.89,-5.47,2.56,18.52,0.76,-1.67,13.53,,,,,,,13.45,0,Equity: Thematic,14.7611,0,0,0,0,0,0,Anish Goenka,0,0,0,1000,500,37.36,22.68,38.57,7.38,52.62,"For units in excess of 10% of the investment, 1% will be charged for redemption within 90 days",98.61,1.39,0,0,0,,1.78,0,0,0,0,0,1.39,12.67,43.15,0.26,81.11,85.54
HSBC Corporate Bond Fund (G) Plan,HSBC Mutual Fund,6058,31-03-1997,0.07,-0.1,0.08,0.2,0.64,3.04,4.73,6.41,6.97,5.7,6.64,6.59,7.24,6.1,6.15,6.64,3,Debt: Corporate Bond,77.9007,0,0,6.84,1.53,0.75,1.29,Asif Rizwi,2.2,2.01,7.28,1000,1000,0,0,0,0,0,0,0,99.64,0,0,0.36,,0.51,15.53,0,0,83.64,0,0.47,0.74,27,-0.51,180.9,74.21
HSBC Corporate Bond Fund 54EA Reg Cum,HSBC Mutual Fund,,,0,-0.17,-0.1,0.14,0.58,2.97,4.67,6.38,6.95,5.69,6.63,6.58,7.24,6.1,6.15,7.2,,Debt: Corporate Bond,77.8499,,,,,,,,,,,1000,1000,,,,,,,0,100,0,0,0,,,,,,,,,0.76,27.65,,175.24,74.95
HSBC Credit Risk Fund (G),HSBC Mutual Fund,457,08-10-2009,0.09,0.03,0.17,0.32,1.09,3.35,5.73,12.81,10.85,8.29,7.54,6.8,7.63,,,7.57,3,Debt: Credit Risk,34.6083,0,0,10.61,6.88,0.71,7.35,Shriram Ramanathan,2.01,1.61,8.05,1000,1000,0,0,0,0,0,"For units in excess of 10% of the investment, 1% will be charged for redemption within 1 year",0,95.76,0,0,4.24,,1.39,11.04,16.84,46.3,16.35,0,9.05,0.42,22.45,0.65,158.84,73.37
HSBC CRISIL IBX 50:50 Gilt Plus SDL Apr 2028 Index Fund Reg (G),HSBC Mutual Fund,1749,31-03-2022,0.09,-0.03,0.07,0.15,0.98,2.86,5.23,6.55,7.24,,,,,,,6.48,0,Debt: Medium to Long Duration,13.2704,0,0,7.09,1.4,1,1.47,Asif Rizwi,1.54,1.46,6.4,1000,500,0,0,0,0,0,0,0,100,0,0,0,,0.33,99.24,0,0,0,0,0.76,0.61,27,-0.3,181.34,73.57
HSBC CRISIL IBX Gilt June 2027 Index Fund Reg (G),HSBC Mutual Fund,181,23-03-2023,0.01,0.02,0.14,0.22,1.01,2.53,5.16,6.46,7.05,,,,,,,7.02,0,Debt: Medium Duration,12.7007,0,0,6.88,0.92,1.3,2.75,Asif Rizwi,0.84,0.82,5.84,1000,500,0,0,0,0,0,0,0,100,0,0,0,,0.3,99.17,0,0,0,0,0.83,0.52,25.48,-0.34,183.6,73.28
HSBC Dynamic Term Fund Reg (G),HSBC Mutual Fund,121,27-09-2010,-0.01,-0.45,-0.12,-0.31,-0.69,2.45,2.89,4.16,6.01,5.08,5.52,5.85,7.3,5.71,,5.72,0,Debt: Corporate Bond,30.5633,0,0,6.09,2.84,0.14,0.24,Shriram Ramanathan,13.22,6.75,7.22,0,0,0,0,0,0,0,0,0,99.47,0,0,0.53,,0.68,57.33,0,0,37.52,0,4.62,1.78,39.53,-0.94,134.27,90.44
HSBC ELSS Tax Saver Fund (G),HSBC Mutual Fund,4115,27-02-2006,-0.17,-3.77,-1.13,-5.65,-1.33,14.22,2.94,-0.54,14.19,11.6,14.71,12.42,,,,13.55,4,Equity: ELSS,137.0897,4.43,1.02,17.18,16.4,0.7,0.84,Abhishek Gupta,0,0,0,500,500,47.48,17.96,32.76,3.54,27.61,0,98.2,1.8,0,0,0,,1.62,0,0,0,0,0,1.8,14.66,42.41,0.81,117.8,100.64
HSBC Equity Savings Fund (G),HSBC Mutual Fund,1326,18-10-2011,0.22,-1.6,-0.37,-2.26,-0.77,7.6,6.55,5.1,11.39,9.84,11.02,8.94,0,,,8.99,5,Hybrid: Equity Savings,36.2776,0,0,12.41,8.04,0.84,0.85,Cheenu Gupta,2.07,1.86,6.43,1000,500,24.95,10.14,3.37,2.69,18.22,"For units in excess of 10% of the investment, 0.5% will be charged for redemption within 30 days",38.46,61.07,0.47,0,0,,1.35,34.85,0,0,20.68,0,10.13,6.3,40.38,0.76,-16.49,80.91
HSBC Financial Services Fund (G),HSBC Mutual Fund,929,27-02-2025,0.32,-5.41,-3.9,-7.69,-5.67,11.2,5.01,,,,,,,,,10.83,0,Equity: Sectoral,11.8449,0,0,0,0,0,0,Gautam Bhupal,0,0,0,1000,500,51.07,24.39,21.4,2.8,21.23,"For units in excess of 10% of the investment, 1% will be charged for redemption within 90 days",96.86,3.14,0,0,0,,1.94,0,0,0,0,0,3.14,0,0,,0,0
HSBC Flexi Cap Fund Reg (G),HSBC Mutual Fund,5718,24-02-2004,0.24,-3.17,-0.49,-4.74,0.99,18.38,5.28,0.31,14.02,11.73,15.6,12.14,13.9,11.79,,14.86,4,Equity: Flexi Cap,227.7218,4.01,1.08,17.13,17.18,0.67,0.85,Abhishek Gupta,0,0,0,1000,500,46.76,20.12,31.07,3.12,26.52,"For units in excess of 10% of the investment, 1% will be charged for redemption within 365 days",97.95,2.05,0,0,0,,1.57,0,0,0,0,0,2.05,13.75,41.66,0.78,113.75,98.77
HSBC Focused Fund Reg (G),HSBC Mutual Fund,1773,22-07-2020,-0.73,-3.73,-0.67,-5.19,1.63,16.91,6.95,0.89,12.58,10.43,,,,,,12.43,3,Equity: Focused,26.4303,2.98,1.02,15.73,16.73,0.6,0.7,Neelotpal Sahai,0,0,0,1000,500,46.39,31.34,17.94,3.92,29.65,"For units in excess of 10% of the investment, 1% will be charged for redemption within 365 days",95.67,4.33,0,0,0,,1.77,0,0,0,0,0,4.33,13.66,43.22,0.44,110.04,98.86
HSBC Gilt Fund (G),HSBC Mutual Fund,156,29-03-2000,-0.02,-0.45,-0.01,-0.4,-1.18,2.86,1.23,2.1,4.65,3.9,4.68,5,7.28,6.62,6.89,7.39,2,Debt: Gilt Fund,66.3775,0,0,4.76,3.88,-0.24,-0.35,Shriram Ramanathan,19.57,8.85,7.26,1000,1000,0,0,0,0,0,0,0,100,0,0,0,,1.34,89.03,0,0,0,0,10.97,2.55,43.8,-1.04,113.7,99.8
HSBC Global Emerging Markets Fund (G),HSBC Mutual Fund,472,17-03-2008,0,-2.66,1.44,-1.51,-2.08,21.54,39.5,31.69,28.64,11.89,14.1,11.66,10.1,,,6.89,0,Equity: Global,34.3846,0,0,26.63,18.73,1.12,2.13,Sonal Gupta,0,0,0,1000,500,0,0,0,0,0,1% for redemption within 365 days,0,3.61,0,96.39,0,,1.22,0,0,0,0,0,100,16.7,42.88,0.68,70.02,71.11
HSBC Global Equity Climate Change FoF Reg (G),HSBC Mutual Fund,54,22-03-2021,0,0,0.09,-0.02,4.38,3.71,32.35,10.35,10.39,3.33,,,,,,3.64,0,Equity: Global,11.9648,0,0,11.73,13.87,0.41,0.71,Sonal Gupta,0,0,0,1000,500,95.91,0,0,0,0,1% for redemption within 365 days,0,4.09,0,95.91,0,,1.43,0,0,0,0,0,4.09,12.43,47.36,-0.19,-30.15,54.53
HSBC Gold E T F FoF (G),HSBC Mutual Fund,355,30-03-2026,0,-1.47,-1.15,-3.53,5.82,1.74,,,,,,,,,,1.74,0,Commodity: Gold,10.174,0,0,0,0,0,0,Dipan S. Parikh,0,0,0,0,0,0,0,0,0,0,1% for redemption within 15 days,0,0.83,99.17,0,0,,0.37,0,0,0,0,0,0.83,,,,,
HSBC Income Plus Arbitrage Active FOF Reg (G),HSBC Mutual Fund,537,30-04-2014,0,-0.22,-0.03,0.12,0.69,2.57,4.68,4.58,6.72,5.49,6.09,5.85,,,,6.82,0,Hybrid: Fof Domestic Income Plus Arbitrage,22.7069,0,0,6.63,1.83,0.52,0.88,Asif Rizwi,2.95,2.52,7.29,1000,500,0,0,0,0,0,0,0,100,0,0,0,,0.43,0,0,0,0,99.37,0.63,1.26,33.98,0,97.55,100
HSBC India Export Opportunities Fund Reg (G),HSBC Mutual Fund,1233,25-09-2024,-0.02,-3.28,0.17,-3.9,7.03,29.3,20.16,7.26,,,,,,,,7.11,0,Equity: Thematic,11.4825,0,0,0,0,0,0,Abhishek Gupta,0,0,0,1000,500,38.82,13.49,44.59,4.78,35.78,"For units in excess of 10% of the investment, 1% will be charged for redemption within 1 year",96.9,3.1,0,0,0,,1.84,0,0,0,0,0,3.1,0,0,,0,0
HSBC Infrastructure Fund Reg (G),HSBC Mutual Fund,2362,27-09-2007,0.36,-1.97,1.1,-3.1,-1.9,17.35,7.83,-1.99,13.79,16.29,18.27,15.11,15.18,,,8.58,3,Equity: Sectoral,49.6262,1.63,0.69,17.24,21.29,0.54,0.83,Gautam Bhupal,0,0,0,0,0,51.99,10.97,32.46,4.42,32.47,"For units in excess of 10% of the investment, 1% will be charged for redemption within 90 days",95.42,4.58,0,0,0,,1.71,0,0,0,0,0,4.58,17.57,43.36,0.03,124.34,104.03
HSBC Large & Mid cap Fund (G),HSBC Mutual Fund,5479,28-03-2019,-0.09,-4.54,-1.8,-6.3,-2.37,17.5,7.68,1.52,15.19,12.41,16.42,,,,,13.48,4,Equity: Large & Mid Cap,28.7806,6.36,1.04,18.73,18.24,0.71,0.8,Cheenu Gupta,0,0,0,0,500,37.42,43.23,18.67,4.62,31.59,"For units in excess of 10% of the investment, 1% will be charged for redemption within 365 days",99.32,0.68,0,0,0,,1.57,0,0,0,0,0,0.68,16,41.73,0.5,113.92,97.93
HSBC Large Cap Fund (G),HSBC Mutual Fund,1839,10-12-2002,-0.16,-3.29,-1.25,-5.31,-2.54,6.01,-1.8,-4.36,8.29,7.51,11.54,10.8,11.35,10.42,,17.27,3,Equity: Large Cap,457.8413,0.59,0.95,11.42,14.06,0.41,0.47,Neelotpal Sahai,0,0,0,1000,500,84.06,7.02,5.9,3.64,25.84,"For units in excess of 10% of the investment, 1% will be charged for redemption within 365 days",96.98,3.02,0,0,0,,1.77,0,0,0,0,0,3.02,12.44,43.96,0.04,104.44,99.86
HSBC Liquid Fund (G),HSBC Mutual Fund,20975,01-06-2004,0.02,0.08,0.21,0.47,1.52,3.36,6.36,6.58,6.83,6.28,5.59,6.02,6.98,4.62,,4.73,3,Debt: Liquid,2808.5498,0,0,6.66,0.21,4.65,11.15,Abhishek Iyer,0.11,0.11,6.32,1000,1000,0,0,0,0,0,Exit load of 0.0070% if redeemed within 1 day. 0.0065% if redeemed within 2 days. 0.0060% if redeemed within 3 days. 0.0055% if redeemed within 4 days. 0.0050% if redeemed within 5 days. 0.0045% if redeemed within 6 days.,0,99.74,0,0,0.26,,0.19,17.52,0,0,75.08,0,7.14,0,0,3.6,0,0
HSBC Medium Term Fund (G),HSBC Mutual Fund,684,02-02-2015,0.04,-0.25,0,-0.05,0.04,2.61,4.64,6.2,6.92,5.85,6.49,6.24,,,,6.84,1,Debt: Medium Duration,21.6746,0,0,6.84,1.6,0.72,1.34,Shriram Ramanathan,5.26,3.72,7.74,1000,1000,0,0,0,0,0,0,0,99.65,0,0,0.35,,0.94,26.15,8.88,24.5,39.01,0,1.11,0.82,31.54,-0.51,167.12,78.53
HSBC Medium to Long Term Fund (G),HSBC Mutual Fund,49,10-12-2002,0.03,-0.28,0.08,-0.13,-0.58,2.56,2.98,4.11,5.57,4.26,4.73,4.99,6.25,6.57,,6.31,2,Debt: Medium to Long Duration,43.5369,0,0,5.53,2.62,-0.06,-0.12,Asif Rizwi,11.4,6.26,7.27,1000,500,0,0,0,0,0,0,0,99.7,0,0,0.3,,1.08,39.74,0,0,45.61,0,14.35,1.65,40.55,-1.64,141.39,89.43
HSBC Midcap Fund Reg (G),HSBC Mutual Fund,15578,09-08-2004,-0.04,-5.07,-1.85,-6.89,-2.01,24.1,16.64,5.74,20.85,16.52,19.82,15.9,18.59,15.76,,18.78,5,Equity: Mid Cap,451.8827,6.63,1.04,24.6,20.02,0.94,1.13,Cheenu Gupta,0,0,0,0,0,5.08,68.25,25.9,5.17,41.72,"For units in excess of 10% of the investment, 1% will be charged for redemption within 365 days",99.23,0.77,0,0,0,,1.43,0,0,0,0,0,0.77,16.62,41.06,0.89,119.07,94.77
HSBC Money Market Fund (G),HSBC Mutual Fund,6993,10-08-2005,0.05,0.08,0.23,0.5,1.57,3.52,6.27,6.92,7.06,6.24,5.75,6.36,4.43,5.01,,5.08,3,Debt: Money Market,28.5338,0,0,6.86,0.56,2.09,2.99,Abhishek Iyer,0.51,0.51,6.88,1000,1000,0,0,0,0,0,0,0,99.75,0,0,0.25,,0.29,13.03,0,0,86.45,0,0.27,0.13,5.92,1.67,96.64,100
HSBC Multi Asset Active FOF Reg (G),HSBC Mutual Fund,107,30-04-2014,0,-2.79,-0.72,-4.07,-0.27,10.77,11.26,7.3,13.72,10.8,13.32,11.27,,,,11.99,0,Others: FoFs Domestic,40.8459,0,0,15.27,10.95,0.88,1.03,Gautam Bhupal,3.73,2.74,7.16,1000,500,33.54,11.39,31.44,0,0,1% for redemption within 365 days,76.37,23.63,0,0,0,,1.19,0,0,0,0,22.78,0.85,9.78,40.49,1.17,56.32,75.12
HSBC Multi Asset Allocation Fund Reg (G),HSBC Mutual Fund,3098,28-02-2024,-0.13,-3.82,-2.11,-5.22,-2.13,7.7,7.62,5.93,,,,,,,,12.11,0,Hybrid: Multi Asset,13.4449,0,0,0,0,0,0,Cheenu Gupta,5.08,3.85,7.33,1000,500,36.02,28.21,9.68,3.84,26.13,"For units in excess of 10% of the investment, 1% will be charged for redemption within 1 year",73.91,14.66,11.43,0,0,,1.56,3.58,0,0,9.8,0,1.28,0,0,,0,0
HSBC Multi Cap Fund Reg (G),HSBC Mutual Fund,6068,30-01-2023,-0.3,-3.39,-0.26,-4.75,-0.18,17.68,6.9,0.89,15.65,,,,,,,20.26,5,Equity: Multi Cap,19.6755,6.71,1.01,18.61,17.44,0.74,0.99,Venugopal Manghat,0,0,0,1000,500,37.71,26.13,34.34,4.21,29.7,"For units in excess of 10% of the investment, 1% will be charged for redemption within 1 year",98.18,1.82,0,0,0,,1.56,0,0,0,0,0,1.82,14.36,42.28,0.87,111.66,96.66
HSBC Nifty 50 Index Fund Reg (G),HSBC Mutual Fund,396,15-04-2020,-0.42,-3.5,-2.14,-6.04,-4.98,1.92,-7.35,-5.66,5.58,5.87,,,,,,15.97,3,Equity: Index,26.303,-1.71,0.94,9.1,13.55,0.25,0.33,Praveen Ayathan,0,0,0,1000,500,98.65,1.34,0,3.16,20.66,"For units in excess of 10% of the investment, 1% will be charged for redemption within 30 days",99.99,0.01,0,0,0,,0.3,0,0,0,0,0,0.01,11.25,47.7,-4.95,99.74,100.02
HSBC Nifty Next 50 Index Fund Reg (G),HSBC Mutual Fund,176,15-04-2020,0.41,-3.72,-0.77,-5.47,-2.51,15.41,2.7,-4.98,15.42,10.27,,,,,,18.2,4,Equity: Index,29.7796,6.09,1.28,18.72,19.91,0.65,0.84,Praveen Ayathan,0,0,0,1000,500,86.78,13.11,0,3.37,20.28,"For units in excess of 10% of the investment, 1% will be charged for redemption within 30 days",99.89,0.11,0,0,0,,0.58,0,0,0,0,0,0.11,16.59,40.92,-3.98,126.6,103.59
HSBC Overnight Fund (G),HSBC Mutual Fund,4535,22-05-2019,0.01,0.09,0.2,0.39,1.25,2.54,5.19,5.6,5.96,5.63,4.98,,,,,3.66,4,Debt: Overnight,1432.9902,0,0,5.86,0.2,0.84,1.76,Abhishek Iyer,0.01,0.01,5.32,0,1000,0,0,0,0,0,0,0,100,0,0,0,,0.11,3.3,0,0,0,0,96.7,0,0,-0.97,0,0
HSBC Short Term Fund Reg (G),HSBC Mutual Fund,3870,27-12-2011,0.05,-0.13,0.05,0.14,0.53,2.92,4.71,6.3,6.79,5.68,6.06,6.4,6.1,,,6.19,4,Debt: Short Duration,28.148,0,0,6.67,1.39,0.71,1.22,Asif Rizwi,3.17,2.68,7.33,0,0,0,0,0,0,0,0,0,99.66,0,0,0.34,,0.59,15.64,0,0,80.28,0,3.74,0.6,27.27,0.53,97.36,100
HSBC Small Cap Fund Reg (G),HSBC Mutual Fund,17784,12-05-2014,0.01,-3.72,-0.19,-3.38,2.84,31.17,13,-0.19,12.87,15.78,21.66,17.14,,,,13.66,3,Equity: Small Cap,89.1174,0.32,0.98,15.79,21.79,0.46,0.66,Venugopal Manghat,0,0,0,0,0,2,22.2,74.78,4.23,33.22,"For units in excess of 10% of the investment, 1% will be charged for redemption within 365 days",98.98,1.02,0,0,0,,1.42,0,0,0,0,0,1.02,16.44,43.5,-0.3,99.78,95.1
HSBC Tax Saver Equity Fund (G),HSBC Mutual Fund,0,05-01-2007,0,0,-1.31,-6.89,-5.44,-4.28,0.37,9.84,17.77,14.41,14.86,14.1,13.23,,,12.23,0,Equity: ELSS,89.8495,0,0,0,0,0,0,,0,0,0,500,500,47.48,17.96,32.76,0,0,,98.2,1.8,0,0,0,,0,0,0,0,0,0,1.8,13.34,43.29,-0.04,104.74,98.75
HSBC Ultra Short Term Fund Reg (G),HSBC Mutual Fund,3628,29-01-2020,0.05,0.06,0.21,0.5,1.54,3.49,6.41,6.83,6.99,6.33,,,,,,4.86,4,Debt: Ultra Short Duration,1463.1008,0,0,6.79,0.42,2.59,3.78,Abhishek Iyer,0.5,0.49,6.81,0,1000,0,0,0,0,0,0,0,99.71,0,0,0.29,,0.31,10.94,0,0,86,0,2.77,0.09,4.55,2.01,96.88,100
HSBC Ultra Short to Short Term Fund Reg (G),HSBC Mutual Fund,875,04-12-2010,0.05,0.01,0.18,0.41,1.21,3.21,5.85,7.32,7.33,6.42,6.22,6.36,,,,4.13,4,Debt: Low Duration,30.8488,0,0,7.16,1.09,1.35,3.73,Asif Rizwi,1.2,0.97,7.29,0,0,0,0,0,0,0,0,0,95.69,4,0,0.31,,0.81,12.31,3.5,10.63,67.36,0,1.89,0.2,8.95,1.14,95.58,100
HSBC Value Fund (G),HSBC Mutual Fund,14988,08-01-2010,0.14,-3.27,-1.08,-5.39,-3.34,7.58,0.99,-1.49,13.34,13.94,17.98,14.33,,,,15.23,4,Equity: Value,109.5131,4.12,1.02,16.87,16.23,0.69,0.92,Venugopal Manghat,0,0,0,1000,500,41.41,17.49,37.55,2.46,18.32,"For units in excess of 10% of the investment, 1% will be charged for redemption within 365 days",96.45,3.55,0,0,0,,1.45,0,0,0,0,0,3.55,14.39,42.01,0.83,112.47,98.52
ICICI Pru 10 year Constant Maturity Gilt Fund Reg (G),ICICI Prudential Mutual Fund,2012,12-09-2014,-0.09,-0.81,-0.41,-1,-1.16,2.97,3.55,5.43,6.9,5.5,6.51,7.17,,,,8.16,0,Debt: Gilt Fund 10 yr duration,25.7376,0,0,7.09,2.99,0.47,0.66,Manish Banthia,10.02,7.12,6.94,1000,1000,0,0,0,0,0,0,0,100,0,0,0,,0.37,93.18,0,0,0,0,6.82,2.08,41.52,0.66,110.46,95.69
ICICI Pru Active Momentum Fund (G),ICICI Prudential Mutual Fund,2163,25-07-2025,-0.66,-2.93,0.38,-4.34,-2.22,9.85,5.9,,,,,,,,,4.77,0,Equity: Thematic,10.59,0,0,0,0,0,0,Manasvi Shah,0,0,0,1000,1000,47.36,28.18,20.82,5.25,37.37,1% for redemption within 1 month,96.36,3.64,0,0,0,,1.74,0,0,0,0,0,3.64,0,0,,0,0
ICICI Pru Aggressive Hybrid Active FOF (G),ICICI Prudential Mutual Fund,9431,18-12-2003,0,-2.63,-1.51,-4.57,-1.04,7.43,-1.73,-0.35,11.43,11.23,18.27,14.14,13.3,11.99,,14.17,0,Hybrid: Aggressive,218.6071,0,0,13.86,11.89,0.69,0.98,Dharmesh Kakkad,0,0,0,500,1000,46.97,14.22,17.86,0,0,1% for redemption within 365 days,79.06,20.94,0,0,0,,1.29,0,0,0,0,20.24,0.7,8.5,42.84,0.26,59.28,78.02
ICICI Pru Aggressive Hybrid Fund (G),ICICI Prudential Mutual Fund,52454,03-11-1999,0.05,-2.28,-0.57,-3.54,-2.67,4.75,-1.03,0.48,11.6,12.84,16.92,14.1,15.51,13.42,16.96,14.54,5,Hybrid: Aggressive,392.87,0,0,13.86,10.54,0.77,1.06,Nitya Mishra,6.67,3.53,7.3,1000,100,59.39,7.43,8.56,2.89,20.71,"For units in excess of 30% of the investment, 1% will be charged for redemption within 365 days",75.39,24.42,0,0,0.19,,1.23,7.86,1,5.01,6.53,0.64,3.33,8.41,42.61,1.55,87.49,89.8
ICICI Pru Arbitrage Fund Reg (G),ICICI Prudential Mutual Fund,34850,30-12-2006,0.27,0.06,0.25,0.55,1.53,2.89,6.14,6.4,6.71,6.14,5.6,5.72,6.65,,,6.83,4,Hybrid: Arbitrage,36.8715,0,0,6.56,0.53,1.64,2.04,Ajay Kumar Solanki,0.38,0.38,5.86,1000,1000,0,0,0,2.5,15.29,0.25% for redemption within 15 days,0,100,0,0,0,,0.79,0,0,0,10.18,15.21,1.76,0,0,-1.66,0,0
ICICI Pru Balanced Advantage Fund Reg (G),ICICI Prudential Mutual Fund,75399,30-12-2006,-0.03,-2.58,-1.02,-4.55,-1.13,6.28,2.1,3.35,9.72,9.47,11.11,10.27,12.2,,,10.75,5,Hybrid: Balanced Advantage,76.3,0,0,11.67,7.59,0.79,0.9,Rajat Chandak,6.59,3.41,7.17,100,100,53.95,9,4.08,4.09,27.3,"For units in excess of 30% of the investment, 1% will be charged for redemption within 1 year",67.04,32.69,0,0,0.27,,1.14,9.84,0.64,5.77,6.52,0.42,10.05,5.6,41.93,1.32,31.69,79.49
ICICI Pru Balanced Hybrid Fund (G),ICICI Prudential Mutual Fund,208,17-07-2026,-0.1,-1.68,0.2,-1.68,-0.4,,,,,,,,,,,-0.4,0,Hybrid: Balanced Hybrid,9.96,0,0,0,0,0,0,Akhil Kakkar,2.78,1.89,6.79,0,0,20.47,11.87,21.2,3.22,24.43,"For units in excess of 30% of the investment, 1% will be charged for redemption within 1 year",53.54,46.46,0,0,0,,1.5,4.76,0,10.77,22.6,0,8.33,,,,,
ICICI Pru Banking and Financial Services Fund Reg (G),ICICI Prudential Mutual Fund,11331,22-08-2008,0.15,-3.29,-1.44,-4.98,-4.91,7.61,-4.58,-0.82,7.96,8.01,10.24,10.68,14.85,,,14.99,2,Equity: Sectoral,125.54,-0.12,0.89,11.06,14.34,0.37,0.46,Antariksha Banerjee,0,0,0,1000,100,63.04,12.84,21.24,2.15,16.18,1% for redemption within 15 days,97.12,2.88,0,0,0,,1.48,1.19,0,0,0,0,1.69,11.42,44.5,-0.23,83,91.06
ICICI Pru Banking and PSU Debt Fund Reg (G),ICICI Prudential Mutual Fund,8667,01-01-2010,0.06,-0.19,0.1,0.12,0.35,3.08,5.03,6.43,6.8,6.18,6.63,6.78,7.78,,,7.74,4,Debt: Banking and PSU,34.8651,0,0,6.75,1.42,0.74,1.08,Manish Banthia,5.43,3.3,7.47,100,100,0,0,0,0,0,0,0,99.64,0,0,0.36,,0.62,11.81,0,0.92,82.85,0,4.06,0.67,25.14,-0.53,97.12,100
ICICI Pru BHARAT 22 FOF,ICICI Prudential Mutual Fund,2743,29-06-2018,-0.35,-3,-1.23,-3.37,-7.3,-3.58,-0.64,-4.54,12.92,19.11,17.59,,,,,15.17,0,Equity: Large Cap,32.1115,4.88,1.03,17.69,18.65,0.64,1.06,Ajay Kumar Solanki,0,0,0,1000,1000,91.22,7.92,0.83,0,0,0,99.97,0.03,0,0,0,,0.11,0,0,0,0,0,0.03,15.67,44.34,0.63,113,98.13
ICICI Pru Bharat Consumption Fund (G),ICICI Prudential Mutual Fund,3238,12-04-2019,-0.5,-3.61,-1.74,-5.86,-2.86,9.84,-7,-7.25,7.57,10.51,12.8,,,,,12.2,4,Equity: Thematic,23.77,-0.68,0.93,11.42,15.2,0.38,0.47,Priyanka Khandelwal,0,0,0,0,100,60.28,13.42,23.31,6.73,39.79,1% for redemption within 90 days,97.01,2.99,0,0,0,,1.66,0,0,0,0,0,2.99,10.18,42.95,-0.76,61.74,81.84
ICICI Pru BSE 500 E T F FOF Reg (G),ICICI Prudential Mutual Fund,56,01-12-2021,-0.58,-3.27,-1.51,-5.6,-3.74,7.86,-2.95,-4.84,8.05,,,,,,,8.55,0,Equity: Index,14.8668,-0.92,0.99,11.61,15.1,0.39,0.49,Ashwini Jemin Bharucha,0,0,0,500,0.01,67.71,21.16,11.12,0,0,"For units in excess of 10% of the investment, 1% will be charged for redemption within 365 days",99.98,0.02,0,0,0,,0.44,0,0,0,0,0,0.02,11.88,44.99,-1.29,84.92,91.53
ICICI Pru BSE Sensex Index Fund Reg (G),ICICI Prudential Mutual Fund,1840,21-09-2017,-0.07,-3.14,-2.07,-5.82,-5.03,1.39,-9.05,-6.52,4.13,5.04,10.28,,,,,10.44,2,Equity: Index,23.8873,-3.28,0.93,7.47,13.51,0.13,0.17,Ajay Kumar Solanki,0,0,0,100,100,99.98,0,0,3.24,22.08,0,99.98,0.02,0,0,0,,0.26,0,0,0,0,0,0.02,11.26,47.97,-1.52,97.53,100.63
ICICI Pru Business Cycle Fund Reg (G),ICICI Prudential Mutual Fund,15873,18-01-2021,0,-3.2,-1.02,-5.78,-5.93,4.3,-5.24,-1.57,12.58,12.95,,,,,,16.01,0,Equity: Thematic,23.31,4.01,0.89,15.82,14.05,0.72,0.91,Divya Jain,0,0,0,1000,100,70.82,13.82,7.11,3.27,24.44,1% for redemption within 30 days,88.85,8.25,0,2.9,0,,1.42,0.98,0,0,0,0,7.27,10.87,42.33,0.63,92.47,90.46
ICICI Pru Childrens Fund Reg,ICICI Prudential Mutual Fund,1436,31-08-2001,-0.03,-3.01,-1.3,-4.32,-3.28,7.48,-2.82,-1.72,10.95,10.38,12.63,10.55,12.79,11.43,15.01,14.84,4,Solution: Children Equity,315.65,0,0,13.42,14.64,0.53,0.73,Aatur Shah,0,0,0,1000,100,47.11,8.42,23.81,2.12,16.01,0,79.34,20.66,0,0,0,,1.82,3.27,0,6.9,2,0,8.49,11.77,43.42,0.78,128.66,103.59
ICICI Pru Commodities Fund Reg (G),ICICI Prudential Mutual Fund,4277,15-10-2019,0,-3.13,1.56,-4.06,0.2,10,6.91,3.15,13.82,13.35,24.33,,,,,24.33,0,Equity: Thematic,46.08,3.95,0.96,16.27,17,0.62,0.94,Lalit Kumar,0,0,0,0,100,43.34,29.27,25.35,2.6,20.87,1% for redemption within 90 days,89.85,2.04,0,8.11,0,,1.62,0,0,0,0,0,2.04,17.33,43.56,-0.02,121.32,102.81
ICICI Pru Conglomerate Fund Reg (G),ICICI Prudential Mutual Fund,817,24-10-2025,-0.1,-3.61,-0.7,-5.54,-1.5,11.26,,,,,,,,,,-1.2,0,Equity: Thematic,9.88,0,0,0,0,0,0,Sri Sharma,0,0,0,0,0,64.41,19.91,10.91,3.73,21.9,1% for redemption within 1 month,95.23,4.77,0,0,0,,2,0,0,0,0,0,4.77,,,,,
ICICI Pru Conservative Hybrid Fund (G),ICICI Prudential Mutual Fund,3329,30-03-2004,-0.01,-0.82,-0.12,-1.12,-0.8,3.27,2.17,4.02,7.75,7.28,8.6,8.43,9.63,9.06,,9.06,5,Hybrid: Conservative,78.2019,0,0,8.21,3.5,0.72,0.94,Akhil Kakkar,5.53,3.07,8.09,500,100,14.3,3.47,5.97,2.97,21.64,"For units in excess of 30% of the investment, 1% will be charged for redemption within 1 year",23.74,75.96,0,0,0.3,,1.43,15.82,9.5,33.87,13.52,0,3.25,2.53,38.54,1.28,123.16,91.27
ICICI Pru Corporate Bond Fund (G),ICICI Prudential Mutual Fund,29688,12-06-2009,0.06,-0.25,0.05,0.01,0.35,3.17,5.3,6.69,7.07,6.44,6.91,7.07,7.75,,,7,5,Debt: Corporate Bond,31.9111,0,0,7.04,1.33,1.01,1.53,Manish Banthia,5.46,3.35,7.49,100,100,0,0,0,0,0,0,0,99.67,0,0,0.33,,0.51,19.42,0,0.54,76.78,0,2.93,0.61,22.24,-0.31,179.31,74.3
ICICI Pru Credit Risk Fund Reg (G),ICICI Prudential Mutual Fund,6333,03-12-2010,0.04,-0.15,0.11,0.2,1.34,4.23,7.15,8.07,8.35,7.28,7.73,7.62,8.19,,,8.18,4,Debt: Credit Risk,34.8624,0,0,8.14,1.17,2.09,3.61,Akhil Kakkar,2.99,2.14,8.44,100,100,0,3.32,1.34,0,0,"For units in excess of 10% of the investment, 1% will be charged for redemption within 365 days",4.66,90.12,0,0,5.22,,1.22,10.4,22.01,45.4,8.59,0,8.57,0.72,29.01,0.7,180.52,71.53
ICICI Pru CRISIL-IBX AAA Bond Financial Services Index Dec 2026 Fund Reg (G),ICICI Prudential Mutual Fund,0,27-01-2025,0,0,0,0.29,1.35,3.02,0,,,,,,,,,7.98,0,Debt: Short Duration,10.6539,0,0,0,0,0,0,,0,0,0,500,0,0,0,0,0,0,,0,100,0,0,0,,0,0,0,0,97.48,0,2.52,0,0,-1.18,0,0
ICICI Pru CRISIL-IBX Financial Services 3-6 Months Debt Index Fund Reg (G),ICICI Prudential Mutual Fund,533,19-03-2025,0.04,0.08,0.23,0.45,1.63,3.74,6.8,,,,,,,,,6.9,0,Debt: Ultra Short Duration,11.0959,0,0,0,0,0,0,Darshil Dedhia,0.28,0.28,7.05,500,1000,0,0,0,0,0,0,0,100,0,0,0,,0.18,0,0,0,97.48,0,2.52,0,0,,0,0
ICICI Pru Diversified Debt Strategy Active FOF (G),ICICI Prudential Mutual Fund,106,18-12-2003,0.05,-0.32,0.09,-0.14,0.13,3.44,4.9,6.32,6.96,6.17,6.66,6.79,7.73,7.37,,7.09,4,Debt: Medium to Long Duration,47.7786,0,0,6.97,1.73,0.74,1,Manish Banthia,0,0,0,500,100,0,0,0,0,0,0.25% for redemption within 15 days,0,100,0,0,0,,0.55,0,0,0,0,98.96,1.04,0.93,30.25,-0.47,165.7,78.7
ICICI Pru Diversified Equity All Cap Active FoF (G),ICICI Prudential Mutual Fund,955,20-03-2026,0,-3.5,-0.94,-5.79,-2.8,5.04,,,,,,,,,,3.55,0,Equity: Flexi Cap,10.3553,0,0,0,0,0,0,Dharmesh Kakkad,0,0,0,0,0,46.34,24.19,26.54,0,0,1% for redemption within 1 year,97.07,2.93,0,0,0,,1.27,0,0,0,0,0,2.93,,,,,
ICICI Pru Diversified Equity All Cap Omni FOF (G),ICICI Prudential Mutual Fund,337,25-02-2020,0,-3.41,-1.26,-5.09,-2.48,9.81,-0.41,-1.7,12.86,12.6,,,,,,18.08,0,Equity: Flexi Cap,30.2028,4.03,0.91,16.03,14.1,0.73,0.95,Dharmesh Kakkad,0,0,0,500,100,48.97,21.27,28,0,0,1% for redemption within 365 days,98.24,1.76,0,0,0,,0.92,0,0,0,0,0,1.76,10.71,42.03,1.04,89.57,89.01
ICICI Pru Dividend Yield Fund Reg (G),ICICI Prudential Mutual Fund,6712,16-05-2014,0.08,-3.11,-1.54,-5.88,-6.07,2.26,-5.22,-4.24,12.06,13.72,17.86,13.74,,,,13.84,0,Equity: Dividend Yield,49.8,4.15,0.88,15.95,14.12,0.73,0.96,Mittul Kalawadia,0,0,0,1000,100,73.59,11.31,10.68,2.71,18.84,1% for redemption within 1 month,95.58,4.42,0,0,0,,1.55,0.33,0,0,0,0.31,3.78,11.16,41.87,0.62,93.53,91.02
ICICI Pru Dynamic Asset Allocation Active FOF (G),ICICI Prudential Mutual Fund,28661,18-12-2003,0,-2.29,-0.95,-3.72,-1.89,5.15,0.32,2.64,9,9.24,11.38,10.93,11.19,10.59,,11.4,0,Hybrid: Fof Domestic Dyn. Asset Alloc.,120.9827,0,0,10.57,7.24,0.67,0.81,Dharmesh Kakkad,7.94,3.99,7.44,500,1000,37.57,13.32,13.22,0,0,"For units in excess of 30% of the investment, 1% will be charged for redemption within 1 year",64.11,35.89,0,0,0,,1.19,0,0,0,0,34.3,1.59,5.02,42.27,0.14,84.17,100
ICICI Pru Dynamic Asset Allocation Passive FoF (G),ICICI Prudential Mutual Fund,,,-0.14,-1.96,-1.66,-1.66,,,,,,,,,,,,-1.66,,Hybrid: Multi Asset,9.8337,,,,,,,,,,,0,0,,,,,,,0,100,0,0,0,,,,,,,,,,,,,
ICICI Pru Dynamic Term Fund (G),ICICI Prudential Mutual Fund,13163,04-05-2009,0.05,-0.43,0.11,-0.32,-0.21,3.37,4.39,5.93,6.78,6.19,7.04,7.14,8.72,,,8.49,0,Debt: Dynamic Bond,39.0136,0,0,6.84,2.03,0.57,0.74,Manish Banthia,13.19,6.11,7.95,1000,100,0,0,0,0,0,0.25% for redemption within 30 days,0,99.67,0,0,0.33,,1.13,51.5,3.42,33.58,8.07,0,3.1,1.15,33.29,0.18,158.69,81.17
ICICI Pru ELSS Tax Saver Fund Reg (G),ICICI Prudential Mutual Fund,14286,19-08-1999,0.06,-2.75,-0.68,-5.15,-3.25,6.8,-3.77,-3.47,9.54,8.49,13.74,11.53,13.92,12.16,20.19,18.02,3,Equity: ELSS,897.03,0.59,0.88,12.37,13.89,0.48,0.65,Mittul Kalawadia,0,0,0,500,500,72.53,6.36,17.4,3.12,24.65,0,96.29,3.71,0,0,0,,1.46,0,0,0,0,0,3.71,10.74,44.78,-0.16,87.17,91.5
ICICI Pru Energy Opportunities Fund Reg (G),ICICI Prudential Mutual Fund,8276,22-07-2024,0,-2.6,-0.09,-2.69,-3.69,10.43,10.43,3.92,,,,,,,,5.39,0,Equity: Thematic,11.22,0,0,0,0,0,0,Nitya Mishra,0,0,0,1000,100,48.23,12.4,34.68,2.25,16.57,1% for redemption within 3 months,95.31,4.69,0,0,0,,1.52,1.25,0,0,0,0,3.41,0,0,,0,0
ICICI Pru Equity Minimum Variance Fund Reg (G),ICICI Prudential Mutual Fund,2672,06-12-2024,0.1,-2.82,-1.28,-4.94,-3.47,4.16,-4.12,,,,,,,,,0.05,0,Equity: Thematic,10.01,0,0,0,0,0,0,Aatur Shah,0,0,0,1000,100,87.24,1.17,0,2.55,17.67,1% for redemption within 1 month,88.41,11.59,0,0,0,,1.69,3.35,0,0,0,0,8.48,0,0,,0,0
ICICI Pru Equity Savings Fund (G),ICICI Prudential Mutual Fund,15795,05-12-2014,0,-0.64,-0.09,-0.47,0.52,2.57,2.11,3.78,6.15,6.69,7.3,7.21,,,,7.39,4,Hybrid: Equity Savings,23.19,0,0,6.39,2.83,0.24,0.3,Ajay Kumar Solanki,3.98,2.34,6.35,1000,100,18.58,0.83,0.24,2.74,20.14,"For units in excess of 10% of the investment, 0.25% will be charged for redemption within 7 days",19.65,79.74,0,0,0.61,,0.83,16.08,0,3.56,16.04,26.74,15.17,1.87,33.74,-0.18,173.7,83.42
ICICI Pru ESG Exclusionary Strategy Fund Reg (G),ICICI Prudential Mutual Fund,1356,09-10-2020,-0.1,-2.94,-0.68,-5.23,-2.8,6.01,-7.67,-6.09,9.49,8.19,,,,,,12.72,0,Equity: Thematic,20.46,1.48,0.97,12.44,14.61,0.46,0.69,Ayush Shah,0,0,0,1000,100,66.04,7.24,22.28,3.34,23.89,1% for redemption within 1 month,95.56,4.44,0,0,0,,1.84,0,0,0,0.06,0,3.41,10.87,42.28,0.14,80.97,89.12
ICICI Pru Exports and Services Fund Reg (G),ICICI Prudential Mutual Fund,1549,30-11-2005,-0.2,-3.75,-1.5,-5.91,-1.35,10.24,0.99,-1.12,12.79,12.33,16.89,13.06,17,13.9,,14.37,0,Equity: Thematic,163.57,4.42,0.84,15.89,13.09,0.78,1.16,Sri Sharma,0,0,0,1000,100,54.2,6.58,34.46,4.13,26.46,1% for redemption within 15 days,95.24,4.76,0,0,0,,1.81,0,0,0,0,0,4.76,10.34,43.28,1.16,87.46,88.1
ICICI Pru Flexi cap Fund Reg (G),ICICI Prudential Mutual Fund,25895,17-07-2021,0.2,-2.84,-0.45,-6.24,1.17,16.43,3.12,0.46,14.09,13.14,,,,,,14.06,4,Equity: Flexi Cap,19.84,5.09,0.97,17.45,15.45,0.76,0.89,Rajat Chandak,0,0,0,1000,100,59.89,12.09,24.6,5.08,33.81,1% for redemption within 1 month,96.58,3.42,0,0,0,,1.37,0.49,0,0,0,0,2.93,11.91,43.36,0.9,98.37,92.02
ICICI Pru Floating Interest Rates Fund (G),ICICI Prudential Mutual Fund,9119,17-11-2005,0.08,-0.09,0.11,0.21,0.82,2.99,5.93,6.8,7.05,6.34,6.75,6.86,7.6,7.59,,7.55,3,Debt: Floater,456.6698,0,0,7.02,0.94,1.41,3.27,Darshil Dedhia,2.69,1.96,7.43,100,100,0,0,0,0,0,0,0,99.61,0,0,0.39,,0.73,16.18,0,0,78.8,0,4.63,0.38,21.13,0.17,192.09,70.35
ICICI Pru FMCG Fund (G),ICICI Prudential Mutual Fund,1557,31-03-1999,-0.43,-3.59,-0.93,-3.52,-7.44,-1.8,-18.98,-16.5,-4.74,2.83,6.21,8.19,11.3,12.08,16.71,14.16,0,Equity: Thematic,382.78,-13.92,0.86,-2.3,15.45,-0.52,-0.68,Nitya Mishra,0,0,0,1000,100,67.92,16.65,11.4,7.02,33.79,1% for redemption within 15 days,95.98,4.02,0,0,0,,1.81,0,0,0,0,0,4.43,10.54,50.75,-0.59,14.24,74.73
ICICI Pru Focused Fund Reg (G),ICICI Prudential Mutual Fund,17949,28-05-2009,-0.02,-3.72,-1.68,-5.82,-3.1,8.88,-1.59,-0.89,14.44,12.92,17.67,13.64,14.22,,,13.52,5,Equity: Focused,90.26,4.9,0.95,17.13,14.92,0.77,0.97,Vaibhav Dusad,0,0,0,1000,100,61.07,33.11,2.67,3.55,18.37,1% for redemption within 365 days,96.85,3.15,0,0,0,,1.43,0.54,0,0,0.03,0,2.58,11.32,43.56,1,100.9,92.93
ICICI Pru Gilt Fund (G),ICICI Prudential Mutual Fund,7950,19-08-1999,-0.02,-0.79,-0.08,-1.03,-1.3,3.37,3.27,5.14,6.22,5.76,6.73,6.76,7.9,8.29,8.53,9.12,5,Debt: Gilt Fund,106.9343,0,0,6.6,2.9,0.31,0.38,Manish Banthia,21.3,9.66,7.53,5000,1000,0,0,0,0,0,0,0,100,0,0,0,,0.94,95.42,0,0,0,0,4.58,1.75,37.57,0.01,143.13,86.58
ICICI Pru Global Advantage Fund (FOF) Reg (G),ICICI Prudential Mutual Fund,405,07-10-2019,0,-1.03,-0.97,-3.82,1.32,12.64,12.77,15.24,19.66,9.71,11.72,,,,,11.72,0,Equity: Global,21.8243,0,0,19.43,14.1,0.97,1.28,Sharmila DSilva,0,0,0,0,100,0,0,97.83,0,0,1% for redemption within 30 days,9.78,2.17,0,88.05,0,,1.14,0,0,0,0,0,2.17,12.06,42.92,0.1,15.87,55.53
ICICI Pru Global Stable Equity Reg (G),ICICI Prudential Mutual Fund,94,13-09-2013,0,-1.14,-3.5,-3.89,4.65,6.31,13.16,10.98,13.14,10.12,11.06,9.69,,,,9.54,0,Equity: Global,32.84,0,0,13.25,10.06,0.75,1.38,Ritesh Lunawat,0,0,0,1000,1000,0,0,0,0,0,1% for redemption within 30 days,0,0.41,0,99.59,0,,1.18,0,0,0,0,0,100,9.83,42.92,0.01,-28.87,42.99
ICICI Pru Gold E T F FOF Reg (G),ICICI Prudential Mutual Fund,7149,11-10-2011,0.9,-2.44,-1.48,-4.33,4.8,0.3,25.96,37.89,34.84,24.67,20.02,14.8,10.56,,,10.56,3,Commodity: Gold,45.2658,-0.33,0.95,32.73,19.44,1.39,2.33,Ashwini Jemin Bharucha,0,0,0,100,100,0,0,0,0,0,1% for redemption within 15 days,0,0.04,99.96,0,0,,0.47,0,0,0,0,0,0.04,19.08,44.7,-0.53,69.26,81.19
ICICI Pru Healthcare Fund (G),ICICI Prudential Mutual Fund,6996,13-07-2018,-1.85,-2.91,0.21,-3.48,-1.56,15.73,8.89,4.23,20.21,14.79,23.96,,,,,19.2,4,Equity: Sectoral,42.38,0.21,0.96,21.94,16.12,1.01,1.45,Dharmesh Kakkad,0,0,0,1000,100,22.9,29.95,42.15,4.2,41.6,1% for redemption within 15 days,95,5,0,0,0,,1.54,0,0,0,0,0,5,11.33,43.5,0.11,60.02,71.08
ICICI Pru Housing Opp Fund (G),ICICI Prudential Mutual Fund,2728,18-04-2022,-0.06,-2.89,-0.42,-5.13,-4.69,6.26,-3.57,-3.4,9.04,,,,,,,11.84,0,Equity: Thematic,16.46,0.32,0.94,12.51,14.87,0.46,0.66,Sanket Gaidhani,0,0,0,1000,500,54.69,21.6,21.13,2.67,20.43,1% for redemption within 30 days,97.42,2.58,0,0,0,,1.69,0,0,0,0,0,2.58,12.41,41.87,0.36,91.83,93.64
ICICI Pru Income plus Arbitrage Omni FOF (G),ICICI Prudential Mutual Fund,3278,18-12-2003,0.09,-0.2,0.08,0.14,0.79,3.09,5.87,5.36,8.64,8.9,9.49,8.67,8.77,8.57,,8.57,0,Hybrid: Fof Domestic Income Plus Arbitrage,66.9632,0,0,8.85,2.75,1.15,2.34,Manish Banthia,0,0,0,500,1000,0,0,0,0,0,0,0,100,0,0,0,,0.22,0,0,0,0,97.14,2.86,1.67,31.22,0.26,89.59,100
ICICI Pru India Opportunities Fund (G),ICICI Prudential Mutual Fund,38338,15-01-2019,-0.17,-3.06,-1.37,-5.32,-3.71,3.69,-2.51,-1.97,11.45,14.56,19.76,,,,,17.31,0,Equity: Thematic,34.56,3.81,0.8,15.03,12.67,0.74,0.94,Divya Jain,0,0,0,0,100,70.41,16.67,9.41,2.91,17.64,1% for redemption within 365 days,96.49,3.51,0,0,0,,1.3,0.7,0,0,0,0,2.81,9.96,43.63,0.43,81.51,86.4
ICICI Pru Infrastructure Fund Reg (G),ICICI Prudential Mutual Fund,8558,31-08-2005,0.24,-2.99,-0.58,-4.11,-4.52,10.77,0.74,-1.9,15.67,19.25,21.73,16.76,14.6,13.23,,15.14,5,Equity: Sectoral,194.83,4.15,0.62,18.64,17.46,0.74,1.21,Sanket Gaidhani,0,0,0,1000,100,41.37,19.36,36,2.56,21.98,1% for redemption within 15 days,96.73,3.27,0,0,0,,1.52,0.51,0,0,0,0,2.76,14.4,42.33,0.28,109.49,95.52
ICICI Pru Innovation Fund Reg (G),ICICI Prudential Mutual Fund,8012,28-04-2023,-0.48,-4.26,-1.94,-6,-0.96,12.95,1.74,-0.08,16.41,,,,,,,19.96,0,Equity: Thematic,18.66,6.79,0.94,18.98,14.93,0.89,1.13,Vaibhav Dusad,0,0,0,1000,500,35.71,28.31,31.5,4.3,25.16,1% for redemption within 1 month,95.52,4.48,0,0,0,,1.53,0.62,0,0,0.03,0,3.83,10.71,39.43,1.35,84.98,84.6
ICICI Pru Large & Mid cap Fund Reg (G),ICICI Prudential Mutual Fund,33592,09-07-1998,0.01,-4.49,-1.27,-7.36,-2.24,7.29,-1.36,-1.47,12.97,13.1,17.58,14.04,15.1,13.06,18.21,17.65,5,Equity: Large & Mid Cap,986.12,5.09,0.92,16.74,14.17,0.78,0.92,Gaurav Jain,0,0,0,1000,100,46.57,44.92,6.55,3.61,23.69,1% for redemption within 30 days,98.04,1.96,0,0,0,,1.33,0.02,0,0,0,0,1.94,11.1,42.74,0.44,89.93,88.49
ICICI Pru Large Cap Fund Reg (G),ICICI Prudential Mutual Fund,80206,23-05-2008,-0.02,-3.09,-1.36,-5.72,-4.76,2.57,-6.66,-4.47,8.91,9.57,13.45,12.37,13.59,,,13.5,4,Equity: Large Cap,102.44,1.74,0.91,12.37,13.26,0.5,0.64,Sankaran Naren,0,0,0,100,100,84.03,11.16,0.07,3.06,20.23,1% for redemption within 1 month,95.26,4.74,0,0,0,,1.13,0.76,0,0,0.5,0,3.48,10.75,44.91,0.4,91.27,93.18
ICICI Pru Life Cycle Fund 2031 (G),ICICI Prudential Mutual Fund,,,-0.15,-1.91,-1.37,-1.37,,,,,,,,,,,,-1.37,,Hybrid: Multi Asset,9.8632,,,,,,,,,,,0,0,,,,,,,0,100,0,0,0,,,,,,,,,,,,,
ICICI Pru Life Cycle Fund 2036 (G),ICICI Prudential Mutual Fund,,,-0.26,-0.48,-0.3,-0.3,,,,,,,,,,,,-0.3,,Hybrid: Multi Asset,9.97,,,,,,,,,,,0,0,,,,,,,0,100,0,0,0,,,,,,,,,,,,,
ICICI Pru Life Cycle Fund 2041 (G),ICICI Prudential Mutual Fund,,,-0.05,-0.77,-0.59,-0.59,,,,,,,,,,,,-0.59,,Hybrid: Multi Asset,9.9412,,,,,,,,,,,0,0,,,,,,,0,100,0,0,0,,,,,,,,,,,,,
ICICI Pru Liquid Fund (G),ICICI Prudential Mutual Fund,61558,17-11-2005,0.02,0.08,0.21,0.47,1.51,3.36,6.34,6.56,6.82,6.25,5.6,6.02,6.98,7.1,,7.08,3,Debt: Liquid,416.9139,0,0,6.65,0.21,4.56,9.72,Darshil Dedhia,0.13,0.12,6.42,1,100,0,0,0,0,0,Exit load of 0.0070% if redeemed within 1 day. 0.0065% if redeemed within 2 days. 0.0060% if redeemed within 3 days. 0.0055% if redeemed within 4 days. 0.0050% if redeemed within 5 days. 0.0045% if redeemed within 6 days.,0,99.75,0,0,0.25,,0.25,17.07,0,0,77.65,0,5.03,0,0,3.57,0,0
ICICI Pru Long Term Fund (G),ICICI Prudential Mutual Fund,832,09-07-1998,0,-0.84,0.07,-0.96,-1.75,3.35,1.45,3.56,5.85,4.72,5.33,6.05,7.23,7.57,7.51,8.14,4,Debt: Long Duration,91.1809,0,0,6.05,4.05,0.09,0.1,Manish Banthia,28.38,11.21,7.7,1000,1000,0,0,0,0,0,0,0,99.59,0,0,0.41,,0.81,96.46,0,0,0.01,0,3.12,2.57,41.85,-0.29,117.63,95.81
ICICI Pru Manufacturing Fund Reg (G),ICICI Prudential Mutual Fund,7175,11-10-2018,-0.4,-2.79,0.35,-4.25,-1.21,14.21,6.21,1.34,17.37,17.22,20.52,,,,,17.94,0,Equity: Thematic,37.61,5.66,1.1,20.61,18.17,0.82,1.16,Roshan Chutkey,0,0,0,0,100,51.98,21.48,23.38,3.71,26.78,1% for redemption within 1 month,96.84,3.16,0,0,0,,1.54,0.14,0,0,0,0,3.02,13.93,41.46,0.1,110.5,94.22
ICICI Pru Medium Term Bond (G),ICICI Prudential Mutual Fund,5419,15-09-2004,0.04,-0.22,0.09,0.06,0.8,3.93,6.28,7.5,7.7,6.64,7.34,7.11,7.82,7.63,,7.43,1,Debt: Medium Duration,48.5861,0,0,7.55,1.44,1.29,2,Akhil Kakkar,5.98,3.35,8.18,1000,1000,0,3.62,1.23,0,0,"For units in excess of 10% of the investment, 1% will be charged for redemption within 365 days",4.85,90.27,0,0,4.88,,1.16,15.89,6.53,53.46,11.35,0,7.56,0.8,29.14,0.1,167.99,76.71
ICICI Pru Medium to Long Term Fund (G),ICICI Prudential Mutual Fund,2048,18-08-2008,0.03,-0.48,-0.02,-0.54,-0.62,3.12,3.84,5.32,6.59,5.73,6.45,6.51,7.67,,,8.23,4,Debt: Medium to Long Duration,42.0164,0,0,6.71,2.5,0.41,0.55,Manish Banthia,14.2,6.76,7.55,1000,1000,0,0,0,0,0,0,0,99.55,0,0,0.45,,0.85,55.62,0,0,35.67,0,8.26,1.49,37.15,-0.74,145.84,85.47
ICICI Pru Mid cap Fund (G),ICICI Prudential Mutual Fund,8403,28-10-2004,0.07,-4.71,-0.91,-7.19,-2.8,13.78,12.02,4.09,19.03,15.25,19.91,15.51,17.68,13.99,,17.25,4,Equity: Mid Cap,327.63,4.82,1.01,22.39,18.58,0.9,1.3,Lalit Kumar,0,0,0,1000,100,20.55,68.3,9.2,4.31,36.8,1% for redemption within 365 days,98.05,1.95,0,0,0,,1.52,0,0,0,0,0,1.95,15.6,42.74,1.01,124.15,98.38
ICICI Pru MNC Fund Reg (G),ICICI Prudential Mutual Fund,1808,17-06-2019,0,-1.97,0.03,-5.01,-1.84,11.67,4.37,-2.11,8.7,9.89,16.09,,,,,15.8,0,Equity: Thematic,29.37,0.23,0.83,11.65,13.48,0.44,0.51,Roshan Chutkey,0,0,0,0,100,44.69,23.21,29.24,5.27,26.59,1% for redemption within 1 month,96.37,2.86,0,0.77,0,,1.78,0,0,0,0,0,2.86,9.82,41.93,-0.7,54.53,78.13
ICICI Pru Money Market Fund Reg (G),ICICI Prudential Mutual Fund,36529,08-03-2006,0.04,0.08,0.23,0.51,1.6,3.52,6.36,7.05,7.24,6.58,6.22,6.58,7.35,7.11,,7.11,4,Debt: Money Market,410.7172,0,0,7.03,0.57,2.37,3.43,Manish Banthia,0.5,0.5,6.9,1,100,0,0,0,0,0,0,0,99.75,0,0,0.25,,0.28,13.35,0,0,86.64,0,-0.24,0.14,5.8,2,96.05,100
ICICI Pru Multi Asset Active FoF (G),ICICI Prudential Mutual Fund,2390,17-07-2026,0,-2.08,-0.62,-2.99,-1.27,,,,,,,,,,,-1.27,0,Hybrid: Multi Asset,9.8735,0,0,0,0,0,0,Akhil Kakkar,0,0,0,0,0,0,0,49.11,0,0,"For units in excess of 30% of the investment, 1% will be charged for redemption within 1 year",49.11,41.06,4.65,0,5.18,,1.17,0,0,0,0,38.03,8.21,,,,,
ICICI Pru Multi Asset Allocation Fund (G),ICICI Prudential Mutual Fund,87833,31-10-2002,0,-2.62,-1.25,-4.37,-2.08,3.52,1.09,3.85,12.56,13.94,16.84,14.34,15.03,14.11,,19.99,5,Hybrid: Multi Asset,783.3842,0,0,14.44,8.54,1.02,1.15,Akhil Kakkar,4.66,2.49,6.9,1000,100,49.14,13.41,7.07,2.78,17.73,"For units in excess of 30% of the investment, 1% will be charged for redemption within 365 days",69.43,20.1,10.07,0.18,0.22,,1.06,4.8,0.28,3.51,4.11,0.24,7.38,6.82,40.57,0.25,33.63,65.95
ICICI Pru Multi cap Fund Reg (G),ICICI Prudential Mutual Fund,19538,01-10-1994,0.02,-4.13,-0.5,-6.07,-2.97,15.03,5.85,-0.32,13.73,13.2,16.43,13.4,15.17,12.88,19.27,14.77,4,Equity: Multi Cap,822.23,5.72,0.92,17.05,15.68,0.72,1.01,Lalit Kumar,0,0,0,1000,100,37.61,29.9,30.42,3.84,28.73,1% for redemption within 1 month,97.93,2.07,0,0,0,,1.42,0,0,0,0,0,2.07,11.83,41.52,0.61,94.96,90.54
ICICI Pru Multi Sector Passive FOF (G),ICICI Prudential Mutual Fund,256,18-12-2003,0.1,-2.62,-1.33,-4.37,-2.4,8.45,1.61,-0.74,10.9,10.3,13.84,12.02,11.86,11.27,,12.81,0,Equity: Large & Mid Cap,162.9787,2.02,0.9,13.93,13.93,0.59,0.76,Dharmesh Kakkad,0,0,0,500,1000,59.05,31.45,6.86,0,0,1% for redemption within 15 days,97.36,2.64,0,0,0,,0.4,0,0,0,0,0,2.64,9.7,42.88,-0.18,82.12,87.82
ICICI Pru NASDAQ 100 Index Fund Reg (G),ICICI Prudential Mutual Fund,3581,18-10-2021,0,-0.13,4.9,3.55,1.5,33.57,32.13,31.06,32.94,0,,,,,,20.08,0,Equity: Global,24.7456,0,0,27.53,17.88,1.22,2.09,Sharmila DSilva,0,0,0,0,0,0,0,0,8.33,27.15,0,0,0.12,0,99.88,0,,0.9,0,0,0,0,0,100,17.25,42.62,0.41,-13.19,35.09
ICICI Pru Nifty 100 Low Vol 30 E T F FOF Reg (G),ICICI Prudential Mutual Fund,1241,12-04-2021,-0.92,-3.47,-2.9,-6.86,-4.89,1.53,-6.17,-6.55,7.67,6.82,,,,,,9.98,0,Equity: Index,16.8242,-0.05,0.82,11.3,13.92,0.4,0.52,Ashwini Jemin Bharucha,0,0,0,1000,100,94.7,5.26,0,0,0,0,99.96,0.04,0,0,0,,0.49,0,0,0,0,0,0.04,9.22,48.24,-1.14,60.67,81.2
ICICI Pru Nifty 200 Momentum 30 Index Fund Reg (G),ICICI Prudential Mutual Fund,568,05-08-2022,-0.02,-3.72,-0.72,-5.85,-4.46,8.86,-1.78,-11.95,7.72,,,,,,,11.13,0,Equity: Index,15.6576,-1.06,1.2,12.9,19.81,0.36,0.47,Ashwini Jemin Bharucha,0,0,0,5000,100,66.21,33.69,0,4.53,22.35,0,99.9,0.1,0,0,0,,0.86,0,0,0,0,0,0.1,17.39,44.17,-5.97,135.21,113.15
ICICI Pru Nifty 200 Quality 30 Index Fund Reg (G),ICICI Prudential Mutual Fund,26,09-06-2025,0.12,-3.26,-2.66,-7.96,-2.99,4.41,-6.29,,,,,,,,,-6.21,0,Equity: Index,9.1638,0,0,0,0,0,0,Ashwini Jemin Bharucha,0,0,0,0,0,72.59,25.05,2.32,7.63,24.12,0,99.96,0.04,0,0,0,,0.71,0,0,0,0,0,0.04,0,0,,0,0
ICICI Pru Nifty 50 Index Fund Reg (G),ICICI Prudential Mutual Fund,17254,26-02-2002,-0.42,-3.54,-2.18,-6.07,-5.02,1.88,-7.47,-5.68,5.6,5.9,10.88,10.74,11.23,10.34,,13.65,3,Equity: Index,229.2825,-1.7,0.94,9.12,13.58,0.25,0.33,Ajay Kumar Solanki,0,0,0,100,100,98.6,1.34,0,3.1,20.1,0,99.94,0.06,0,0,0,,0.35,0,0,0,0,0,0.06,11.27,47.76,-8.69,99.76,100.02
ICICI Pru Nifty 500 Index Fund Reg (G),ICICI Prudential Mutual Fund,105,20-12-2024,-0.15,-3.85,-1.93,-6,-4.05,7.44,-3.21,,,,,,,,,-0.72,0,Equity: Index,9.8705,0,0,0,0,0,0,Ashwini Jemin Bharucha,0,0,0,100,100,67.66,21.18,11.14,3.38,22.18,0,99.98,0.02,0,0,0,,0.72,0,0,0,0,0,0.02,0,0,,0,0
ICICI Pru Nifty Alpha Low Vol 30 E T F FOF (G),ICICI Prudential Mutual Fund,797,20-09-2021,-1.1,-3.79,-1.89,-6.19,-3.56,5.8,-2.9,-10.02,8.12,7.28,,,,,,6.86,0,Equity: Index,13.9648,-0.13,1.02,12.6,16.77,0.41,0.5,Ashwini Jemin Bharucha,0,0,0,0,0,84.27,15.69,0,0,0,0,99.96,0.04,0,0,0,,0.46,0,0,0,0,0,0.04,11,44.44,-0.16,75.29,86.76
ICICI Pru Nifty Auto Index Fund Reg (G),ICICI Prudential Mutual Fund,253,11-10-2022,0.46,-3.2,-1.77,-8.9,-0.36,10.98,-0.85,-1.35,17.43,,,,,,,20.25,0,Equity: Index,20.805,-0.3,1,22.39,19.74,0.85,0.88,Ashwini Jemin Bharucha,0,0,0,1000,1000,74.35,24.08,1.56,4.9,16.74,0,99.99,0.01,0,0,0,,0.76,0,0,0,0,0,0.01,15.94,46.88,-0.22,129.55,101.37
ICICI Pru Nifty Bank Index Fund (G),ICICI Prudential Mutual Fund,794,02-03-2022,0.68,-3.41,-2.12,-5.9,-5.07,8.89,-0.18,1.43,6.95,,,,,,,9.75,0,Equity: Index,15.3167,-1.42,1.03,10.58,16.52,0.3,0.35,Ajay Kumar Solanki,0,0,0,5000,1000,74.5,25.4,0,1.71,13.22,0,99.9,0.1,0,0,0,,0.64,0,0,0,0,0,0.1,13.69,47.56,-5.75,102.06,100.35
ICICI Pru Nifty EV & New Age Automotive E T F FoF (G),ICICI Prudential Mutual Fund,53,17-04-2025,0.22,-3.03,-1.77,-8.19,-1.45,16.24,-0.34,,,,,,,,,10.03,0,Equity: Thematic,11.5522,0,0,0,0,0,0,Ashwini Jemin Bharucha,0,0,0,1000,1000,43.93,32.41,23.63,0,0,0,99.97,0.03,0,0,0,,0.5,0,0,0,0,0,0.03,0,0,,0,0
ICICI Pru Nifty G-Sec Dec 2030 Index Fund Reg (G),ICICI Prudential Mutual Fund,814,11-10-2022,-0.06,-0.36,-0.07,-0.71,-0.09,3.2,3.83,6.05,7.21,,,,,,,7.39,0,Debt: Long Duration,13.2751,0,0,7.28,2.27,0.7,0.85,Darshil Dedhia,4.22,3.57,6.55,500,1000,0,0,0,0,0,0,0,100,0,0,0,,0.32,97.18,0,0,0,0,2.82,1.46,35.03,0.54,147.52,83.81
ICICI Pru Nifty IT Index Fund Reg (G),ICICI Prudential Mutual Fund,468,18-08-2022,0.12,-2.23,-6.29,-11.22,5.39,-4.27,-16.63,-17.63,-3.3,,,,,,,-0.91,0,Equity: Index,9.6302,1.58,1.04,4.28,24.82,-0.06,-0.08,Ajay Kumar Solanki,0,0,0,1000,1000,80.44,19.53,0,5.44,19,0,99.97,0.03,0,0,0,,0.75,0,0,0,0,0,0.03,18.65,51.22,-7.36,94.18,104.06
ICICI Pru Nifty LargeMidcap 250 Index Fund Reg (G),ICICI Prudential Mutual Fund,302,13-03-2024,-0.1,-4.13,-2.09,-6.57,-4.29,8.25,-1.16,-3.46,,,,,,,,6.33,0,Equity: Index,11.6951,0,0,0,0,0,0,Ashwini Jemin Bharucha,0,0,0,100,100,53.29,44.55,2.16,3.36,21.23,0,100,0,0,0,0,,0.64,0,0,0,0,0,0,0,0,,0,0
ICICI Pru Nifty Midcap 150 Index Fund (G),ICICI Prudential Mutual Fund,1328,22-12-2021,0.06,-4.67,-2.25,-7.16,-4.01,12.32,3.55,-1.42,12.46,,,,,,,14.3,3,Equity: Index,18.9282,-0.62,1,16.86,17.89,0.62,0.81,Ajay Kumar Solanki,0,0,0,100,100,11.59,84.09,4.26,4.01,25.07,0,99.94,0.06,0,0,0,,0.86,0,0,0,0,0,0.06,15.46,41.73,-11.66,114.44,99.82
ICICI Pru Nifty Next 50 Index Fund Reg (G),ICICI Prudential Mutual Fund,10117,25-06-2010,0.41,-3.8,-0.82,-5.51,-2.5,15.52,2.84,-4.9,15.63,10.5,14.06,11.82,13.85,,,11.75,4,Equity: Index,61.3025,6.28,1.29,18.94,20.02,0.66,0.86,Ajay Kumar Solanki,0,0,0,100,100,86.73,13.11,0,3.34,20.08,0,99.84,0.16,0,0,0,,0.59,0,0,0,0,0,0.16,16.54,40.84,-5.52,126.66,103.06
ICICI Pru Nifty Pharma Index Fund Reg (G),ICICI Prudential Mutual Fund,157,14-12-2022,-1.84,-2.65,0.92,-2.82,4.36,18.66,22.58,6.12,18.96,,,,,,,20.2,0,Equity: Index,19.9836,-1.03,0.94,20.4,15.94,0.92,1.64,Ashwini Jemin Bharucha,0,0,0,1000,1000,47.81,45.01,7.12,5.36,41.41,0,99.94,0.06,0,0,0,,0.89,0,0,0,0,0,0.06,12.41,44.99,0.01,53.36,69.96
ICICI Pru Nifty Private Bank Index Fund (G),ICICI Prudential Mutual Fund,54,17-07-2025,0.95,-2.44,-1.41,-4.74,-4.35,10.52,0.4,,,,,,,,,-3.75,0,Equity: Sectoral,9.5343,0,0,0,0,0,0,Ashwini Jemin Bharucha,0,0,0,1000,1000,80.47,16.93,2.58,2.04,16.92,0,99.98,0.02,0,0,0,,0.77,0,0,0,0,0,0.02,0,0,,0,0
ICICI Pru Nifty PSU Bond Plus SDL Sep 2027 40:60 Index Fund (G),ICICI Prudential Mutual Fund,7969,28-09-2021,-0.01,0,0.13,0.35,1.35,3.09,5.69,6.8,7.28,5.86,,,,,,5.86,0,Debt: Medium Duration,13.2998,0,0,7.09,1.04,1.35,2.45,Darshil Dedhia,1.03,0.98,6.67,500,500,0,0,0,0,0,0,0,100,0,0,0,,0.32,58.4,0,0,38.69,0,2.91,0.44,22.48,-0.23,189.46,71
ICICI Pru Nifty SDL Dec 2028 Index Fund Reg (G),ICICI Prudential Mutual Fund,909,12-10-2022,0.09,-0.14,-0.05,0.07,0.62,2.31,5.09,6.36,7.23,,,,,,,7.47,0,Debt: Medium to Long Duration,13.3092,0,0,7.14,1.97,0.73,1.04,Darshil Dedhia,2.27,2.08,6.81,500,1000,0,0,0,0,0,0,0,100,0,0,0,,0.3,96.9,0,0,0,0,3.1,1.06,34.9,-0.22,181.9,73.23
ICICI Pru Nifty SDL Sep 2026 Index Fund Reg (G),ICICI Prudential Mutual Fund,220,21-12-2022,0.01,0.09,0.19,0.42,1.28,2.71,5.47,6.43,6.96,,,,,,,6.88,0,Debt: Medium to Long Duration,12.859,0,0,6.75,0.61,1.75,3.58,Darshil Dedhia,0.1,0.09,5.35,500,500,0,0,0,0,0,0,0,100,0,0,0,,0.34,95.46,0,0,0,0,4.54,0.21,13.66,-0.35,197.71,69.17
ICICI Pru Nifty SDL Sep 2027 Index Fund (G),ICICI Prudential Mutual Fund,1448,24-03-2022,-0.04,-0.02,0.08,0.27,1.36,2.94,5.83,6.83,7.39,,,,,,,6.39,0,Debt: Medium to Long Duration,13.2286,0,0,7.21,1.09,1.4,2.35,Darshil Dedhia,1,0.96,6.24,500,100,0,0,0,0,0,0,0,100,0,0,0,,0.27,97.95,0,0,0,0,2.05,0.56,26.62,-0.14,189.49,70.75
ICICI Pru Nifty Smallcap 250 Index Fund Reg (G),ICICI Prudential Mutual Fund,789,02-11-2021,0.2,-3.45,-0.66,-3.26,0.37,24.22,6.03,-2.2,12.62,,,,,,,12.37,3,Equity: Small Cap,17.7335,0.49,1,16.16,21.68,0.48,0.73,Ajay Kumar Solanki,0,0,0,0,0,2.55,1.95,93.03,3.52,32.66,0,97.53,2.47,0,0,0,,0.76,0,0,0,0,0,2.47,17.53,41.19,-6.7,111.04,99.33
ICICI Pru Nifty Top 15 Equal Weight Index Fund (G),ICICI Prudential Mutual Fund,31,26-06-2025,0.1,-3.01,-2.69,-7,-5.88,-0.03,-11.66,,,,,,,,,-9.98,0,Equity: Index,8.7168,0,0,0,0,0,0,Ashwini Jemin Bharucha,0,0,0,1000,1000,99.96,0,0,2.88,19.66,0,99.96,0.04,0,0,0,,0.76,0,0,0,0,0,0.04,0,0,,0,0
ICICI Pru Nifty200 Value 30 Index Fund Reg (G),ICICI Prudential Mutual Fund,190,18-10-2024,0.05,-3.81,-1.73,-4.61,-6.33,0.65,6.83,0,,,,,,,,1.8,0,Equity: Index,10.3532,0,0,0,0,0,0,Ashwini Jemin Bharucha,0,0,0,100,100,80.55,17.88,1.19,1.37,8.57,0,99.62,0.38,0,0,0,,0.74,0,0,0,0,0,0.38,0,0,,0,0
ICICI Pru Nifty50 Equal Weight Index Fund Reg (G),ICICI Prudential Mutual Fund,268,03-10-2022,-0.76,-3.86,-2.11,-6.34,-4.47,4.69,-2.19,-3.75,9.33,,,,,,,12.06,4,Equity: Index,15.7592,2.38,0.98,13.4,14.5,0.53,0.66,Ashwini Jemin Bharucha,0,0,0,5000,1000,96.36,3.62,0,3.1,20.1,0,99.98,0.02,0,0,0,,0.85,0,0,0,0,0,0.02,11.56,45.8,-9.46,103.89,97.87
ICICI Pru Nifty50 Value 20 Index Fund Reg (G),ICICI Prudential Mutual Fund,99,05-02-2024,-0.22,-3.14,-2.52,-5.82,-5.86,-3.53,-10.21,-11.31,,,,,,,,-2.23,0,Equity: Index,9.4165,0,0,0,0,0,0,Ashwini Jemin Bharucha,0,0,0,100,100,99.94,0,0,2.15,13.92,0,99.94,0.06,0,0,0,,0.54,0,0,0,0,0,0.06,0,0,,0,0
ICICI Pru Overnight Fund (G),ICICI Prudential Mutual Fund,14368,15-11-2018,0.01,0.1,0.2,0.39,1.25,2.55,5.19,5.61,5.98,5.64,4.98,,,,,5.09,4,Debt: Overnight,1479.0482,0,0,5.87,0.2,0.9,1.87,Darshil Dedhia,0.01,0,5.3,0,500,0,0,0,0,0,0,0,100,0,0,0,,0.13,3.95,0,0,0,0,96.05,0,0,-0.79,0,0
ICICI Pru Passive Multi Asset FoF (G),ICICI Prudential Mutual Fund,1502,14-01-2022,0,-1.66,-1.35,-2.93,-0.45,5.64,4.95,7.61,12.4,,,,,,,11.02,0,Hybrid: Multi Asset,16.3607,0,0,13.02,6.8,1.08,1.22,Manish Banthia,0,0,0,1000,1000,17.67,0,52.94,0,0,1% for redemption within 365 days,43.35,29.39,0,27.26,0,,0.49,0,0,0,0,27.97,1.42,5.36,40.54,0.78,-0.57,53.88
ICICI Pru PSU Equity Fund Reg (G),ICICI Prudential Mutual Fund,1850,12-09-2022,0,-3,-0.9,-4.02,-3.49,3.24,1.55,-2.56,17.3,,,,,,,20.14,0,Equity: Thematic,21.03,0.33,0.83,22.1,20.05,0.82,1.4,Antariksha Banerjee,0,0,0,1000,1000,70.31,15.5,10.51,1.58,10.74,1% for redemption within 30 days,96.32,3.68,0,0,0,,1.77,0,0,0,0,0,4.31,16.82,42.82,-0.27,115.71,95.42
ICICI Pru Quality Fund Reg (G),ICICI Prudential Mutual Fund,2144,23-05-2025,-0.19,-3.3,-1.16,-5.44,-0.1,10.44,2.29,,,,,,,,,1.84,0,Equity: Thematic,10.26,0,0,0,0,0,0,Masoomi Jhurmarvala,0,0,0,1000,100,56.56,14.26,23.17,5.03,30.77,1% for redemption within 1 month,93.99,6.01,0,0,0,,1.74,0,0,0,0,0,6.01,0,0,,0,0
ICICI Pru Quant Fund Reg (G),ICICI Prudential Mutual Fund,169,11-12-2020,-0.09,-2.89,-0.45,-3.99,-0.49,7.47,-1.34,-2.71,9.94,9.17,,,,,,14.68,0,Equity: Thematic,22.15,1.36,0.84,12.83,13.3,0.54,0.7,Roshan Chutkey,0,0,0,1000,100,61.84,28.7,5.38,3.42,21.7,1% for redemption within 90 days,95.92,4.08,0,0,0,,2.08,0,0,0,0,0,4.08,10.64,42.55,0.07,81.32,88.46
ICICI Pru Retirement Fund Hybrid Aggressive Plan (G),ICICI Prudential Mutual Fund,1320,27-02-2019,-0.15,-3.04,-1.09,-5.24,-2.73,9.66,4.71,2.95,15.13,12.9,14.93,,,,,14.04,5,Solution: Retirement Hybrid,27.12,0,0,17.32,13.56,0.86,1.12,Darshil Dedhia,6.07,2.71,6.99,0,100,43.32,20.26,19.84,4.05,26.11,0,83.42,16.58,0,0,0,,1.85,3.78,0,3.68,2.68,0,6.44,12.23,39.02,1.5,141.46,103.13
ICICI Pru Retirement Fund Hybrid Conservative Plan (G),ICICI Prudential Mutual Fund,98,27-02-2019,0,-1.3,-0.5,-1.79,-0.75,3.55,3.72,4.36,8.27,7.32,8.16,,,,,8.06,4,Solution: Retirement Debt,18.0898,0,0,9.02,4.43,0.75,0.91,Darshil Dedhia,8.96,4.59,7.03,0,100,15.87,4.56,3.37,4.07,23.23,0,23.8,76.2,0,0,0,,1.84,35.06,0,7.71,21.2,0,12.23,3.87,40,1.29,70.95,102.04
ICICI Pru Retirement Fund Pure Debt Plan (G),ICICI Prudential Mutual Fund,80,27-02-2019,0,-0.38,0,-0.15,-0.22,2.49,3.16,4.68,5.49,4.86,5.61,,,,,6.03,0,Solution: Retirement Debt,15.6537,0,0,5.59,1.63,-0.06,-0.08,Darshil Dedhia,10.14,4.34,7.5,0,100,0,0,0,0,0,0,0,100,0,0,0,,1.84,40.17,0,31.21,25.13,0,3.49,0.94,31.86,-0.36,246.75,67.6
ICICI Pru Retirement Fund Pure Equity Plan (G),ICICI Prudential Mutual Fund,2158,27-02-2019,-0.15,-3.73,-0.94,-4.68,-2.43,10.43,4.74,3.11,17.23,16.58,18.74,,,,,17.25,5,Solution: Retirement Equity,33.78,6.64,1.02,19.39,16.13,0.85,1.21,Darshil Dedhia,0,0,0,0,100,50.75,24.23,20.86,4.23,29.9,0,95.84,4.16,0,0,0,,1.74,0,0,0,0,0,4.16,14.51,40.24,1.51,184.72,114.26
ICICI Pru Rural Opp Fund Reg (G),ICICI Prudential Mutual Fund,2047,28-01-2025,-0.39,-3.74,-2.09,-6.11,-4.81,2.49,-9.25,,,,,,,,,1.73,0,Equity: Thematic,10.3,0,0,0,0,0,0,Priyanka Khandelwal,0,0,0,1000,100,73.48,15.53,8.28,3.5,20.77,1% for redemption within 1 month,97.29,2.71,0,0,0,,1.75,0,0,0,0,0,2.71,0,0,,0,0
ICICI Pru Short Term Fund (G),ICICI Prudential Mutual Fund,19403,25-10-2001,0.06,-0.18,0.1,0.12,0.54,3.1,5.35,6.68,7.07,6.41,6.9,6.97,7.79,8.02,,7.75,5,Debt: Short Duration,64.411,0,0,6.99,1.21,1.07,1.73,Manish Banthia,4.51,2.9,7.73,1000,1000,0,0,0,0,0,0,0,99.67,0,0,0.33,,0.89,17.15,0,20.42,58.79,0,3.31,0.56,24.31,0.87,96.25,100
ICICI Pru SILVER E T F FoF (G),ICICI Prudential Mutual Fund,6514,01-02-2022,0.2,-4.88,-2.28,-6.17,-1.67,-3.14,51.89,52.65,42.55,,,,,,,29.02,0,Commodity: Silver,32.8138,2.81,0.83,43.05,36.97,1.01,2.15,Ashwini Jemin Bharucha,0,0,0,100,100,0,0,0,0,0,1% for redemption within 15 days,0,0.04,0,0,99.96,,0.56,0,0,0,0,0,100,36.09,44.64,-0.38,76.36,80.88
ICICI Pru Small cap Fund Reg (G),ICICI Prudential Mutual Fund,9821,18-10-2007,0.09,-1.43,1.53,-1.31,1.95,21.99,4.91,-0.97,10.3,12.69,20.46,14.87,16.12,,,12.34,3,Equity: Small Cap,90.82,-1.49,0.79,12.13,17.72,0.36,0.51,Aatur Shah,0,0,0,1000,100,2.55,1.95,93.03,2.99,25.72,1% for redemption within 365 days,97.53,2.47,0,0,0,,1.5,0,0,0,0,0,2.47,12.81,41.25,-0.75,70.22,85.03
ICICI Pru Strategic Metal and Energy Equity FoF Reg (G),ICICI Prudential Mutual Fund,328,02-02-2022,0,-2.2,-7.34,-6.63,19.53,2.71,46.64,44.69,33.32,,,,,,,27.65,0,Equity: Global,31.1794,0,0,33.14,22.46,1.22,2.48,Sharmila DSilva,0,0,0,500,500,0,0,0,0,0,1% for redemption within 365 days,0,0.41,0,99.59,0,,0.85,0,0,0,0,0,100,19.94,44.48,0.72,-36.19,21.39
ICICI Pru Technology Fund (G),ICICI Prudential Mutual Fund,13661,03-03-2000,0,-3.87,-5.02,-8.37,4.55,5.15,-10.72,-10.71,3.69,1.5,16.12,16.04,17.26,14.6,19.14,11.17,0,Equity: Sectoral,169.4,5.97,0.83,9.27,20.24,0.18,0.25,Vaibhav Dusad,0,0,0,1000,100,46.4,21.63,29.06,4.3,26.24,1% for redemption within 15 days,91.28,2.91,0,5.81,0,,1.46,0,0,0,0,0,2.91,13.91,48.71,0.54,88.81,96.24
ICICI Pru Transportation and Logistics Fund Reg (G),ICICI Prudential Mutual Fund,4119,28-10-2022,-0.28,-2.88,-0.23,-5.73,4.66,21.18,6.05,4.01,20,,,,,,,21.63,0,Equity: Thematic,21.57,2.29,0.87,22.8,17.7,0.97,0.99,Priyanka Khandelwal,0,0,0,1000,100,66.59,11.76,17.61,6.08,28.88,1% for redemption within 30 days,95.96,4.04,0,0,0,,1.63,0,0,0,0,0,4.04,14.33,44.44,0.37,113.85,93.77
ICICI Pru Ultra Short Term Fund Reg (G),ICICI Prudential Mutual Fund,15974,03-05-2011,0.04,0.07,0.23,0.49,1.49,3.31,6.23,6.8,6.97,6.32,6.19,6.62,7.4,,,7.34,4,Debt: Ultra Short Duration,29.9085,0,0,6.78,0.44,2.45,3.68,Manish Banthia,0.53,0.47,7.22,1000,1000,0,0,0,0,0,0,0,99.69,0,0,0.31,,0.68,8.31,0,17.7,67.2,0,6.48,0.1,5.25,1.93,96.98,100
ICICI Pru Ultra Short to Short Term Fund (G),ICICI Prudential Mutual Fund,21047,27-09-2002,0.05,0.01,0.17,0.39,1.34,3.29,6.2,7.06,7.26,6.53,6.67,6.97,7.77,7.74,,7.66,5,Debt: Low Duration,587.6289,0,0,7.12,0.65,2.18,3.36,Darshil Dedhia,1.34,0.98,7.36,100,100,0,0,0,0,0,0,0,99.59,0,0,0.41,,0.48,11.21,0,14.23,68.64,0,5.51,0.19,8.43,1.84,95.75,100
ICICI Pru US Bluechip Equity Fund Reg (G),ICICI Prudential Mutual Fund,4071,06-07-2012,0,-0.93,-2.27,-6.17,5.99,11.7,15.22,10.29,15.7,11.99,15.28,15.22,,,,15.45,0,Equity: Global,77.91,0,0,16.11,14,0.74,1.26,Nitya Mishra,0,0,0,1000,100,0,0,0,4.8,23.12,1% for redemption within 30 days,0,4.99,0,95.01,0,,1.63,0,0,0,0,0,100,12.88,45.85,-0.22,-45.93,31.92
ICICI Pru Value Fund (G),ICICI Prudential Mutual Fund,60075,16-08-2004,-0.26,-2.85,-1.58,-5.39,-4.95,-0.09,-6.68,-4.1,9.83,12.21,17.69,13.34,16.72,15.06,,18.59,5,Equity: Value,435.81,2.07,0.79,13.23,12.76,0.59,0.81,Dharmesh Kakkad,0,0,0,1000,100,83.07,5.82,7.76,2.58,15.37,1% for redemption within 365 days,96.65,3.35,0,0,0,,1.19,0.68,0,0,0,0,2.67,9.53,44.23,0.04,76.8,86.07
Infinity SIF Hybrid Long Short Fund Reg (G),Infinity SIF Mutual Fund,1771.57,06-07-2026,0.09,-0.37,0.38,0.13,3.4,,,,,,,,,,,3.4,0,SIF: Hybrid LS,10.34,0,0,0,0,0,0,Mr. Kalpesh Jain,0,0,0,0,0,2.01,0.09,0.03,0,0,Nil,2.13,97.53,0,0,0.34,,1.4,7.36,0,13.88,37.04,6.87,53.25,,,,,
Invesco India Aggressive Hybrid Fund (G),Invesco Mutual Fund,716,30-06-2018,-0.06,-2.37,-1.17,-3.78,-2.44,5.71,-7.5,-5.24,8.45,7.32,9.84,,,,,9.1,2,Hybrid: Aggressive,20.6175,0,0,10.51,12.57,0.38,0.47,Amey Sathe,1.78,1.6,7.16,1000,500,44.41,10.36,16.01,3.68,26.69,"For units in excess of 10% of the investment, 1% will be charged for redemption within 365 days",70.78,29.22,0,0,0,,1.97,4.1,0,5.37,10.47,8.35,0.93,9.49,44.04,0.37,86.87,93.72
Invesco India Arbitrage Fund (G),Invesco Mutual Fund,26904,30-04-2007,0.34,0.02,0.22,0.35,1.49,2.88,6.14,6.36,6.72,6.34,5.72,5.76,6.47,,,6.55,4,Hybrid: Arbitrage,34.2964,0,0,6.64,0.48,1.96,2.45,Deepak Gupta,0.28,0.28,6.32,1000,500,0,0,0,2.31,16.05,0.5% for redemption within 15 days,0,100,0,0,0,,0.91,0.16,0,0,7.15,17.03,3.09,0,0,-1.37,0,0
Invesco India Balanced Advantage Fund (G),Invesco Mutual Fund,773,04-10-2007,0.06,-1.71,-0.62,-2.95,-1.4,4.27,-3.46,-2.22,6.9,6.67,8.27,8.23,10.45,,,8.98,3,Hybrid: Balanced Advantage,51.28,0,0,8.77,9.13,0.34,0.43,Amey Sathe,1.79,1.52,6.7,1000,500,51.94,3.13,3.22,3.19,25.4,"For units in excess of 10% of the investment, 0.25% will be charged for redemption within 90 days",58.29,41.71,0,0,0,,1.8,5.29,0,0,7.39,26.31,2.37,7.22,44.37,0.24,70.62,92.26
Invesco India Banking and PSU Debt Fund (G),Invesco Mutual Fund,82,29-12-2012,0.05,-0.18,0.02,0.03,0.35,3.05,4.51,5.88,6.73,5.22,5.78,6.2,,,,6.54,2,Debt: Banking and PSU,2398.2158,0,0,6.67,1.75,0.56,0.93,Krishna Venkat Cheemalapati,3.49,2.67,6.98,1000,500,0,0,0,0,0,0,0,99.4,0,0,0.6,,0.54,12.1,0,0,71.51,0,15.79,0.8,30.66,-0.72,97.41,100
Invesco India BSE Sensex Index Fund (G),Invesco Mutual Fund,21,13-05-2026,-0.07,-3.15,-2.09,-6.08,-5.35,,,,,,,,,,,-5.19,0,Equity: Index,9.4814,0,0,0,0,0,0,Abhisek Bahinipati,0,0,0,0,0,99.54,0,0,3.32,22.76,0,99.54,0.46,0,0,0,,0.58,0,0,0,0,0,0.46,,,,,
Invesco India Business Cycle Fund (G),Invesco Mutual Fund,1383,27-02-2025,-0.07,-4.17,-1.22,-4.83,-1.85,26.26,11.38,,,,,,,,,21.61,0,Equity: Thematic,13.8,0,0,0,0,0,0,Aditya Khemani,0,0,0,1000,1000,41.59,25.88,27.15,4,38.64,0.5% for redemption within 3 months,94.62,5.38,0,0,0,,1.83,0,0,0,0,0,5.38,0,0,,0,0
Invesco India Consumption Fund (G),Invesco Mutual Fund,600,27-10-2025,-0.37,-3.5,0.28,-1.92,3.97,27.4,,,,,,,,,,7.4,0,Equity: Thematic,10.74,0,0,0,0,0,0,Manish Poddar,0,0,0,0,0,36.59,13.14,49.87,8.31,57.75,0.5% for redemption within 3 months,99.6,0.4,0,0,0,,2.07,0,0,0,0,0,0.4,,,,,
Invesco India Contra Fund (G),Invesco Mutual Fund,20637,11-04-2007,-0.22,-3.92,-1.98,-7.02,-2.44,10.4,-2.81,-4.46,11.83,10.92,15.55,13.96,15.51,,,14.01,3,Equity: Contra,128.66,3.02,1.01,15.72,15.9,0.63,0.79,Taher Badshah,0,0,0,1000,100,54.92,22.01,22.09,3.42,28.03,"For units in excess of 10% of the investment, 1% will be charged for redemption within 365 days",99.03,0.97,0,0,0,,1.41,0,0,0,0,0,0.33,13.02,42.33,0.71,108.59,97.74
Invesco India Corporate Bond Fund Reg (G),Invesco Mutual Fund,4099,02-08-2007,0.04,-0.25,-0.02,-0.09,0.05,2.81,4.17,5.9,6.68,5.69,6.21,6.01,6.99,,,6.52,3,Debt: Corporate Bond,3357.2455,0,0,6.67,1.75,0.56,0.86,Krishna Venkat Cheemalapati,4.9,3.71,7.29,1000,500,0,0,0,0,0,0,0,99.49,0,0,0.51,,0.58,24.04,0,0,67.39,0,8.06,0.8,29.42,-0.76,171.36,77.59
Invesco India Credit Risk Fund Reg (G),Invesco Mutual Fund,167,04-09-2014,-0.02,-0.28,-0.04,-0.08,0.45,4.29,6.49,7.72,8.21,7.11,6.76,5.41,,,,6.25,5,Debt: Credit Risk,2079.8635,0,0,8.1,1.96,1.23,3.02,Krishna Venkat Cheemalapati,4.22,3.14,7.5,1000,500,0,0,0.05,0,0,1% for redemption within 1 year,0.05,99.2,0,0,0.75,,1.24,35.42,3.6,47.63,0,0,13.01,0.61,28.97,0.62,169.88,74.93
Invesco India ELSS Tax Saver Fund (G),Invesco Mutual Fund,2763,29-12-2006,-0.37,-4.28,-1.93,-5.62,-0.12,16.76,-1.75,-3.9,10.25,7.98,13.25,12.1,14.18,,,13.49,2,Equity: ELSS,121.76,0.88,1.03,13.7,16.48,0.49,0.62,Depesh Kashyap,0,0,0,500,500,40.81,23.33,35.37,4.42,34.18,0,99.51,0.49,0,0,0,,1.69,0,0,0,0,0,0.49,12.98,42.06,0.14,97.58,95.05
Invesco India Equity Savings Fund (G),Invesco Mutual Fund,254,07-03-2019,0,-0.87,-0.54,-1.77,0.05,4.48,-1.64,-0.64,6.69,5.64,6.95,,,,,6.82,1,Hybrid: Equity Savings,16.5397,0,0,7.4,6.27,0.27,0.36,Amey Sathe,1.87,1.58,6.52,0,1000,21.59,4.31,2.52,2.8,22.44,0.25% for redemption within 1 month,28.42,71.58,0,0,0,,2.07,20.66,0,10.69,0,26.5,3.42,4.51,41.33,0.2,50.11,109.97
Invesco India ESG Integration Strategy Fund Reg (G),Invesco Mutual Fund,394,20-03-2021,-0.31,-3.78,-2.1,-6.53,-0.79,13.42,-4.06,-6.51,6.76,4.75,,,,,,9.24,0,Equity: Thematic,16.31,-0.66,1.01,10.49,15.45,0.31,0.4,Taher Badshah,0,0,0,1000,500,75.76,5.67,17.59,4.48,31.34,"For units in excess of 10% of the investment, 1% will be charged for redemption within 365 days",99.02,0.98,0,0,0,,2.1,0,0,0,0,0,0.98,12.32,43.9,-0.22,96.95,97.92
Invesco India Financial Services Fund Reg (G),Invesco Mutual Fund,1897,14-07-2008,0.38,-4.33,-2.61,-7.44,-6.27,8.85,3.52,3.32,14.35,11.65,13.34,13.46,14.63,,,15.83,5,Equity: Sectoral,138.38,7.05,0.91,18.31,15.2,0.83,1.06,Hiten Jain,0,0,0,1000,500,54.91,16.88,26.19,2.48,18.73,"For units in excess of 10% of the investment, 1% will be charged for redemption within 365 days",97.98,2.02,0,0,0,,1.77,0,0,0,0,0,2.02,14.03,44.1,0.83,114.49,97.66
Invesco India Flexi Cap Fund Reg (G),Invesco Mutual Fund,5713,14-02-2022,0.05,-4.36,-2.05,-6.66,-2.51,18.29,-0.9,-1.13,14.81,,,,,,,14.39,4,Equity: Flexi Cap,18.63,5.38,1.05,18.35,17.31,0.73,0.85,Fatema Pacha,0,0,0,1000,500,44.44,25.89,26.95,6.25,40.98,"For units in excess of 10% of the investment, 1% will be charged for redemption within 365 days",97.28,1.88,0,0,0.84,,1.58,0,0,0,0,0,2.72,13.32,40.65,0.82,111.07,96.67
Invesco India Focused Fund Reg (G),Invesco Mutual Fund,6465,29-09-2020,0.39,-3.11,-0.7,-6.31,0.96,23.91,3.17,-0.73,18.36,13,,,,,,18.95,4,Equity: Focused,28.35,8.64,1.03,21.44,17.63,0.89,1.28,Hiten Jain,0,0,0,1000,100,47.18,25.45,24.06,5.34,36.14,"For units in excess of 10% of the investment, 1% will be charged for redemption within 365 days",96.69,3.31,0,0,0,,1.56,0,0,0,0,0,3.31,13.54,41.87,1.05,107.52,92.25
Invesco India Gilt Fund Reg (G),Invesco Mutual Fund,111,09-02-2008,-0.11,-0.93,-0.35,-0.89,-1.92,3.75,1.97,2.57,5.63,4.78,4.76,5.3,6.36,,,5.81,3,Debt: Gilt Fund,2873.4322,0,0,5.85,4.58,0.04,0.05,Krishna Venkat Cheemalapati,16.97,9.22,7.15,1000,500,0,0,0,0,0,0,0,100,0,0,0,,1.06,93.31,0,0,0,0,6.69,2.9,44.34,-0.31,95.29,103.23
Invesco India Gold E T F FOF (G),Invesco Mutual Fund,511,05-12-2011,1.23,-1.71,-0.66,-3.62,5.62,1.46,27.59,37.49,34.47,24.72,19.63,15.32,,,,10,3,Commodity: Gold,41.3227,0.77,0.9,32.16,18.34,1.44,2.31,Abhisek Bahinipati,0,0,0,1000,500,0,0,0,0,0,1% for redemption within 15 days,0,2.68,97.32,0,0,,0.47,0,0,0,0,0,2.68,20.14,45.18,-0.53,63.83,77.96
Invesco India Income Plus Arbitrage Active FoF (G),Invesco Mutual Fund,188,21-07-2025,0.14,-0.18,0.07,0.09,0.55,2.85,5.04,,,,,,,,,4.62,0,Hybrid: Fof Domestic Income Plus Arbitrage,1057.891,0,0,0,0,0,0,Vikas Garg,0,0,0,1000,1000,0,0,0,0,0,0,0,100,0,0,0,,0.37,0,0,0,0,99.17,0.9,0,0,,0,0
Invesco India Infrastructure Fund (G),Invesco Mutual Fund,1547,21-11-2007,0.37,-2.16,0.92,-3.97,-5.48,22.62,5.41,-2.09,16.62,16.75,21.5,17.08,15.64,,,10.49,3,Equity: Sectoral,65.71,3.77,0.78,20.65,23.43,0.64,0.95,Sagar Gandhi,0,0,0,1000,500,25.56,12.06,58.34,5.5,46.93,"For units in excess of 10% of the investment, 1% will be charged for redemption within 365 days",95.96,4.04,0,0,0,,1.81,0,0,0,0,0,4.04,17.68,42.06,0.3,119.83,99.14
Invesco India Invesco EQQQ NASDAQ-100 E T F FoF Reg (G),Invesco Mutual Fund,469,21-04-2022,0.75,0.46,5.38,4.92,2.63,33.1,33.84,31.89,33.21,,,,,,,26.44,0,Equity: Global,27.1475,0,0,27.68,19.26,1.14,2.15,Abhisek Bahinipati,0,0,0,1000,1000,0,0,0,0,0,0,0,0.37,0,99.63,0,,0.59,0,0,0,0,0,100,16.04,41.03,0.78,5.03,44.01
Invesco India Invesco Global Consumer Trends FoF Reg (G),Invesco Mutual Fund,505,24-12-2020,1.52,-2.26,2.76,2.07,-11.29,16.81,-6.78,23.06,23.22,3.91,,,,,,3.78,0,Equity: Global,12.387,0,0,22.1,28.39,0.58,0.97,Sagar Gandhi,0,0,0,1000,500,0,0,0,0,0,"For units in excess of 10% of the investment, 1% will be charged for redemption within 365 days",0,3.12,0,96.88,0,,1.25,0,0,0,0,0,100,26.3,44.78,0.21,61.07,74.3
Invesco India Invesco Global Equity Income FoF Reg (G),Invesco Mutual Fund,308,05-05-2014,-0.72,-1.43,-2.02,-5.03,0.02,15.1,16.77,17.91,22.18,16.63,16.27,13.59,,,,11.11,0,Equity: Global,36.9068,0,0,21.69,14.24,1.12,1.88,Sagar Gandhi,0,0,0,1000,500,0,0,0,0,0,"For units in excess of 10% of the investment, 1% will be charged for redemption within 365 days",0,3.61,0,96.39,0,,1.12,0,0,0,0,0,100,11.95,45.22,0.65,20.94,55.65
Invesco India Invesco Pan European Equity FoF Reg (G),Invesco Mutual Fund,227,31-01-2014,-0.74,-0.99,-1.23,-3.56,1.61,17.36,29.64,23.4,20.65,15.16,14.49,11.84,,,,7.97,0,Equity: Global,26.4199,0,0,20.12,14.71,0.98,1.44,Sagar Gandhi,0,0,0,1000,500,0,0,0,0,0,"For units in excess of 10% of the investment, 1% will be charged for redemption within 365 days",0,3.28,0,96.72,0,,0.72,0,0,0,0,0,100,14.06,44.03,0.9,26.46,59.53
Invesco India Large & Mid cap Fund (G),Invesco Mutual Fund,12423,09-08-2007,-0.32,-4.85,-1.58,-5.66,-2.5,21.77,6.41,3.72,20.08,14.96,17.21,15.48,15.75,,,13.1,5,Equity: Large & Mid Cap,105.54,9.55,1.12,22.45,18.34,0.91,1.13,Aditya Khemani,0,0,0,1000,100,39.52,34.32,26.02,5.3,45.31,"For units in excess of 10% of the investment, 1% will be charged for redemption within 365 days",99.86,0.14,0,0,0,,1.47,0,0,0,0,0,0.14,14.12,42.61,1.11,115.9,94.76
Invesco India Largecap Fund (G),Invesco Mutual Fund,2023,21-08-2009,-0.22,-4.06,-2.11,-6.94,-2.77,12.35,0.13,-1.78,11.41,9.07,13.42,11.7,12.88,,,11.87,4,Equity: Large Cap,68.68,3.52,1.05,14.92,15.57,0.59,0.74,Hiten Jain,0,0,0,1000,500,80.05,10.11,9.22,4.33,29.2,0,99.38,0.62,0,0,0,,1.76,0,0,0,0,0,0.62,12.4,44.1,0.92,107.01,97.77
Invesco India Liquid Fund (G),Invesco Mutual Fund,20748,17-11-2006,0.02,0.08,0.22,0.49,1.54,3.4,6.41,6.61,6.86,6.29,5.6,6.01,6.98,,,7.05,4,Debt: Liquid,3873.7663,0,0,6.68,0.21,4.75,11.86,Krishna Venkat Cheemalapati,0.12,0.12,6.32,1000,500,0,0,0,0,0,Exit load of 0.0070% if redeemed within 1 day. 0.0065% if redeemed within 2 days. 0.0060% if redeemed within 3 days. 0.0055% if redeemed within 4 days. 0.0050% if redeemed within 5 days. 0.0045% if redeemed within 6 days.,0,99.78,0,0,0.22,,0.19,18.37,0,0,80.71,0,0.7,0,0,3.68,0,0
Invesco India Liquid Fund Reg (G)(Susp),Invesco Mutual Fund,20748,17-11-2006,0.02,0.07,0.2,0.45,1.42,3.17,5.89,6.07,6.31,5.73,5.05,5.44,6.22,,,6.34,0,Debt: Liquid,3409.0095,0,0,6.16,0.21,2.25,5.25,Krishna Venkat Cheemalapati,0.12,0.12,6.32,1000,1000,0,0,0,0,0,Exit load of 0.0070% if redeemed within 1 day. 0.0065% if redeemed within 2 days. 0.0060% if redeemed within 3 days. 0.0055% if redeemed within 4 days. 0.0050% if redeemed within 5 days. 0.0045% if redeemed within 6 days.,0,99.78,0,0,0.22,,0.13,18.37,0,0,80.71,0,0.7,0,0,1.04,0,0
Invesco India Manufacturing Fund Reg (G),Invesco Mutual Fund,757,14-08-2024,-0.17,-2.45,1.31,-3.59,4.9,27.31,13.78,4.38,,,,,,,,7.05,0,Equity: Thematic,11.56,0,0,0,0,0,0,Nikhil Kale,0,0,0,1000,500,42.32,12.15,43.54,6.35,43.34,0.5% for redemption within 3 months,98.01,1.99,0,0,0,,2.03,0,0,0,0,0,1.99,0,0,,0,0
Invesco India Medium Term Fund Reg (G),Invesco Mutual Fund,165,16-07-2021,-0.02,-0.42,-0.17,-0.36,-0.02,2.75,3.72,5.26,6.23,5.05,,,,,,5.12,2,Debt: Medium Duration,1296.9991,0,0,6.29,1.81,0.33,0.5,Krishna Venkat Cheemalapati,4.78,3.66,7.09,0,0,0,0,0,0,0,0,0,99.46,0,0,0.54,,0.99,45.71,0,7.41,40.15,0,6.19,0.9,35.31,-1.34,163.86,80.73
Invesco India Mid cap Fund (G),Invesco Mutual Fund,15927,19-04-2007,-0.54,-5.29,-1.75,-6.24,-2.71,21.32,7.15,4.93,20.71,17.15,21.98,17.35,18.95,,,16.33,4,Equity: Mid Cap,189.82,4.72,1.03,23.42,19.52,0.91,1.12,Aditya Khemani,0,0,0,1000,1000,15.08,60.16,22.87,4.95,48.31,"For units in excess of 10% of the investment, 1% will be charged for redemption within 365 days",98.11,1.89,0,0,0,,1.44,0,0,0,0,0,1.89,14.62,41.79,0.82,110.71,91.82
Invesco India Money Market Fund (G),Invesco Mutual Fund,6607,28-08-2009,0.04,0.08,0.23,0.49,1.55,3.47,6.2,6.81,7,6.2,5.85,6.23,7.25,,,7.19,2,Debt: Money Market,3289.4122,0,0,6.8,0.55,2,3.04,Krishna Venkat Cheemalapati,0.51,0.51,6.83,1000,500,0,0,0,0,0,0,0,99.74,0,0,0.26,,0.36,15.01,0,0,83.36,0,1.37,0.13,6.35,1.59,96.9,100
Invesco India Multi Asset Allocation Fund Reg (G),Invesco Mutual Fund,1016,17-12-2024,0,-2.34,-1.47,-4.05,-1.15,4.41,7.86,,,,,,,,,10.81,0,Hybrid: Multi Asset,12.08,0,0,0,0,0,0,Amey Sathe,0,0,0,1000,1000,44.94,7.09,6.72,3.17,21.79,"For units in excess of 10% of the investment, 1% will be charged for redemption within 1 year",46.89,19.43,13.66,11.86,8.16,,1.42,5.97,0,2.82,5.24,3.85,9.71,0,0,,0,0
Invesco India Multicap Fund (G),Invesco Mutual Fund,4529,17-03-2008,-0.05,-4.78,-2.09,-5.62,-1.35,17.65,-0.41,-4.19,10.69,9.76,15.38,12.42,15.84,,,14.66,2,Equity: Multi Cap,126.69,1.55,0.99,14.51,17.28,0.51,0.62,Manish Poddar,0,0,0,1000,100,36.06,28.56,34.07,4.89,41.66,"For units in excess of 10% of the investment, 1% will be charged for redemption within 365 days",98.69,1.31,0,0,0,,1.62,0,0,0,0,0,1.31,13.86,43.96,0.01,103.69,97.03
Invesco India Nifty Bank Index Fund (G),Invesco Mutual Fund,34,13-05-2026,0.7,-3.34,-2.06,-5.83,-5.01,,,,,,,,,,,0.8,0,Equity: Index,10.0797,0,0,0,0,0,0,Abhisek Bahinipati,0,0,0,0,0,74.2,25.3,0,1.71,13.23,0,99.5,0.5,0,0,0,,0.66,0,0,0,0,0,0.5,,,,,
Invesco India Nifty G-sec Jul 2027 Index Fund Reg (G),Invesco Mutual Fund,81,20-03-2023,0.01,0.02,0.14,0.23,1.03,2.58,5.24,6.56,7.18,,,,,,,7.13,0,Debt: Medium Duration,1274.4193,0,0,7,0.92,1.42,2.9,Gaurav Jakhotia,0.84,0.82,5.83,1000,1000,0,0,0,0,0,0.25% for redemption within 30 days,0,100,0,0,0,,0.24,97.58,0,0,0,0,2.42,0.51,25.38,-0.27,183.08,73.18
Invesco India Nifty G-sec Sep 2032 Index Fund Reg (G),Invesco Mutual Fund,53,29-03-2023,0.02,-0.54,-0.42,-1.08,-0.58,3.06,3.74,5.71,7.21,,,,,,,7.25,0,Debt: Medium Duration,1278.8642,0,0,7.41,2.83,0.61,0.74,Gaurav Jakhotia,5.64,4.7,6.66,1000,1000,0,0,0,0,0,0.25% for redemption within 30 days,0,100,0,0,0,,0.24,97.5,0,0,0,0,2.5,1.69,37.93,-0.03,133.51,87.9
Invesco India Overnight Fund (G),Invesco Mutual Fund,343,08-01-2020,0.01,0.1,0.2,0.39,1.26,2.56,5.2,5.62,6,5.66,,,,,,5.02,4,Debt: Overnight,1390.5623,0,0,5.89,0.2,1,2.09,Krishna Venkat Cheemalapati,0.01,0.01,5.26,0,100,0,0,0,0,0,0,0,100,0,0,0,,0.1,4.07,0,0,0,0,95.93,0,0,-0.61,0,0
Invesco India Pharma And Healthcare Fund (G),Invesco Mutual Fund,,,-2.74,-5.05,-3.13,-4.2,,,,,,,,,,,,-4.2,,Equity: Sectoral,9.58,,,,,,,,,,,0,0,,,,,,,99.33,0.67,0,0,0,,,,,,,,,,,,,
Invesco India PSU Equity Fund (G),Invesco Mutual Fund,1445,18-11-2009,0.5,-3.35,-0.03,-5.38,-5.33,3.09,-2.86,-4.04,16.09,17.89,19.59,14.69,12.96,,,11.3,0,Equity: Thematic,61.78,-2.64,0.96,22.19,23.67,0.7,1.13,Hiten Jain,0,0,0,1000,500,50.31,20.92,28.04,2.56,19.44,"For units in excess of 10% of the investment, 1% will be charged for redemption within 365 days",99.27,0.73,0,0,0,,1.82,0,0,0,0,0,0.73,20.72,42.88,-0.24,143.13,107.73
Invesco India Short Term Fund (G),Invesco Mutual Fund,575,24-03-2007,0.06,-0.16,0.05,0.12,0.25,2.54,4.2,5.91,6.63,5.48,5.82,6.05,6.96,,,7.03,3,Debt: Short Duration,3771.6231,0,0,6.54,1.43,0.59,1.05,Gaurav Jakhotia,3.29,2.78,7.09,1000,500,0,0,0,0,0,0,0,99.41,0,0,0.59,,0.89,14.61,0,12.66,67.39,0,4.75,0.63,27.76,0.42,97.89,100
Invesco India Smallcap Fund Reg (G),Invesco Mutual Fund,15799,30-10-2018,-0.38,-3.84,-0.95,-3.78,0.71,27.51,14.42,4.91,20.27,17.76,24.42,,,,,21.35,5,Equity: Small Cap,46.81,7,0.86,22.16,19.55,0.84,1.05,Taher Badshah,0,0,0,0,500,13.17,14.01,68.07,4.48,42.64,"For units in excess of 10% of the investment, 1% will be charged for redemption within 365 days",95.25,4.75,0,0,0,,1.44,0,0,0,0,0,4.75,15.76,41.06,0.71,107.05,91.56
Invesco India Technology Fund Reg (G),Invesco Mutual Fund,342,23-09-2024,-0.11,-4.13,-3.53,-7.75,4.15,17.02,-0.54,-3.43,,,,,,,,-3.63,0,Equity: Sectoral,9.28,0,0,0,0,0,0,Aditya Khemani,0,0,0,1000,500,33.7,40.62,25.46,6.26,35.65,0.5% for redemption within 3 months,99.78,0.22,0,0,0,,2.1,0,0,0,0,0,0.22,0,0,,0,0
Invesco India Ultra Short Term Fund (G),Invesco Mutual Fund,1497,30-12-2010,0.04,0.08,0.22,0.48,1.5,3.44,6.16,6.67,6.87,6.09,5.63,6.18,6.95,,,6.98,3,Debt: Ultra Short Duration,2907.4721,0,0,6.68,0.47,2.11,3.53,Krishna Venkat Cheemalapati,0.44,0.43,7.03,1000,500,0,0,0,0,0,0,0,99.72,0,0,0.28,,0.67,10.52,1.34,12.39,72.09,0,3.38,0.08,4.7,1.6,97.34,100
Invesco India Ultra Short to Short Term Fund (G),Invesco Mutual Fund,1833,18-01-2007,0.04,0,0.17,0.42,1.22,3.16,5.68,6.61,6.86,6.11,6.05,6.44,7.29,0,,7.37,4,Debt: Low Duration,4065.1314,0,0,6.69,0.63,1.6,2.32,Krishna Venkat Cheemalapati,1.06,1,7.14,1000,500,0,0,0,0,0,0,0,99.72,0,0,0.28,,0.54,12.78,0,11.59,68.71,0,6.64,0.19,9.12,1.24,97.3,100
ISIF Active Asset Allocator Long Short Fund (G),ICICI Prudential SIF Mutual Fund,983.93,05-06-2026,0,-1.39,-0.06,-1.51,1.85,,,,,,,,,,,2.6,0,SIF: Hybrid LS,10.2602,0,0,0,0,0,0,Sharmila Dsilva,0,0,0,0,0,15.58,2,4.72,0,0,1% of applicable Net Asset Value - If the amount sought to be redeemed or switched out within 12 months from allotment. NIL - If the amount sought to be redeemed after 12 months,22.3,76.92,0,0,0.78,,1.64,26.59,0,18.03,13.42,0,44.98,,,,,
ISIF Equity Ex-Top 100 Long-Short Fund (G),ICICI Prudential SIF Mutual Fund,2475.27,16-01-2026,-0.2,-2.79,-0.2,-2.7,0.6,12.11,,,,,,,,,,0.9,0,SIF: Equity LS,10.09,0,0,0,0,0,0,Sankaran Naren,0,0,0,0,0,9.03,34.58,24.54,0,0,1% of applicable Net Asset Value - If the amount sought to be rede emed or switched out within 12 months from allotment.NIL - If the amount sought to be redeemed or switched out after 12 months.,68.16,31.84,0,0,0,,1.71,12.41,0,0,0,0,24.8,,,,,
ISIF Equity Long Short Fund (G),ICICI Prudential SIF Mutual Fund,599.34,05-06-2026,-0.19,-2.59,-0.28,-3.13,3.64,,,,,,,,,,,5.4,0,SIF: Equity LS,10.54,0,0,0,0,0,0,Mittul Kalawadia,0,0,0,0,0,29.2,13.56,41.41,0,0,1% of applicable Net Asset Value - If the amount sought to be redeemed or switched out within 12 months from allotment. NIL - If the amount sought to be redeemed after 12 months,84.16,15.84,0,0,0,,2.03,4.48,0,0,0,0,45.11,,,,,
ISIF Hybrid Long-Short Fund (G),ICICI Prudential SIF Mutual Fund,1323.11,16-01-2026,0.1,-2.22,-0.16,-3.42,1.53,11.99,,,,,,,,,,3.15,0,SIF: Hybrid LS,10.315,0,0,0,0,0,0,Rajat Chandak,0,0,0,0,0,46.66,4.58,16.99,0,0,1% of applicable Net Asset Value - If the amount sought to be redeemed or switched out within 12 months from allotment. NIL - If the amount sought to be redeemed after 12 months,68.23,31.77,0,0,0,,1.83,7.31,0,8.02,10.34,0,13.7,,,,,
ITI Arbitrage Fund (G),ITI Mutual Fund,71,09-09-2019,0.29,0.15,0.31,0.63,1.39,2.29,5.71,6.12,6.49,5.41,4.74,,,,,4.71,5,Hybrid: Arbitrage,13.8755,0,0,6.3,0.53,1.13,1.3,Animesh Singh,0,0,0,0,500,0,0,0,2.39,19.79,"For units in excess of 10% of the investment, 0.25% will be charged for redemption within 15 days",0,100,0,0,0,,0.82,0,0,0,0,15.17,0,0.67,33.47,-1.91,98.2,100
ITI Balanced Advantage Fund (G),ITI Mutual Fund,354,31-12-2019,-0.39,-3.33,-0.94,-2.65,-0.73,4.01,-1.42,-1.45,6.83,5.64,,,,,,5.23,2,Hybrid: Balanced Advantage,14.1128,0,0,8.77,8.08,0.38,0.48,Animesh Singh,0.28,0.27,5.44,0,1000,37.51,17.54,18.73,3.2,25.9,"For units in excess of 10% of the investment, 0.5% will be charged for redemption within 3 months",73.78,26.22,0,0,0,,2.1,4.37,0,0,15.82,0,6.03,8.25,43.9,0.18,69.42,92.24
ITI Banking and Financial Services Fund Reg (G),ITI Mutual Fund,386,06-12-2021,0.43,-4.21,-2.29,-6.75,-5.3,9.5,2.39,3.26,8.36,,,,,,,8.98,3,Equity: Sectoral,15.1369,0.5,0.99,12.49,15.85,0.43,0.54,Animesh Singh,0,0,0,1000,500,61.96,11.04,22.24,2.16,18.33,0.5% for redemption within 3 months,95.24,4.76,0,0,0,,2.1,0,0,0,0,0,4.76,14.19,43.5,0.1,111.27,102.36
ITI Banking and PSU Debt Fund Reg (G),ITI Mutual Fund,34,22-10-2020,0.03,-0.1,0.03,0.15,0.65,2.41,4.3,5.76,6.39,5.74,,,,,,5.54,3,Debt: Banking and PSU,13.7758,0,0,6.31,1.06,0.58,1.09,Laukik Bagwe,3.53,2.13,7.01,1000,500,0,0,0,0,0,0,0,99.68,0,0,0.32,,0.63,20.49,0,0,72.51,0,6.68,0.47,25.66,-0.73,98.68,100
ITI Bharat Consumption Fund Reg (G),ITI Mutual Fund,370,27-02-2025,-0.69,-3.65,-1.44,-4.29,1.24,15.35,-0.9,,,,,,,,,7.82,0,Equity: Thematic,11.3192,0,0,0,0,0,0,Animesh Singh,0,0,0,1000,500,67.59,15.77,15.98,6.66,29.61,0.5% for redemption within 3 months,99.34,0.66,0,0,0,,2.1,0,0,0,0,0,0.66,0,0,,0,0
ITI Business Cycle Fund (G),ITI Mutual Fund,115,09-03-2026,-0.63,-4.53,-1.95,-1.01,0.51,8.86,,,,,,,,,,4.71,0,Equity: Thematic,10.4709,0,0,0,0,0,0,Alok Ranjan,0,0,0,0,0,39.48,30.22,27.38,3.55,27.92,0.5% for redemption within 3 months,97.08,2.92,0,0,0,,2.1,0,0,0,0,0,2.92,,,,,
ITI Dynamic Term Fund Reg (G),ITI Mutual Fund,26,14-07-2021,0.01,-0.5,-0.33,-0.53,-1.25,-0.02,1.8,2.9,4.93,4.59,,,,,,4.69,3,Debt: Dynamic Bond,12.6985,0,0,5.12,2.3,-0.25,-0.38,Laukik Bagwe,11.71,6.72,6.63,0,0,0,0,0,0,0,0,0,98.74,0,0,1.26,,1.01,82.48,0,0,0,0,16.26,1.56,38.21,-0.8,149.18,87.9
ITI ELSS Tax Saver Fund Reg (G),ITI Mutual Fund,455,18-10-2019,-0.16,-3.31,0.06,-3.9,-1.73,20.12,2.49,-2.71,13.94,10.4,13.27,,,,,13.27,3,Equity: ELSS,24.5815,2.97,1.23,17.13,19.97,0.57,0.83,Alok Ranjan,0,0,0,0,500,32.25,6.9,57.37,3.07,23.29,0,96.52,3.48,0,0,0,,2.1,0,0,0,0,0,3.48,15.37,42.01,0.53,121.37,102.59
ITI Flexi Cap Fund Reg (G),ITI Mutual Fund,1467,17-02-2023,-0.21,-2.76,-0.08,-3.47,1.3,21.63,11.35,1.91,16.04,,,,,,,20.22,4,Equity: Flexi Cap,19.4715,4.31,1.07,17.85,17.28,0.7,0.91,Dhimant Shah,0,0,0,1000,500,47.46,16.33,29.61,4.17,28.18,0.5% for redemption within 3 months,93.4,6.6,0,0,0,,1.8,0,0,0,0,0.32,6.28,14.7,40.51,0.82,115.34,98.9
ITI Focused Fund Reg (G),ITI Mutual Fund,612,19-06-2023,-0.21,-3.04,-1.56,-5.15,-2.63,13.64,5.03,1.29,14.5,,,,,,,14.93,4,Equity: Focused,15.7942,4.41,1.02,17.71,16.28,0.74,0.89,Alok Ranjan,0,0,0,1000,500,52.11,18.82,21.62,4.15,31.37,0.5% for redemption within 3 months,92.55,7.45,0,0,0,,2.06,0,0,0,0,0,7.45,14.28,42.95,1.01,109.56,96.41
ITI Large & Mid cap Fund Reg (G),ITI Mutual Fund,740,11-09-2024,-0.61,-4.9,-2.21,-3.18,0.57,19.38,3.44,-1.96,,,,,,,,-1.15,0,Equity: Large & Mid Cap,9.7646,0,0,0,0,0,0,Alok Ranjan,0,0,0,1000,500,34.75,38.36,25.44,3.67,28.95,0.5% for redemption within 3 months,98.55,1.45,0,0,0,,2.04,0,0,0,0,0,1.45,0,0,,0,0
ITI Large Cap Fund Reg (G),ITI Mutual Fund,367,24-12-2020,-0.54,-4.21,-2.23,-2.48,-1.15,10.77,-1.81,-4.53,7.96,5.99,,,,,,8.42,2,Equity: Large Cap,16.9337,-1.26,1.05,10.42,15.6,0.3,0.4,Alok Ranjan,0,0,0,1000,500,81.57,5.76,9.58,3.15,23.48,0.5% for redemption within 3 months,96.91,3.09,0,0,0,,2.09,0,0,0,0,0,3.09,13.94,42.82,-0.21,111.54,104.27
ITI Liquid Fund (G),ITI Mutual Fund,52,24-04-2019,0.01,0.08,0.19,0.41,1.41,3.13,5.99,6.33,6.52,5.98,5.21,,,,,5.24,2,Debt: Liquid,1462.5424,0,0,6.38,0.17,3.99,7,Laukik Bagwe,0.1,0.1,6.13,0,500,0,0,0,0,0,Exit load of 0.0070% if redeemed within 1 day. 0.0065% if redeemed within 2 days. 0.0060% if redeemed within 3 days. 0.0055% if redeemed within 4 days. 0.0050% if redeemed within 5 days. 0.0045% if redeemed within 6 days.,0,99.64,0,0,0.36,,0.2,17.27,0,0,64.29,0,18.08,0,0,2.46,0,0
ITI Mid cap Fund Reg (G),ITI Mutual Fund,1480,05-03-2021,0.05,-4.49,-1.92,-6.65,-2.19,15.9,7.88,-0.97,16.52,13.21,,,,,,15.43,3,Equity: Mid Cap,22.2564,1.62,1.03,20.34,18.84,0.78,0.99,Alok Ranjan,0,0,0,1000,500,17.7,64.69,15.01,4.19,31.63,0.5% for redemption within 3 months,97.4,2.6,0,0,0,,1.8,0,0,0,0,0.33,2.27,16.5,41.33,0.57,118.54,98.37
ITI Multi Asset Allocation Fund (G),ITI Mutual Fund,,,-0.04,-1.66,0,-1.4,,,,,,,,,,,,-1.4,,Hybrid: Multi Asset,9.8604,,,,,,,,,,,0,0,,,,,,,97.74,2.26,0,0,0,,,,,,,,,,,,,
ITI Multi Cap Fund (G),ITI Mutual Fund,1468,15-05-2019,0.07,-2.61,0.51,-3.72,0.31,20.22,12.11,0.92,14.52,11.67,13.33,,,,,13.5,3,Equity: Multi Cap,25.647,4.01,1.02,17.23,17.41,0.66,0.84,Alok Ranjan,0,0,0,0,500,40.84,27.33,28.87,4.36,30.93,0.5% for redemption within 3 months,97.04,2.96,0,0,0,,1.81,0,0,0,0,0,2.96,14.65,40.51,0.6,112.02,98.2
ITI Overnight Fund (G),ITI Mutual Fund,14,25-10-2019,0.01,0.09,0.19,0.37,1.17,2.39,4.89,5.34,5.71,5.42,,,,,,4.79,1,Debt: Overnight,1386.702,0,0,5.62,0.2,-0.36,-0.69,Laukik Bagwe,0.01,0.01,5.04,0,500,0,0,0,0,0,0,0,100,0,0,0,,0.18,0,0,0,0,0,100,0,0,-3.57,0,0
ITI Pharma and Healthcare Fund Reg (G),ITI Mutual Fund,263,08-11-2021,-2.31,-4.24,-0.8,-4.19,1.85,19.92,11.85,2.1,16.73,,,,,,,12.32,1,Equity: Sectoral,17.6626,-3.99,0.99,18.8,16.4,0.8,1.13,Animesh Singh,0,0,0,0,0,36.5,39.97,22.8,5.89,47.6,0.5% for redemption within 3 months,99.27,0.73,0,0,0,,2.1,0,0,0,0,0,0.73,12.11,42.95,-0.47,50.83,70.43
ITI Small Cap Fund Reg (G),ITI Mutual Fund,3454,17-02-2020,-0.35,-3.31,0.19,-2.59,4.05,34.56,20.41,6.72,21.74,16.35,,,,,,19.84,4,Equity: Small Cap,33.4947,7.83,0.88,23.78,19.89,0.91,1.28,Alok Ranjan,0,0,0,1000,500,8.34,22.47,65.12,5.38,41.77,0.5% for redemption within 3 months,95.93,4.07,0,0,0,,1.64,0,0,0,0,0.26,3.81,17.35,39.7,1.06,118.52,94.9
ITI Ultra Short Term Fund Reg (G),ITI Mutual Fund,165,05-05-2021,0.03,0.07,0.2,0.41,1.35,3.09,5.66,6.07,6.23,5.55,,,,,,5.33,2,Debt: Ultra Short Duration,1324.4349,0,0,6.09,0.35,1.12,1.59,Laukik Bagwe,0.35,0.35,6.54,1000,500,0,0,0,0,0,0,0,99.59,0,0,0.41,,0.79,9.96,0,0,84.04,0,5.59,0.06,4.55,0.41,99.44,100
ITI Value Fund Reg (G),ITI Mutual Fund,359,14-06-2021,-0.17,-4.17,-1.93,-5.37,-3.93,11.02,0.49,-4.45,9.56,9.19,,,,,,9.69,2,Equity: Value,16.3257,-0.25,1.13,13.8,17.91,0.45,0.58,Dhimant Shah,0,0,0,1000,500,42.86,14.75,39.2,2.96,23.43,0.5% for redemption within 3 months,96.81,3.19,0,0,0,,2.1,0,0,0,0,0,3.19,15.75,41.19,0.15,114.08,102.37
JioBlackRock Arbitrage Fund (G),Jio BlackRock Mutual Fund,,,0.22,-0.02,0.21,0.51,0,0,,,,,,,,,,0.42,,Hybrid: Arbitrage,10.042,,,,,,,,,,,0,0,,,,,,,0,100,0,0,0,,,,,,,,,,,,,
JioBlackRock Flexi Cap Fund (G),Jio BlackRock Mutual Fund,,,-0.04,-3.2,-1.27,-5.24,0,0,0,,,,,,,,,-5.13,,Equity: Flexi Cap,9.4441,,,,,,,,,,,0,0,,,,,,,99.5,0.5,0,0,0,,,,,,,,,,,,,
JioBlackRock Large Cap Fund (G),Jio BlackRock Mutual Fund,,,-0.22,-3.57,-2.12,-6.14,0,0,,,,,,,,,,-6.51,,Equity: Large Cap,9.2975,,,,,,,,,,,0,0,,,,,,,99.28,0.72,0,0,0,,,,,,,,,,,,,
JioBlackRock Liquid Fund (G),Jio BlackRock Mutual Fund,,,0.02,0.09,0.21,0.47,0,0,0,,,,,,,,,0.66,,Debt: Liquid,1006.6927,,,,,,,,,,,0,0,,,,,,,0,99.83,0,0,0.17,,,,,,,,,0,0,,0,0
JioBlackRock Money Market Fund (G),Jio BlackRock Mutual Fund,,,0.04,0.08,0.23,0.49,0,0,0,,,,,,,,,0.73,,Debt: Money Market,1007.3423,,,,,,,,,,,0,0,,,,,,,0,99.78,0,0,0.22,,,,,,,,,0,0,,0,0
JioBlackRock Nifty 50 Index Fund (G),Jio BlackRock Mutual Fund,,,-0.42,-3.52,-2.16,-6.06,0,0,0,,,,,,,,,-6.37,,Equity: Index,9.3114,,,,,,,,,,,0,0,,,,,,,99.7,0.3,0,0,0,,,,,,,,,0,0,,0,0
JioBlackRock Nifty 8-13 yr G-Sec Index Fund (G),Jio BlackRock Mutual Fund,,,-0.09,-0.79,-0.42,-1.01,0,0,0,,,,,,,,,-1.4,,Equity: Index,9.8367,,,,,,,,,,,0,0,,,,,,,0,100,0,0,0,,,,,,,,,0,0,,0,0
JioBlackRock Nifty Midcap 150 Index Fund (G),Jio BlackRock Mutual Fund,,,0.09,-4.67,-2.26,-7.17,0,0,0,,,,,,,,,-6.25,,Equity: Index,9.3501,,,,,,,,,,,0,0,,,,,,,99.55,0.45,0,0,0,,,,,,,,,0,0,,0,0
JioBlackRock Nifty Next 50 Index Fund (G),Jio BlackRock Mutual Fund,,,0.41,-3.76,-0.79,-5.49,0,0,0,,,,,,,,,-5.78,,Equity: Index,9.3959,,,,,,,,,,,0,0,,,,,,,99.78,0.22,0,0,0,,,,,,,,,0,0,,0,0
JioBlackRock Nifty Smallcap 250 Index Fund (G),Jio BlackRock Mutual Fund,,,0.2,-3.47,-0.67,-3.28,0,0,0,,,,,,,,,-2.55,,Equity: Index,9.6831,,,,,,,,,,,0,0,,,,,,,99.93,0.07,0,0,0,,,,,,,,,0,0,,0,0
JioBlackRock Overnight Fund (G),Jio BlackRock Mutual Fund,,,0.01,0.1,0.2,0.39,0,0,0,,,,,,,,,0.5,,Debt: Overnight,1005.0462,,,,,,,,,,,0,0,,,,,,,0,100,0,0,0,,,,,,,,,0,0,,0,0
JioBlackRock Sector Rotation Fund (G),Jio BlackRock Mutual Fund,,,-0.26,-3.67,-1.54,-5.53,0,0,,,,,,,,,,-5.32,,Equity: Thematic,9.4314,,,,,,,,,,,0,0,,,,,,,99.51,0.49,0,0,0,,,,,,,,,,,,,
JioBlackRock Short Term Fund (G),Jio BlackRock Mutual Fund,,,0.02,-0.14,0.04,0.14,0,0,,,,,,,,,,0.13,,Debt: Short Duration,1001.303,,,,,,,,,,,0,0,,,,,,,0,99.79,0,0,0.21,,,,,,,,,,,,,
JioBlackRock Ultra Short to Short Term Fund (G),Jio BlackRock Mutual Fund,,,0.05,0.01,0.17,0,0,0,,,,,,,,,,0.26,,Debt: Low Duration,1003.3775,,,,,,,,,,,0,0,,,,,,,0,99.77,0,0,0.23,,,,,,,,,,,,,
JM Aggressive Hybrid Fund (G),JM Financial Mutual Fund,700,01-04-1995,-0.07,-3.22,-0.95,-4.36,1.28,10.79,-1.31,-4.54,10.17,10.83,16.65,11.57,12.2,8.94,11,10.68,4,Hybrid: Aggressive,117.109,0,0,12.53,13.7,0.5,0.75,Asit Bhandarkar,3.02,2.53,7.38,100,100,42.35,20.64,15.24,3.87,31.72,1% for redemption within 60 days,78.23,21.77,0,0,0,,2.04,5.47,0,3.22,10.68,0,2.4,10.96,42.61,0.5,105,97.18
JM Arbitrage Fund (G),JM Financial Mutual Fund,482,18-07-2006,0.31,0.07,0.32,0.5,1.48,2.62,5.75,5.91,6.25,5.69,4.88,5.07,6.11,6.37,,6.38,2,Hybrid: Arbitrage,34.8824,0,0,6.12,0.5,0.86,1.05,Asit Bhandarkar,0.13,0.13,4.93,100,100,0,0,0,2.42,16.65,0.5% for redemption within 30 days,0,100,0,0,0,,0.91,7.15,0,0,0,6.53,5.13,0,0,-2.74,0,0
JM Dynamic Term Fund (G),JM Financial Mutual Fund,53,25-06-2003,0.01,-0.22,0.02,-0.09,0.12,2.33,3.1,4.88,6.2,5.52,5.5,6.04,6.84,6.77,,6.49,0,Debt: Dynamic Bond,43.2326,0,0,6.2,2.28,0.22,0.35,Killol Pandya,3.97,3.17,7.19,100,100,0,0,0,0,0,0,0,99.67,0,0,0.33,,0.8,30.9,0,4.72,59.63,0,4.42,1.31,35.5,-0.29,151.71,84.75
JM ELSS Tax Saver Fund (G),JM Financial Mutual Fund,248,31-03-2008,0.03,-3.32,-0.56,-3.55,2.44,20.99,6.51,-1.31,14.3,12.18,16.09,14.73,15.5,,,9.24,4,Equity: ELSS,51.0627,3.41,1.05,16.26,16.85,0.63,0.86,Deepak Gupta,0,0,0,500,500,35.57,22.34,40.8,3.42,29.98,0,98.71,1.29,0,0,0,,2.1,0,0,0,0,0,1.29,14.46,42.74,0.59,109.52,97.75
JM Flexi Cap Fund (G),JM Financial Mutual Fund,5291,23-09-2008,-0.04,-3.23,-0.87,-4.19,-0.2,16.37,0.42,-5.65,12.27,13.32,16.2,14.75,15.33,,,13.31,4,Equity: Flexi Cap,96.9723,2.26,1.04,15.22,17.06,0.56,0.72,Satish Ramanathan,0,0,0,100,100,52.65,16.11,28.92,3.61,25.01,1% for redemption within 30 days,97.68,2.32,0,0,0,,1.59,0,0,0,0.01,0,2.31,14.29,44.23,0.35,106.7,97.59
JM Focused Fund (G),JM Financial Mutual Fund,293,05-03-2008,0.14,-4.14,-2.09,-6.09,-1.79,14.57,-1.59,-4.38,9.52,10.56,11.27,10.79,12.95,,,4.02,3,Equity: Focused,19.4398,0.88,1.05,13.28,16.92,0.45,0.6,Asit Bhandarkar,0,0,0,100,100,46.62,29,21.95,3.91,22.75,1% for redemption within 30 days,97.57,2.43,0,0,0,,2.1,0,0,0,0,0,2.43,14.62,45.32,0.05,106.83,99.49
JM Large & Mid cap Fund Reg (G),JM Financial Mutual Fund,464,25-07-2025,-0.35,-4.39,-1.53,-6.19,-0.97,14.13,2.15,,,,,,,,,1.81,0,Equity: Large & Mid Cap,10.2253,0,0,0,0,0,0,Asit Bhandarkar,0,0,0,100,100,39.6,43.43,15.34,4.4,36.22,1% for redemption within 180 days,98.37,1.63,0,0,0,,2.1,0,0,0,0,0,1.63,0,0,,0,0
JM Large Cap Fund (G),JM Financial Mutual Fund,394,01-04-1995,-0.29,-3.55,-1.61,-6.17,-2.55,6.92,-2.86,-6.45,7.96,8.4,11.94,10.15,10.98,7.5,13.77,9.65,3,Equity: Large Cap,146.4911,0.45,1.02,11.95,15.21,0.41,0.53,Deepak Gupta,0,0,0,100,100,80.39,15.02,1.23,4,28.89,1% for redemption within 30 days,96.64,3.36,0,0,0,,2.1,0,0,0,0,0,3.36,13.32,44.64,0.16,108.58,101.27
JM Liquid Fund (G),JM Financial Mutual Fund,1743,31-12-1997,0.02,0.08,0.21,0.47,1.51,3.32,6.26,6.49,6.74,6.22,5.54,5.99,6.97,7,6.72,6.79,3,Debt: Liquid,76.7806,0,0,6.58,0.2,4.5,8.83,Killol Pandya,0.11,0.11,6.31,100,100,0,0,0,0,0,Exit load of 0.0070% if redeemed within 1 day. 0.0065% if redeemed within 2 days. 0.0060% if redeemed within 3 days. 0.0055% if redeemed within 4 days. 0.0050% if redeemed within 5 days. 0.0045% if redeemed within 6 days.,0,99.52,0,0,0.48,,0.22,5.78,0,0,79.7,0,14.04,0,0,3.39,0,0
JM Medium to Long Term Fund Reg (G),JM Financial Mutual Fund,30,01-04-1995,-0.03,-0.46,-0.19,-0.52,-0.58,2.05,2.59,4.5,5.96,4.69,4.55,3.77,5.11,4.18,4.83,5.49,4,Debt: Medium to Long Duration,64.1072,0,0,6.05,2.34,0.15,0.24,Killol Pandya,5.19,4.18,6.78,100,100,0,0,0,0,0,0,0,99.69,0,0,0.31,,0.89,68.52,0,0,22.86,0,8.31,1.53,39.64,-1.88,138.67,89.14
JM Mid cap Fund Reg (G),JM Financial Mutual Fund,1360,21-11-2022,-0.03,-4.13,-0.51,-5.42,-1.17,22.7,8.3,-0.12,16.05,,,,,,,20.44,4,Equity: Mid Cap,20.5012,0.95,1,18.9,18.88,0.7,1.03,Satish Ramanathan,0,0,0,100,100,4.64,69.65,24.78,4.61,37.87,1% for redemption within 180 days,99.07,0.93,0,0,0,,1.84,0,0,0,0,0,0.93,15.98,42.01,0.15,112.35,97.02
JM Multi Asset Allocation Fund (G),JM Financial Mutual Fund,146,14-07-2026,-0.04,-2.74,-0.83,-3.48,0.32,,,,,,,,,,,0.32,0,Hybrid: Multi Asset,10.0315,0,0,0,0,0,0,Asit Bhandarkar,2.17,1.76,6.43,0,0,18.75,13.98,21.98,4.04,23.3,1% for redemption within 60 days,54.71,28.2,14.13,0,2.96,,1.82,14.33,0,3.14,6.16,0,7.53,,,,,
JM Overnight Fund Reg (G),JM Financial Mutual Fund,148,03-12-2019,0.01,0.09,0.2,0.38,1.2,2.45,5,5.47,5.86,5.58,,,,,,4.96,2,Debt: Overnight,1392.2491,0,0,5.77,0.21,0.35,0.72,Killol Pandya,0.01,0.01,5.13,0,100,0,0,0,0,0,0,0,100,0,0,0,,0.13,0,0,0,0,0,100,0,0,-1.92,0,0
JM Short Term Fund Reg (G),JM Financial Mutual Fund,82,29-08-2022,0.04,-0.09,0.09,0.15,0.67,2.8,4.33,5.85,6.29,,,,,,,6.08,2,Debt: Short Duration,12.73,0,0,6.19,1.25,0.4,0.62,Killol Pandya,2.02,1.82,7.16,100,100,0,0,0,0,0,0,0,99.52,0,0,0.48,,0.94,17.32,0,0,70.77,0,11.43,0.54,26.21,0.2,99.09,100
JM Small Cap Fund Reg (G),JM Financial Mutual Fund,929,18-06-2024,0.25,-2.98,0.17,-2.46,1.7,38.82,16.24,1.93,,,,,,,,5.95,0,Equity: Small Cap,11.4112,0,0,0,0,0,0,Asit Bhandarkar,0,0,0,1000,100,0,4.07,94.31,3.13,30.66,1% for redemption within 180 days,98.38,1.62,0,0,0,,1.95,0,0,0,0,0,1.62,0,0,,0,0
JM Ultra Short to Short Term Fund (G),JM Financial Mutual Fund,215,27-09-2006,0.04,0.02,0.17,0.42,1.28,3.19,5.63,6.56,6.77,6.02,7.77,5.92,6.98,7.14,,7.14,3,Debt: Low Duration,39.7969,0,0,6.59,0.62,1.45,2.03,Killol Pandya,0.92,0.87,7.25,100,100,0,0,0,0,0,0,0,99.66,0,0,0.34,,0.73,9.12,0,19.79,65.26,0,5.49,0.18,9.94,1.09,97.65,100
JM Value Fund (G),JM Financial Mutual Fund,817,02-06-1997,0.24,-3.4,-0.12,-3.34,-0.04,17.86,-0.85,-6.77,10.35,13.18,16.48,14.1,15.31,9.06,10.07,7.74,2,Equity: Value,94.6676,-0.02,1.15,13.36,19.07,0.4,0.59,Satish Ramanathan,0,0,0,100,100,36.12,7.68,55.02,2.95,20.24,1% for redemption within 30 days,98.82,1.18,0,0,0,,2,0,0,0,0,0,1.18,15.58,42.61,0.04,109.82,101.05
Kotak Active Momentum Fund (G),Kotak Mutual Fund,1625,20-08-2025,-0.04,-4.24,-1.16,-6.25,-0.04,13.6,5.84,,,,,,,,,4.2,0,Equity: Thematic,10.494,0,0,0,0,0,0,Abhishek Bisen,0,0,0,100,100,37.33,56.95,2.16,4.02,27.77,0.5% for redemption within 90 days,96.44,3.56,0,0,0,,1.79,0,0,0,0,0,3.56,0,0,,0,0
Kotak Aggressive Hybrid (G),Kotak Mutual Fund,9205,25-11-1999,-0.24,-3.42,-1.71,-4.79,-2.4,9.25,0.41,-0.16,10.44,9.91,13.94,11.6,,,,11.23,4,Hybrid: Aggressive,62.811,0,0,12.76,12.89,0.55,0.65,Abhishek Bisen,9.25,4.15,6.97,100,100,40.85,26.21,8.4,3.74,24.54,"For units in excess of 8% of the investment, 1% will be charged for redemption within 365 days",75.46,24.54,0,0,0,,1.51,5.9,0,1.33,7.46,0,9.85,10.22,42.14,0.75,103.27,96.49
Kotak Arbitrage Fund (G),Kotak Mutual Fund,74399,29-09-2005,0.31,0.02,0.24,0.37,1.49,2.86,6.13,6.41,6.81,6.31,5.74,5.86,6.7,6.84,,6.86,5,Hybrid: Arbitrage,40.2694,0,0,6.72,0.54,1.9,2.37,Hiten Shah,0.46,0.43,6.87,100,100,0,0,0,2.72,17.23,0.25% for redemption within 30 days,0,100,0,0,0,,0.82,0,0,0,6.92,18.18,0.64,0.59,29.58,-1.16,97.19,100
Kotak Balanced Advantage Fund Reg (G),Kotak Mutual Fund,17429,03-08-2018,0.1,-2.46,-0.77,-3.63,-1.9,5.89,0.49,0.45,7.75,7.31,9.59,,,,,9.12,3,Hybrid: Balanced Advantage,20.491,0,0,9.42,8.92,0.42,0.48,Abhishek Bisen,12.05,5,7.2,100,100,47.44,9.84,9.41,3.32,22.71,"For units in excess of 8% of the investment, 1% will be charged for redemption within 180 days",66.68,32.76,0,0,0.56,,1.43,10.41,0,3.16,10.92,0.05,9.5,6.6,43.09,0.51,59.56,88.96
Kotak Banking & Financial Services Fund Reg (G),Kotak Mutual Fund,1556,27-02-2023,0.14,-4.21,-2.52,-6.87,-6.54,9.2,0.89,1.52,9.42,,,,,,,12.29,3,Equity: Sectoral,15.265,1.86,1.02,13.65,16.13,0.49,0.65,Shibani Sircar Kurian,0,0,0,100,100,65.77,14.52,17.17,2.26,16.99,0.5% for redemption within 30 days,97.46,2.54,0,0,0,,1.81,0,0,0,0,0,2.54,14.29,44.04,0.41,113.82,102.44
Kotak Banking & PSU Debt Fund (G),Kotak Mutual Fund,4937,29-12-1998,0.07,-0.14,0.08,0.14,0.25,2.75,4.98,6.19,6.85,5.98,6.57,6.93,7.68,7.06,6.83,1.54,3,Debt: Banking and PSU,69.5367,0,0,6.78,1.64,0.66,1.17,Deepak Agrawal,4.91,3.48,7.37,100,100,0,0,0,0,0,0,0,99.63,0,0,0.37,,0.64,6.43,0,2.93,82.92,0,7.35,0.77,29.14,-0.54,97.02,100
Kotak BSE PSU Index Fund Reg (G),Kotak Mutual Fund,82,31-07-2024,0.03,-3.24,-1.13,-4.98,-6.06,-0.26,-0.19,-3.25,,,,,,,,-5.54,0,Equity: Index,8.809,0,0,0,0,0,0,Jeetu Valechha Sonar,0,0,0,100,100,76.29,18.92,4.53,1.66,10.89,0,99.74,0.26,0,0,0,,0.88,0,0,0,0,0,0.26,0,0,,0,0
Kotak BSE Sensex Index Fund (G),Kotak Mutual Fund,24,17-02-2025,-0.06,-3.15,-2.08,-5.84,-5.04,1.3,-9.19,,,,,,,,,-2.03,0,Equity: Index,9.662,0,0,0,0,0,0,Jeetu Valechha Sonar,0,0,0,100,100,99.99,0,0,3.32,22.76,0,99.99,0.01,0,0,0,,0.27,0,0,0,0,0,0.01,0,0,,0,0
Kotak Business Cycle Fund Reg (G),Kotak Mutual Fund,3411,28-09-2022,-0.17,-3.3,0.43,-3.59,0.67,17.55,4.28,1.3,13.76,,,,,,,13.78,0,Equity: Thematic,16.903,3.14,0.95,15.72,15.3,0.66,0.76,Harish Bihani,0,0,0,100,100,43.64,21.55,34.29,4.2,30.52,0.5% for redemption within 90 days,99.48,0.52,0,0,0,,1.65,0,0,0,0,0,0.52,11.92,43.36,0.54,89.19,89.45
Kotak Consumption Fund Reg (G),Kotak Mutual Fund,1759,16-11-2023,-0.17,-4.01,-0.12,-3.67,-1.85,12.12,-3.39,-3.43,,,,,,,,11.07,0,Equity: Thematic,13.609,0,0,0,0,0,0,Devender Singhal,0,0,0,1000,1000,39.5,13.46,46.32,5.12,38.26,0.5% for redemption within 90 days,99.28,0.72,0,0,0,,1.77,0,0,0,0,0,0.72,0,0,,0,0
Kotak Contra Fund (G),Kotak Mutual Fund,5450,27-07-2005,-0.05,-4.04,-1.87,-6.07,-3.81,7.09,-2.48,-3.54,12.31,11.83,15.65,14.44,14.79,12.75,,13.49,4,Equity: Contra,145.956,3.17,1,16,15.59,0.66,0.8,Shibani Sircar Kurian,0,0,0,100,100,51.32,29.9,17.05,3.1,22.86,1% for redemption within 90 days,98.27,1.73,0,0,0,,1.59,0,0,0,0,0,1.73,12.87,43.01,0.95,102.86,94.96
Kotak Corporate Bond Fund (G),Kotak Mutual Fund,15095,21-09-2007,0.05,-0.2,0.04,0.1,0.36,2.8,4.58,6.24,6.95,6.05,6.44,6.9,7.61,,,7.56,3,Debt: Corporate Bond,4007.0547,0,0,6.85,1.56,0.74,1.22,Deepak Agrawal,5.47,3.27,7.55,100,100,0,0,0,0,0,0,0,99.64,0,0,0.36,,0.59,11.58,0,0,85.2,0,2.86,0.72,27.31,-0.52,175.64,75.83
Kotak Credit Risk Fund (G),Kotak Mutual Fund,773,11-05-2010,0.02,-0.24,0.05,0.13,1.19,3.66,5.98,7.28,7.55,5.69,6.02,6.32,7.4,,,7.3,2,Debt: Credit Risk,31.9233,0,0,7.37,1.55,1.08,1.53,Deepak Agrawal,2.73,1.78,8.57,100,100,0,3.17,1.67,0,0,"For units in excess of 6% of the investment, 1% will be charged for redemption within 365 days",4.84,89.48,0,0,5.68,,1.47,6.36,11.9,57.21,3.96,0,15.18,1.27,30.39,0.34,184.48,71.98
Kotak CRISIL IBX AAA Financial Services Index Sep 2027 Fund Reg (G),Kotak Mutual Fund,468,13-09-2024,0.03,-0.03,0.09,0.45,1.41,3.45,5.84,7.31,,,,,,,,7.4,0,Debt: Short Duration,11.5741,0,0,0,0,0,0,Abhishek Bisen,0.99,0.94,7.47,100,100,0,0,0,0,0,0.25% for redemption within 30 days,0,100,0,0,0,,0.29,0,0,0,94.03,0,5.97,0,0,,0,0
Kotak CRISIL-IBX AAA Bond Financial Services Index Dec 2026 Fund (G),Kotak Mutual Fund,129,17-02-2025,0.03,0.07,0.24,0.53,1.7,3.7,6.43,,,,,,,,,7.07,0,Debt: Short Duration,11.2027,0,0,0,0,0,0,Abhishek Bisen,0.27,0.27,7.03,100,0,0,0,0,0,0,0,0,100,0,0,0,,0.24,0,0,0,93.16,0,6.84,0,0,,0,0
Kotak CRISIL-IBX Financial Services 3-6 Months Debt Index Fund (G),Kotak Mutual Fund,270,07-03-2025,0.05,0.07,0.21,0.41,1.54,3.62,6.48,,,,,,,,,6.62,0,Debt: Ultra Short Duration,11.0843,0,0,0,0,0,0,Manu Sharma,0.31,0.31,6.89,100,100,0,0,0,0,0,0,0,100,0,0,0,,0.3,0,0,0,96.64,0,3.36,0,0,,0,0
Kotak CRISIL-IBX Financial Services 9 to 12 Months Debt Index Fund (G),Kotak Mutual Fund,1056,24-09-2025,0,-0.06,0.08,0.4,1.46,3.49,6.02,,,,,,,,,5.97,0,Debt: Low Duration,10.6171,0,0,0,0,0,0,Manu Sharma,0.58,0.58,7.12,0,0,0,0,0,0,0,0,0,100,0,0,0,,0.25,0,0,0,96.15,0,3.85,,,,,
Kotak Debt Hybrid (G),Kotak Mutual Fund,2833,02-12-2003,-0.01,-1.18,-0.58,-1.49,-1.06,3.1,1.03,1.39,6.92,6.76,9.09,8.12,9.18,7.96,,8.07,3,Hybrid: Conservative,59.0196,0,0,7.73,5.35,0.38,0.49,Abhishek Bisen,9.81,4.93,7.43,100,100,15.23,7.17,1.25,3.09,20.85,"For units in excess of 8% of the investment, 1% will be charged for redemption within 180 days",23.65,75.68,0,0,0.67,,1.46,23.26,0.01,12.52,19.99,0,20.25,3.77,41.85,0.39,88.48,100.54
Kotak Diversified Equity All Cap Omni FOF (G),Kotak Mutual Fund,,,0,-3.54,-1.62,-4.92,,,,,,,,,,,,-4.77,,Equity: Flexi Cap,9.523,,,,,,,,,,,0,0,,,,,,,100,0,0,0,0,,,,,,,,,,,,,
Kotak Dividend Yield Fund (G),Kotak Mutual Fund,241,27-01-2026,-0.09,-3.51,-2.21,-6.52,-5.09,3.25,,,,,,,,,,-8.69,0,Equity: Dividend Yield,9.131,0,0,0,0,0,0,Abhishek Bisen,0,0,0,0,0,75.26,21.26,1.28,3.05,21.77,"For units in excess of 10% of the investment, 1% will be charged for redemption within 1 year",97.8,2.2,0,0,0,,2.1,0,0,0,0,0,2.2,,,,,
Kotak Dynamic Term Fund Reg (G),Kotak Mutual Fund,2342,26-05-2008,0.02,-0.42,0.01,-0.08,0.45,4.32,5,5.03,6.98,5.67,6.39,6.88,7.89,,,7.78,3,Debt: Dynamic Bond,39.5686,0,0,6.89,3.15,0.38,0.56,Abhishek Bisen,17.28,6.95,7.82,100,100,0,2.34,1.76,0,0,0,4.1,89.4,0,0,6.5,,1.13,45.96,0,21.7,7.56,0,20.3,1.9,39.64,0.18,136.96,87.89
Kotak ELSS Tax Saver Fund (G),Kotak Mutual Fund,6342,23-11-2005,0.29,-2.97,-0.72,-4.59,-0.91,10.76,-0.47,-3.86,9.02,9.95,14.43,12.69,13.83,11.9,,12.33,3,Equity: ELSS,113.276,-0.51,0.96,12.04,15.23,0.42,0.49,Harsha Upadhyaya,0,0,0,500,500,64.41,22.41,11.9,3.21,24.35,0,98.72,1.28,0,0,0,,1.56,0,0,0,0,0,1.28,12.85,43.01,-0.23,100.66,97.8
Kotak Energy Opportunities Fund Reg (G),Kotak Mutual Fund,275,25-04-2025,0.36,-3.39,-0.85,-3.81,-4.45,6.56,0.91,,,,,,,,,1.65,0,Equity: Thematic,10.248,0,0,0,0,0,0,Mandar Pawar,0,0,0,100,100,49.76,26.32,20.9,2.33,17.06,0.5% for redemption within 90 days,96.98,3.02,0,0,0,,2.1,0,0,0,0,0,3.02,0,0,,0,0
Kotak Equity Savings Fund Reg (G),Kotak Mutual Fund,10409,13-10-2014,0.2,-1.21,-0.04,-1.11,0.3,5.34,2.61,3.17,8.57,8.67,9.47,8.83,,,,8.69,4,Hybrid: Equity Savings,27.2773,0,0,9.39,6.26,0.59,0.7,Abhishek Bisen,2.94,2.07,6.96,100,100,22.45,10.55,2.57,2.7,19.17,"For units in excess of 8% of the investment, 1% will be charged for redemption within 90 days",35.57,61.15,0,0,3.28,,1.45,3.5,0,2.4,23.32,17.82,18.78,4.84,39.16,0.75,-56.71,80.82
Kotak ESG Exclusionary Strategy Fund Reg (G),Kotak Mutual Fund,757,11-12-2020,0.08,-3.2,-1.63,-6.34,-3.74,4.15,-6.52,-6.04,6.2,5.22,,,,,,8.23,0,Equity: Thematic,15.9,-0.58,0.94,9.87,13.77,0.3,0.36,Mandar Pawar,0,0,0,100,100,74.38,17.75,5.33,3.39,22.54,0.5% for redemption within 90 days,97.46,2.54,0,0,0,,2.02,0,0,0,0,0.57,1.97,11.88,45.94,-0.55,97.18,98.36
Kotak Flexi Cap Fund Reg (G),Kotak Mutual Fund,56119,11-09-2009,0.19,-3.15,-0.84,-5.79,-4.44,6.1,-3.04,-2.09,9.51,8.98,12.52,11.9,14.54,,,12.95,3,Equity: Flexi Cap,81.304,0.67,0.95,12.85,14.83,0.48,0.6,Harsha Upadhyaya,0,0,0,100,100,71.51,23.43,3.62,3.3,25,"For units in excess of 10% of the investment, 1% will be charged for redemption within 365 days",98.56,1.44,0,0,0,,1.21,0,0,0,0,0.18,1.26,12.78,43.42,-0.05,101.21,97.19
Kotak Floating Interest Rates Fund (G),Kotak Mutual Fund,3425,14-05-2019,0.03,-0.04,0.03,0.23,0.75,2.81,5.33,6.89,7.22,6.26,6.73,,,,,6.75,3,Debt: Floater,1621.2899,0,0,7.11,1.12,1.26,2.01,Deepak Agrawal,2.47,2.06,7.66,0,100,0,0,0,0,0,0,0,99.54,0,0,0.46,,0.49,13.98,0,13.57,69.18,0,2.81,0.41,18.07,0.23,192.62,69.98
Kotak Focused Fund (G),Kotak Mutual Fund,4457,16-07-2019,-0.33,-3.73,-1.37,-6.58,-3.68,9.31,2.39,0.02,12.12,9.75,13.91,,,,,14.03,4,Equity: Focused,25.976,2.92,0.93,15.21,14.48,0.66,0.77,Shibani Sircar Kurian,0,0,0,0,100,58.12,32.26,5.03,4.15,30.23,"For units in excess of 10% of the investment, 1% will be charged for redemption within 365 days",95.41,4.59,0,0,0,,1.61,0,0,0,0,0,4.59,12.25,42.28,0.72,105.52,96.97
Kotak Gilt Investement (G),Kotak Mutual Fund,2108,29-12-1998,-0.04,-0.54,-0.13,-0.51,-0.98,3.45,1.62,1.88,4.56,4.22,5.38,5.7,7.32,7.32,7.81,8.5,2,Debt: Gilt Fund,96.556,0,0,4.79,4.36,-0.21,-0.27,Abhishek Bisen,17.12,8.48,7.19,100,100,0,0,0,0,0,0,0,100,0,0,0,,1.25,84.88,0,0,0,0,15.12,2.82,43.78,-0.74,110.12,100.9
Kotak Gilt Investment P F and Trust (G),Kotak Mutual Fund,2108,11-11-2003,-0.04,-0.54,-0.13,-0.51,-0.98,3.45,1.62,1.88,4.57,4.22,5.38,5.7,7.34,7.39,,6.88,2,Debt: Gilt Fund,98.7836,0,0,4.79,4.36,-0.21,-0.27,Abhishek Bisen,17.12,8.48,7.19,100,100,0,0,0,0,0,0,0,100,0,0,0,,1.4,84.88,0,0,0,0,15.12,2.82,43.78,-0.74,110.12,100.9
Kotak Global Emerging Market Overseas Equity Active FOF (G),Kotak Mutual Fund,1663,26-09-2007,0,-2.35,1.82,0.2,-2.17,22.99,35.27,29.63,26.82,12.35,14.49,11.07,10.56,,,7.1,0,Equity: Global,39.937,0,0,24.55,17.55,1.07,2.07,Arjun Khanna,0,0,0,100,100,0,0,0,0,0,"For units in excess of 10% of the investment, 1% will be charged for redemption within 365 days",0,1.99,0,98.01,0,,1.24,0,0,0,0,0,100,15.5,41.6,0.79,55.5,66.74
Kotak Global Innovation Overseas Equity Omni FOF Reg (G),Kotak Mutual Fund,800,29-07-2021,0,0.07,3.38,0.89,2.38,27.97,26.86,22.33,25.6,9.68,,,,,,8.36,0,Equity: Global,15.2179,0,0,22.21,16.57,1,1.51,Arjun Khanna,0,0,0,0,0,0,0,0,0,0,1% for redemption within 365 days,0,22.44,0,77.56,0,,1.3,0,0,0,0,21.48,78.52,15.28,44.62,0.48,-3.95,44.59
Kotak Gold Fund (G),Kotak Mutual Fund,6532,25-03-2011,0.9,-2.45,-1.44,-4.53,4.86,0.45,27.1,37.83,34.73,24.33,19.85,15.36,10.7,,,11.71,3,Commodity: Gold,56.1912,1.84,0.85,32.42,17.71,1.51,2.24,Abhishek Bisen,0,0,0,100,100,0,0,0,0,0,1% for redemption within 15 days,0,0.13,99.87,0,0,,0.38,0,0,0,0,0,0.13,18.72,44.5,-0.33,65.74,78.9
Kotak Gold Silver Passive FoF Reg (G),Kotak Mutual Fund,1021,28-10-2025,0.5,-3.78,-1.97,-5.36,1.28,-2.16,,,,,,,,,,45.96,0,Commodity: Gold & Silver,14.596,0,0,0,0,0,0,Rohit Tandon,0,0,0,0,0,0,0,0,0,0,0,0,2.29,47.88,0,49.83,,0.45,0,0,0,0,0,52.12,,,,,
Kotak Healthcare Fund Reg (G),Kotak Mutual Fund,682,11-12-2023,-1.95,-3.79,-1.02,-1.85,5.04,27.55,27.76,9.72,,,,,,,,19.79,0,Equity: Sectoral,16.771,0,0,0,0,0,0,Dhananjay Tikariha,0,0,0,1000,1000,34.88,20.9,43.88,6.56,50.41,0.5% for redemption within 30 days,99.66,0.34,0,0,0,,2.02,0,0,0,0,0,0.34,0,0,,0,0
Kotak Income Plus Arbitrage Omni FOF Reg (G),Kotak Mutual Fund,7902,17-11-2022,0.15,-0.1,0.13,0.21,0.88,2.96,5.4,5.96,7.31,,,,,,,7.26,0,Hybrid: Fof Domestic Income Plus Arbitrage,13.1695,0,0,7.22,1.75,0.87,1.4,Abhishek Bisen,3.3,2.15,7.23,100,100,0,0,0,0,0,0,0,100,0,0,0,,0.24,0,0,0,0,99.73,0.27,1.13,24.66,0.31,173,75.81
Kotak Infra & Eco Reform Std (G),Kotak Mutual Fund,2430,25-02-2008,0.58,-2.92,0.72,-3.17,-0.89,18.26,7.39,-2.46,14.29,16.37,19.39,14.67,14.76,,,10.92,3,Equity: Sectoral,68.741,-0.8,0.68,17.12,21.34,0.54,0.68,Nalin Rasik Bhatt,0,0,0,100,100,47.58,11.71,40.54,3.34,22.66,0.5% for redemption within 90 days,99.84,0.16,0,0,0,,1.71,0,0,0,0,0,0.16,15.81,41.87,0.49,110.27,98.18
Kotak International REIT Overseas Equity Omni FOF Reg (G),Kotak Mutual Fund,107,29-12-2020,0,-1.92,-2.03,-5.6,-4.7,1.07,-2.19,1.14,8.64,2.21,,,,,,1.66,0,Equity: Global,11.0052,0,0,9.7,15.83,0.25,0.44,Arjun Khanna,0,0,0,100,100,0,0,0,0,0,"For units in excess of 8% of the investment, 1% will be charged for redemption within 365 days",0,0.53,0,99.47,0,,1.25,0,0,0,0,0,100,13.79,49.24,0.7,-0.46,59.75
Kotak Large & Mid cap Fund (G),Kotak Mutual Fund,32050,09-09-2004,-0.28,-3.93,-1.54,-6.13,-3.9,7.12,-1.22,-2.59,10.82,11.48,15.86,13.59,14.98,13.73,,17.22,3,Equity: Large & Mid Cap,334.597,1.72,0.98,14.27,15.26,0.56,0.66,Harsha Upadhyaya,0,0,0,100,100,51.48,38.99,8.04,3.2,26.83,"For units in excess of 10% of the investment, 1% will be charged for redemption within 365 days",98.51,1.48,0,0,0.01,,1.33,0,0,0,0,0.19,0.74,13.36,42.74,-0.08,103.97,97.06
Kotak Large Cap Fund (G),Kotak Mutual Fund,11028,29-12-1998,-0.16,-3.36,-1.72,-5.93,-4.2,4.02,-5.44,-4.61,7.91,7.12,12.41,11.09,12.29,11.45,17.33,15.39,3,Equity: Large Cap,535.481,0.51,0.98,11.27,14.1,0.4,0.48,Rohit Tandon,0,0,0,100,100,84.19,8.37,5,3.21,23.19,"For units in excess of 10% of the investment, 1% will be charged for redemption within 365 days",97.56,2.42,0,0,0.02,,1.48,0,0,0,0,0.7,0.69,11.32,45.05,0,95.99,96.39
Kotak Liquid Fund Reg (G),Kotak Mutual Fund,51309,04-11-2003,0.02,0.08,0.21,0.46,1.51,3.35,6.33,6.56,6.8,6.23,5.56,5.98,6.95,7.04,,6.85,3,Debt: Liquid,5692.2076,0,0,6.64,0.21,4.51,10.36,Deepak Agrawal,0.11,0.11,6.4,100,0,0,0,0,0,0,Exit load of 0.0070% if redeemed within 1 day. 0.0065% if redeemed within 2 days. 0.0060% if redeemed within 3 days. 0.0055% if redeemed within 4 days. 0.0050% if redeemed within 5 days. 0.0045% if redeemed within 6 days.,0,99.77,0,0,0.23,,0.28,20.03,0,0,77.97,0,1.77,0,0.29,3.38,97.49,100
Kotak Long Term Fund Reg (G),Kotak Mutual Fund,58,11-03-2024,-0.11,-0.95,-0.54,-1.29,-2.29,3.34,1.23,1.72,,,,,,,,3.8,3,Debt: Long Duration,11.015,0,0,0,0,0,0,Abhishek Bisen,12.74,11.74,7.29,100,100,0,0,0,0,0,0,0,99.12,0,0,0.88,,0.44,82.71,0,0,0,0,16.41,0,0,,0,0
Kotak Manufacture in India Fund Reg (G),Kotak Mutual Fund,2951,22-02-2022,-0.07,-2.77,1.24,-2.34,5.66,20.61,15.88,5.64,18.36,,,,,,,18.41,0,Equity: Thematic,21.985,5.38,0.97,19.46,17.03,0.81,0.98,Harsha Upadhyaya,0,0,0,100,100,41.73,20.02,33.78,4.22,35.33,0.5% for redemption within 90 days,95.53,4.47,0,0,0,,1.66,0,0,0,0,0.47,4,14.11,40.65,-0.13,107.71,94.15
Kotak Medium Term Fund (G),Kotak Mutual Fund,1926,21-03-2014,0.05,-0.27,-0.02,0,0.69,3.59,5.56,6.9,7.85,6.28,6.66,6.5,,,,7.37,1,Debt: Medium Duration,24.4915,0,0,7.7,1.78,1.13,1.64,Deepak Agrawal,5.55,3.14,8.37,100,100,0,4.07,2.84,0,0,0,6.91,89.89,0,0,3.2,,1.38,10.8,10.88,44.86,18.77,0,7.47,0.97,32.83,0.24,170.33,75.67
Kotak Medium to Long Term Fund (G),Kotak Mutual Fund,1784,25-11-1999,0.03,-0.5,-0.11,-0.52,-0.46,3.4,3.46,4.27,5.94,4.91,5.79,5.67,7.08,7.4,7.59,8,3,Debt: Medium to Long Duration,79.5757,0,0,6.05,2.86,0.13,0.18,Abhishek Bisen,11.42,5.75,7.02,100,100,0,0,0,0,0,0,0,94.21,0,0,5.79,,1.4,49.56,0,0,32.19,0,17.9,1.66,39.5,-1.19,139.31,88.95
Kotak Mid cap Fund (G),Kotak Mutual Fund,69283,30-03-2007,-0.53,-4.96,-2.99,-7.59,-4.46,12.66,1.52,0.3,14.47,14.21,20.1,15.88,18.79,,,14.38,4,Equity: Mid Cap,137.417,1.25,0.95,18.25,17.76,0.71,0.88,Atul Bhole,0,0,0,100,100,14.71,67.17,15.09,4.25,30.71,"For units in excess of 10% of the investment, 1% will be charged for redemption within 365 days",96.97,3.03,0,0,0,,1.15,0,0,0,0,0.15,2.46,14.2,41.38,0.05,98.26,91.15
Kotak MNC Fund Reg (G),Kotak Mutual Fund,2237,28-10-2024,0.29,-2.03,0.88,-2.99,-0.38,22.49,18.28,,,,,,,,,10.93,0,Equity: Thematic,12.282,0,0,0,0,0,0,Abhishek Bisen,0,0,0,100,100,35.07,26.16,37.77,7.25,40.27,0.5% for redemption within 90 days,99,1,0,0,0,,1.73,0,0,0,0,0,1,0,0,,0,0
Kotak Money Market Fund Reg (G),Kotak Mutual Fund,29764,14-07-2003,0.04,0.08,0.23,0.5,1.58,3.52,6.36,7.02,7.22,6.59,6.15,6.55,7.35,7.3,,7.04,4,Debt: Money Market,4860.0078,0,0,7.02,0.55,2.41,3.48,Deepak Agrawal,0.46,0.46,6.92,1000,100,0,0,0,0,0,0,0,99.68,0,0,0.32,,0.32,15.06,0,0,84.84,0,-0.22,0.13,5.52,2.03,96.1,100
Kotak Multi Asset Active FoF (G),Kotak Mutual Fund,75,27-04-2026,0,-3.09,-1.05,-4.5,-1.43,,,,,,,,,,,-0.94,0,Hybrid: Multi Asset,9.906,0,0,0,0,0,0,Devender Singhal,0,0,0,0,0,0,0,60.05,0,0,"For units in excess of 8% of the investment, 1% will be charged for redemption within 6 months",60.05,22.9,7.57,0,9.48,,0.9,0,0,0,0,16.03,16.35,,,,,
Kotak Multi Asset Allocation Fund Reg (G),Kotak Mutual Fund,14770,22-09-2023,0,-2.96,-0.2,-2.66,-0.81,6.72,10.75,8.25,15.8,,,,,,,15.47,0,Hybrid: Multi Asset,15.578,0,0,0,0,0,0,Devender Singhal,6.88,2.7,6.48,100,100,37.72,15.96,16.45,2.5,18.03,"For units in excess of 30% of the investment, 1% will be charged for redemption within 1 year",70.02,12.08,8.56,0.11,9.23,,1.39,3.29,0,0.72,6.08,0.57,14.28,10.9,39.92,,57.11,74.32
Kotak Multi Asset Omni FOF Reg (G),Kotak Mutual Fund,2567,09-08-2004,0,-3.25,-0.39,-3.65,-0.46,6.53,5.33,5.44,13.61,13.45,16.87,14.18,14.63,12.73,,15.72,0,Hybrid: Multi Asset,251.897,0,0,15.09,10.37,0.91,0.93,Abhishek Bisen,0,0,0,100,100,30.82,16.21,17.44,0,0,"For units in excess of 8% of the investment, 1% will be charged for redemption within 365 days",53.18,16.59,8.54,11.28,10.41,,0.97,0,0,0,0,12.95,14.05,10.09,41.66,0.89,53.43,73.99
Kotak Multi Factor Passive FoF (G),Kotak Mutual Fund,118,20-03-2026,-0.94,-3.28,-2.34,-6.22,-4.72,4.2,,,,,,,,,,3.8,0,Equity: Thematic,10.38,0,0,0,0,0,0,Rohit Tandon,0,0,0,0,0,78.93,19.11,0,0,0,0,98.04,1.96,0,0,0,,0.25,0,0,0,0,0,1.96,,,,,
Kotak Multicap Fund (G),Kotak Mutual Fund,29274,29-09-2021,0.09,-3.23,0.29,-2.65,-1.35,12.67,2.55,-0.79,14.49,14.49,,,,,,14.31,4,Equity: Multi Cap,19.685,4.99,1.03,17.2,17.43,0.66,0.81,Abhishek Bisen,0,0,0,0,0,41.56,25.32,29.74,2.31,17.79,"For units in excess of 10% of the investment, 1% will be charged for redemption within 365 days",96.62,3.38,0,0,0,,1.35,0,0,0,0,0.28,3.07,14.27,42.28,0.72,109.56,97.16
Kotak Nifty 100 Equal Weight Index Fund Reg (G),Kotak Mutual Fund,47,23-12-2024,-0.16,-3.82,-1.48,-6.15,-3.57,10.52,0.18,,,,,,,,,2.5,0,Equity: Index,10.461,0,0,0,0,0,0,Jeetu Valechha Sonar,0,0,0,100,100,89.04,10.96,0,3.22,20.55,0,100,0,0,0,0,,0.58,0,0,0,0,0,0,0,0,,0,0
Kotak NIFTY 100 Low Volatility 30 Index Fund Reg (G),Kotak Mutual Fund,115,07-06-2024,-0.61,-3.47,-2.39,-7.16,-4.37,3.05,-5.61,-6.29,,,,,,,,0.16,0,Equity: Index,10.0379,0,0,0,0,0,0,Jeetu Valechha Sonar,0,0,0,100,100,94.66,5.26,0,3.37,22.62,0,99.92,0.08,0,0,0,,0.71,0,0,0,0,0,0.08,0,0,,0,0
Kotak Nifty 200 Momentum 30 Index Fund Reg (G),Kotak Mutual Fund,588,15-06-2023,-0.01,-3.72,-0.72,-5.82,-4.39,9.05,-1.49,-11.52,8.11,,,,,,,10.47,0,Equity: Index,13.886,-1.47,1.2,13.22,19.79,0.38,0.49,Abhishek Bisen,0,0,0,100,100,66.21,33.69,0,4.5,23.01,0,99.9,0.1,0,0,0,,0.58,0,0,0,0,0,0.1,17.44,43.77,-2.04,135.68,113.03
Kotak Nifty 200 Quality 30 Index Fund (G),Kotak Mutual Fund,18,14-07-2025,0.13,-3.26,-2.65,-7.94,-2.83,4.68,-6.03,,,,,,,,,-6.25,0,Equity: Index,9.212,0,0,0,0,0,0,Jeetu Valechha Sonar,0,0,0,100,100,72.52,25.04,2.32,7.66,24.25,0,99.88,0.12,0,0,0,,0.49,0,0,0,0,0,0.12,0,0,,0,0
Kotak Nifty 50 Equal Weight Index Fund Reg (G),Kotak Mutual Fund,64,23-12-2024,-0.76,-3.84,-2.1,-6.32,-4.34,4.91,-2.01,,,,,,,,,2.59,0,Equity: Index,10.478,0,0,0,0,0,0,Abhishek Bisen,0,0,0,100,100,96.38,3.62,0,3.16,20.66,0,100,0,0,0,0,,0.59,0,0,0,0,0,0,0,0,,0,0
Kotak Nifty 50 Index Fund Reg (G),Kotak Mutual Fund,1172,21-06-2021,-0.42,-3.53,-2.17,-6.07,-4.97,1.95,-7.41,-5.75,5.46,5.77,,,,,,7.63,2,Equity: Index,14.806,-1.96,0.95,8.99,13.58,0.24,0.32,Abhishek Bisen,0,0,0,100,100,98.61,1.34,0,3.16,20.66,0,99.95,0.05,0,0,0,,0.27,0,0,0,0,0,0.05,11.26,47.29,-4.5,99.46,100.02
Kotak Nifty AAA Bond Financial Services Mar 2028 Index Fund (G),Kotak Mutual Fund,231,09-07-2025,0.05,-0.07,0.11,0.36,1.18,3.19,5.39,,,,,,,,,5.29,0,Debt: Medium Duration,10.6716,0,0,0,0,0,0,Abhishek Bisen,1.45,1.37,7.56,0,0,0,0,0,0,0,0,0,100,0,0,0,,0.27,0,0,0,93.42,0,6.58,0,0,,0,0
Kotak Nifty Alpha 50 Index Fund Reg (G),Kotak Mutual Fund,41,19-08-2025,0.22,-4.16,-1.62,-6.86,-0.25,19.99,8.87,,,,,,,,,2.86,0,Equity: Index,10.337,0,0,0,0,0,0,Jeetu Valechha Sonar,0,0,0,100,100,34.89,41.59,23.52,3.19,18.19,0,100,0,0,0,0,,0.8,0,0,0,0,0,0,0,0,,0,0
Kotak Nifty Alpha Low Volatility 30 Index Fund (G),Kotak Mutual Fund,7,17-06-2026,-0.98,-4.1,-2.07,-7.21,-3.83,,,,,,,,,,,-3.76,0,Equity: Index,9.624,0,0,0,0,0,0,Devender Singhal,0,0,0,0,0,83.7,15.59,0,3.33,24.17,0,99.29,0.71,0,0,0,,0.67,0,0,0,0,0,0.71,,,,,
Kotak Nifty Bank Index Fund (G),Kotak Mutual Fund,,,0.67,-3.43,-2.15,-5.92,,,,,,,,,,,,-5.38,,Equity: Index,9.462,,,,,,,,,,,0,0,,,,,,,100,0,0,0,0,,,,,,,,,,,,,
Kotak Nifty Commodities Index Fund Reg (G),Kotak Mutual Fund,296,10-03-2025,-0.19,-3.51,-1.07,-3.81,-4.68,2.35,4,,,,,,,,,10.18,0,Equity: Index,11.631,0,0,0,0,0,0,Jeetu Valechha Sonar,0,0,0,0,0,83.86,16.08,0,2.12,17.5,0,99.94,0.06,0,0,0,,0.39,0,0,0,0,0,0.06,0,0,,0,0
Kotak Nifty Financial Services Ex-Bank Index Fund Reg (G),Kotak Mutual Fund,99,14-08-2023,-0.28,-7.22,-4.26,-9.53,-6.94,9.18,-0.19,2.43,12.13,,,,,,,13.84,0,Equity: Index,15.121,0,0.99,18.06,17.77,0.7,0.95,Abhishek Bisen,0,0,0,1000,500,68.31,26.17,5.52,3.19,19,0,100,0,0,0,0,,0.59,0,0,0,0,0,0,17.04,43.9,0.6,143.3,111.25
Kotak Nifty G-Sec July 2033 Index Fund Reg (G),Kotak Mutual Fund,22,11-10-2023,0,-0.6,-0.49,-1.32,-0.75,2.6,3.65,5.42,7.07,,,,,,,7.07,0,Debt: Long Duration,12.2886,0,0,0,0,0,0,Abhishek Bisen,6.29,4.99,6.73,100,100,0,0,0,0,0,0,0,100,0,0,0,,0.33,97.92,0,0,0,0,2.08,0,0,,0,0
Kotak Nifty India Tourism Index Fund Reg (G),Kotak Mutual Fund,38,23-09-2024,1.23,-2.5,1.94,-2.83,-4.09,17.75,-13.34,-8.26,,,,,,,,-9.36,0,Equity: Index,8.2,0,0,0,0,0,0,Jeetu Valechha Sonar,0,0,0,100,100,20.24,50.43,29.19,10.59,191.08,0,99.86,0.14,0,0,0,,0.78,0,0,0,0,0,0.14,0,0,,0,0
Kotak Nifty Midcap 150 Index Fund Reg (G),Kotak Mutual Fund,42,21-03-2025,0.07,-4.65,-2.22,-7.13,-3.93,12.51,3.61,,,,,,,,,7.24,0,Equity: Index,11.167,0,0,0,0,0,0,Jeetu Valechha Sonar,0,0,0,100,100,11.61,84.13,4.26,3.97,25.4,0,100,0,0,0,0,,0.52,0,0,0,0,0,0,0,0,,0,0
Kotak Nifty Midcap 150 Momentum 50 Index Reg (G),Kotak Mutual Fund,443,08-10-2024,-0.41,-4.49,-1.65,-6.98,-3.94,11.31,2.88,-4.67,,,,,,,,-4.67,0,Equity: Index,9.075,0,0,0,0,0,0,Jeetu Valechha Sonar,0,0,0,100,100,20.95,78.95,0,4.25,23.45,0,99.9,0.1,0,0,0,,0.79,0,0,0,0,0,0.1,0,0,,0,0
Kotak Nifty Midcap 50 Index Fund Reg (G),Kotak Mutual Fund,81,16-08-2024,-0.01,-5.34,-3.07,-8,-3.26,13.4,6.3,-0.15,,,,,,,,1.55,0,Equity: Index,10.342,0,0,0,0,0,0,Jeetu Valechha Sonar,0,0,0,100,100,12.63,87.3,0,4.07,36.23,0,99.93,0.07,0,0,0,,0.73,0,0,0,0,0,0.07,0,0,,0,0
Kotak Nifty Next 50 Index Fund Reg (G),Kotak Mutual Fund,1222,10-03-2021,0.41,-3.79,-0.8,-5.49,-2.46,15.7,3.07,-4.62,15.76,10.66,,,,,,13.19,5,Equity: Index,19.9163,6.04,1.28,19.02,19.95,0.67,0.86,Jeetu Valechha Sonar,0,0,0,100,100,86.88,13.12,0,3.37,20.28,0,100,0,0,0,0,,0.42,0,0,0,0,0,0,16.55,40.92,-4.62,126.58,103.29
Kotak Nifty SDL Apr 2027 Top 12 Equal Weight Index Fund Reg (G),Kotak Mutual Fund,6575,11-02-2022,0.01,0.06,0.13,0.37,1.18,2.78,5.89,6.79,7.32,,,,,,,6.13,0,Debt: Medium Duration,13.1898,0,0,7.1,0.84,1.66,3.06,Abhishek Bisen,0.61,0.59,5.89,100,100,0,0,0,0,0,0.15% for redemption within 30 days,0,100,0,0,0,,0.3,97.24,0,0,0,0,2.76,0.37,21.79,-0.19,192.83,69.93
Kotak Nifty SDL Apr 2032 Top 12 Equal Weight Index Fund Reg (G),Kotak Mutual Fund,3275,11-02-2022,0.15,-0.17,-0.06,-0.44,-0.22,2.88,4.26,5.62,6.79,,,,,,,6.35,0,Debt: Long Duration,13.3203,0,0,6.92,2.99,0.41,0.52,Abhishek Bisen,5.51,4.5,7.24,100,100,0,0,0,0,0,0.15% for redemption within 30 days,0,100,0,0,0,,0.31,97.65,0,0,0,0,2.35,1.89,39.03,0.22,165.04,78.99
Kotak Nifty SDL Jul 2026 Index Fund Reg (G),Kotak Mutual Fund,0,01-01-1900,0,0,0.01,0.21,1.07,2.36,5.17,6.54,6.91,,,,,,,6.89,0,Debt: Medium Duration,12.7164,0,0,6.69,0.58,1.63,3.19,,0.04,0.03,5.33,100,100,0,0,0,0,0,,0,100,0,0,0,,0,0,0,0,0,0,100,0.2,14.06,-0.47,193.2,70.17
Kotak Nifty SDL Jul 2033 Index Fund Reg (G),Kotak Mutual Fund,185,15-02-2023,0.17,-0.3,-0.15,-0.65,0.03,3.13,4.45,5.19,6.61,,,,,,,7.03,0,Debt: Medium Duration,12.8193,0,0,6.81,2.9,0.38,0.54,Abhishek Bisen,6.53,5.16,7.37,100,100,0,0,0,0,0,0,0,100,0,0,0,,0.37,96.25,0,0,0,0,3.75,1.9,40.55,-0.39,167.6,78.46
Kotak Nifty SDL Plus AAA PSU Bond Jul 2028 60:40 Index Fund Reg (G),Kotak Mutual Fund,495,13-10-2022,0.07,-0.02,0.09,0.27,0.97,2.9,5.25,6.61,7.22,,,,,,,7.26,0,Debt: Long Duration,13.204,0,0,7.04,1.47,0.91,1.46,Abhishek Bisen,1.67,1.57,6.97,100,100,0,0,0,0,0,0.15% for redemption within 30 days,0,100,0,0,0,,0.34,58.7,0,0,38.83,0,2.47,0.66,28,0.25,184.23,72.77
Kotak Nifty Smallcap 250 Index Fund Reg (G),Kotak Mutual Fund,66,27-01-2025,0.18,-3.53,-0.73,-3.33,0.28,24.25,6.12,,,,,,,,,8.19,0,Equity: Index,11.461,0,0,0,0,0,0,Jeetu Valechha Sonar,0,0,0,100,100,0,7.28,92.72,3.45,32.9,0,100,0,0,0,0,,0.53,0,0,0,0,0,0,0,0,,0,0
Kotak Nifty Smallcap 50 Index Fund Reg (G),Kotak Mutual Fund,229,10-04-2023,-0.2,-4.16,-1.32,-3.58,2.82,28.41,13.51,1.56,16.87,,,,,,,24.82,4,Equity: Index,21.946,5.26,1.02,20.86,22.55,0.67,1.09,Abhishek Bisen,0,0,0,100,100,0,15.93,84.07,3.44,35.88,0,100,0,0,0,0,,0.66,0,0,0,0,0,0,18.35,42.95,-0.68,130.18,103.25
Kotak Nifty Top 10 Equal Weight Index Fund Reg (G),Kotak Mutual Fund,40,28-04-2025,0.06,-2.81,-2.98,-6.24,-5.05,-1.29,-12.43,,,,,,,,,-10.51,0,Equity: Index,8.483,0,0,0,0,0,0,Jeetu Valechha Sonar,0,0,0,0,0,100,0,0,2.89,20.35,0,100,0,0,0,0,,0.73,0,0,0,0,0,0,0,0,,0,0
Kotak Nifty200 Value 30 Index Fund (G),Kotak Mutual Fund,14,05-02-2026,0.05,-3.8,-1.72,-4.58,-6.32,0.66,,,,,,,,,,-8.68,0,Equity: Index,9.132,0,0,0,0,0,0,Jeetu Valechha Sonar,0,0,0,0,0,80.81,17.94,1.2,1.4,8.84,0,99.95,0.05,0,0,0,,0.44,0,0,0,0,0,0.05,,,,,
Kotak Nifty500 Momentum 50 Index Fund (G),Kotak Mutual Fund,24,11-12-2025,-0.08,-3.42,-0.34,-5.52,-1.78,14.87,,,,,,,,,,-0.4,0,Equity: Index,9.96,0,0,0,0,0,0,Jeetu Valechha Sonar,0,0,0,0,0,43.7,35.83,20.47,5.57,26.66,0,100,0,0,0,0,,0.44,0,0,0,0,0,0,,,,,
Kotak Overnight Fund (G),Kotak Mutual Fund,8618,15-01-2019,0.01,0.09,0.2,0.39,1.24,2.54,5.17,5.6,5.96,5.63,4.98,,,,,5.05,4,Debt: Overnight,1463.5682,0,0,5.86,0.2,0.85,1.74,Deepak Agrawal,0.01,0.01,5.3,0,0,0,0,0,0,0,0,0,100,0,0,0,,0.15,3.25,0,0,0,0,96.75,0,0,-0.94,100.29,100
Kotak Pioneer Fund (G),Kotak Mutual Fund,4023,31-10-2019,0,-3.43,1.3,-2.42,2.51,22.9,9.52,5.42,18.59,13.9,,,,,,19.64,0,Equity: Thematic,34.957,6.28,0.91,18.81,15.27,0.86,1.06,Harish Bihani,0,0,0,0,100,32.26,35.18,28.86,5.97,49.12,0.5% for redemption within 90 days,80.48,3.69,0,15.83,0,,1.56,0,0,0,0,0.98,2.71,10.85,40.57,0.87,74.77,79.97
Kotak Quality Overseas Equity Omni FoF (G),Kotak Mutual Fund,391,25-03-2026,0,0.35,0.9,-0.95,5.85,15.19,,,,,,,,,,15.33,0,Equity: Global,11.533,0,0,0,0,0,0,Arjun Khanna,0,0,0,0,0,0,0,0,0,0,1% for redemption within 90 days,0,1.72,0,98.28,0,,1.06,0,0,0,0,0,100,,,,,
Kotak Quant Fund Reg (G),Kotak Mutual Fund,490,02-08-2023,-0.36,-3.28,-0.72,-6.3,-3.17,7.67,-0.98,-6.2,12.17,,,,,,,12.65,0,Equity: Thematic,14.58,0,1.06,16.1,17.21,0.6,0.8,Harsha Upadhyaya,0,0,0,1000,500,45.99,42.86,10.61,4.14,25.89,0.5% for redemption within 90 days,99.46,0.54,0,0,0,,1.6,0,0,0,0,0.12,0.42,14.4,42.55,0.55,103.68,95.84
Kotak Rural Opportunities Fund (G),Kotak Mutual Fund,807,27-11-2025,-0.19,-3.52,-0.6,-5,-3.4,1.15,,,,,,,,,,-8.53,0,Equity: Thematic,9.147,0,0,0,0,0,0,Abhishek Bisen,0,0,0,0,0,68.61,11.96,17.33,3.77,24.56,0.5% for redemption within 90 days,97.9,2.1,0,0,0,,2.03,0,0,0,0,0,2.1,,,,,
Kotak S&P BSE Housing Index Fund Reg (G),Kotak Mutual Fund,13,28-08-2023,0.31,-2.65,1.06,-7.47,-4.15,10.7,-8.97,-9.79,5.63,,,,,,,6.38,0,Equity: Index,12.151,0,0,0,0,0,0,Jeetu Valechha Sonar,0,0,0,100,100,28.31,68.02,3.67,4.13,38.08,0,100,0,0,0,0,,0.56,0,0,0,0,0,0,16.62,46.13,-0.64,121.71,108.69
Kotak Services Fund (G),Kotak Mutual Fund,759,25-02-2026,-0.05,-3.51,-1.88,-5.78,-2.82,4.39,,,,,,,,,,-0.16,0,Equity: Thematic,9.984,0,0,0,0,0,0,Abhishek Bisen,0,0,0,0,0,72.88,5.1,20.05,2.85,19.67,0.5% for redemption within 90 days,98.03,1.97,0,0,0,,2.03,0,0,0,0,0,1.97,,,,,
Kotak Short Term Fund (G),Kotak Mutual Fund,14436,02-05-2002,0.05,-0.15,0.07,0.18,0.57,2.69,4.51,5.97,6.57,5.6,6.12,6.39,7.26,7.48,,7.24,3,Debt: Short Duration,55.2435,0,0,6.46,1.37,0.56,0.92,Abhishek Bisen,4.56,2.83,7.55,100,100,0,0,0,0,0,0,0,99.63,0,0,0.37,,0.95,8.49,0,0,85.82,0,5.32,0.59,26.66,0.39,98.15,100
Kotak Silver E T F FoF Reg (G),Kotak Mutual Fund,914,31-03-2023,0.23,-4.8,-2.3,-6,-1.43,-4.19,53.34,53.52,42.63,,,,,,,34.73,0,Commodity: Silver,28.8425,2.31,0.83,43.03,37.03,1.01,2.15,Abhishek Bisen,0,0,0,100,100,0,0,0,0,0,0.5% for redemption within 30 days,0,0.8,0,0,99.2,,0.55,0,0,0,0,0,100,37.59,44.85,-0.38,74.73,79.47
Kotak Smallcap Fund (G),Kotak Mutual Fund,18933,24-02-2005,0.16,-3.05,0.99,-2.94,2.06,24.24,6.72,-3.11,10.88,11.12,21.33,15.69,17.81,14.74,,16.49,1,Equity: Small Cap,270.975,-1.88,0.86,13.27,19.41,0.39,0.56,Harish Bihani,0,0,0,100,100,7.14,15.57,76.34,4.13,33.51,"For units in excess of 10% of the investment, 1% will be charged for redemption within 365 days",99.05,0.95,0,0,0,,1.41,0,0,0,0,0,0.95,13.84,42.74,-0.62,75.03,86.28
Kotak Special Opportunities Fund Reg (G),Kotak Mutual Fund,1479,29-06-2024,-0.02,-3.48,2.25,-0.49,5.85,31.8,17.9,3.35,,,,,,,,5.46,0,Equity: Thematic,11.274,0,0,0,0,0,0,Abhishek Bisen,0,0,0,100,100,10.72,24.1,59.53,2.85,26.69,0.5% for redemption within 90 days,94.35,5.65,0,0,0,,1.79,0,0,0,0,0,5.65,0,0,,0,0
Kotak Technology Fund Reg (G),Kotak Mutual Fund,571,04-03-2024,0,-3.16,-3.7,-6.99,7.34,4.87,-9.36,-11.49,,,,,,,,-0.45,0,Equity: Sectoral,9.882,0,0,0,0,0,0,Shibani Sircar Kurian,0,0,0,100,100,57.6,30.62,10.09,5.38,28.71,0.5% for redemption within 30 days,95.13,1.69,0,3.18,0,,2.09,0,0,0,0,0,1.69,0,0,,0,0
Kotak Transportation & Logistics Fund Reg (G),Kotak Mutual Fund,532,16-12-2024,0.34,-2.12,3.15,-0.03,7.49,21.98,4.93,,,,,,,,,10.28,0,Equity: Thematic,11.981,0,0,0,0,0,0,Nalin Rasik Bhatt,0,0,0,100,100,38.75,15.77,44.58,4.65,27.95,0.5% for redemption within 90 days,99.1,0.9,0,0,0,,2.08,0,0,0,0,0,0.9,0,0,,0,0
Kotak Ultra Short Term Fund (G),Kotak Mutual Fund,15962,13-08-2004,0.03,0.06,0.2,0.48,1.44,3.1,6.01,6.54,6.72,6.12,5.79,6.25,7.18,7.3,,7.15,3,Debt: Ultra Short Duration,46.1476,0,0,6.54,0.48,1.77,2.46,Deepak Agrawal,0.52,0.4,7.25,100,100,0,0,0,0,0,0,0,99.07,0.63,0,0.3,,0.7,13.18,0,18.4,64.47,0,3.02,0.11,6.22,1.28,97.84,100
Kotak Ultra Short to Short Term Fund Std (G),Kotak Mutual Fund,12093,06-03-2008,0.04,-0.01,0.1,0.32,1.19,2.9,5.44,6.44,6.62,5.91,6.05,6.49,7.34,,,7.11,2,Debt: Low Duration,3580.9658,0,0,6.49,0.71,1.13,1.62,Deepak Agrawal,1.04,0.94,7.5,100,100,0,0,0,0,0,0,0,98.71,0.93,0,0.36,,1,12.27,0,14.56,69.74,0,2.14,0.2,10.34,0.8,97.99,100
Kotak US Specific Equity Passive FOF Reg (G),Kotak Mutual Fund,4290,02-02-2021,0,-0.19,4.74,2.53,1.99,32.25,32.93,31.35,33.27,21.07,,,,,,20.41,0,Equity: Global,28.926,0,0,28.12,19.26,1.16,2.13,Arjun Khanna,0,0,0,100,100,0,0,0,0,0,0,0,0.09,0,99.91,0,,0.6,0,0,0,0,0,100,16.18,41.26,0.44,3.07,41.94
LIC Infrastructure Fund (G),LIC Mutual Fund,1145,24-03-2008,-0.09,-2.43,1.35,-2.12,-2.46,18.81,9.44,1.58,21.32,20.15,20.85,16.31,13.77,,,9.42,5,Equity: Sectoral,53.6862,6.55,0.74,23.39,22.63,0.78,1.12,Mahesh Bendre,0,0,0,500,200,41.85,18.08,34.26,3.38,15.92,"For units in excess of 12% of the investment, 1% will be charged for redemption within 90 days",94.19,5.81,0,0,0,,1.88,0,0,0,0,0,5.81,18.01,42.06,0.47,121.94,97.27
LIC Large & Mid cap Fund Reg (G),LIC Mutual Fund,3133,25-02-2015,-0.03,-5.05,-2.28,-7.73,-4.09,9.08,-2.28,-4.4,10.74,8.92,13.36,12.24,,,,11.94,3,Equity: Large & Mid Cap,36.9974,1.61,1.04,14.83,16.68,0.55,0.72,Sudhanshu Asthana,0,0,0,500,200,35.92,44.75,17.85,5.73,39.06,"For units in excess of 12% of the investment, 1% will be charged for redemption within 3 months",98.52,1.48,0,0,0,,1.66,0,0,0,0,0,1.48,13.74,44.31,0.04,103.87,97.03
LIC Large Cap Fund (G),LIC Mutual Fund,1387,01-09-1994,-0.26,-3.27,-0.88,-5.53,-3.06,6.12,-6.69,-6.27,6.05,4.46,9.2,9.04,10.66,8.52,14.45,9.19,2,Equity: Large Cap,51.3055,-2.41,1.02,9.31,14.86,0.24,0.3,Sumit Bhatnagar,0,0,0,500,200,81.12,13.75,3.62,3.85,19.17,"For units in excess of 12% of the investment, 1% will be charged for redemption within 3 months",98.49,1.51,0,0,0,,1.83,0,0,0,0,0,1.51,12.04,45.05,-0.72,99.02,99.7
LIC MF Aggressive Hybrid Fund (G),LIC Mutual Fund,540,31-03-1992,0.18,-2.18,1.65,-1.55,2.42,13.6,3.79,0.61,10.33,7.87,9.74,8.66,9.51,8.12,0,10.79,2,Hybrid: Aggressive,201.5789,0,0,11.31,12.42,0.45,0.56,Siddharth Panjwani,0,0,0,1000,200,24.6,24.9,19.25,4.66,36.55,"For units in excess of 12% of the investment, 1% will be charged for redemption within 3 months",68.75,31.25,0,0,0,,2.08,14.56,0,0,8.28,0,8.41,9.87,43.56,0.53,99.46,96.71
LIC MF Arbitrage Fund (G),LIC Mutual Fund,265,25-01-2019,0.13,0.01,0.3,0.49,1.46,2.86,6,6.13,6.37,5.84,5.2,,,,,5.25,3,Hybrid: Arbitrage,14.8182,0,0,6.26,0.44,1.29,1.74,Sasikant Aravamuthan,0,0,0,0,200,0,0,0,2.25,19.86,0.25% for redemption within 30 days,0,100,0,0,0,,0.74,0,0,0,0,28.21,3.63,0.59,30.76,-2.38,98.44,100
LIC MF Balanced Advantage Fund Reg (G),LIC Mutual Fund,686,12-11-2021,0.06,-2.84,-0.5,-5.02,-0.56,7.11,-0.2,0.15,6.11,,,,,,,6.23,2,Hybrid: Balanced Advantage,13.4371,0,0,8.37,9.03,0.3,0.38,Mahesh Bendre,9.28,5.01,7.08,0,0,40.22,24.88,13.02,4.99,35.13,"For units in excess of 12% of the investment, 1% will be charged for redemption within 3 months",78.12,21.88,0,0,0,,2.04,3.67,0,0,14.02,0,4.19,7.26,44.31,0.08,62.96,91.41
LIC MF Banking & Financial Services Fund Reg (G),LIC Mutual Fund,270,27-03-2015,0.75,-6.12,-4.49,-8.76,-6.45,5.56,-2.27,-0.79,4.67,7.57,8.41,7.01,,,,6.25,1,Equity: Sectoral,20.101,-2.8,0.98,9.3,15.78,0.23,0.34,Sudhanshu Asthana,0,0,0,500,200,39.46,36.72,21.94,2.49,19.61,"For units in excess of 12% of the investment, 1% will be charged for redemption within 90 days",98.12,1.88,0,0,0,,2.1,0,0,0,0,0,1.88,13.84,44.85,-0.48,103.81,102.28
LIC MF Banking and PSU Debt Fund (G),LIC Mutual Fund,1649,31-05-2007,0.06,-0.08,0.11,0.25,0.59,3.16,4.74,6.17,6.74,5.75,5.89,6.42,6.86,,,6.99,3,Debt: Banking and PSU,36.9704,0,0,6.6,1.6,0.57,0.99,Pratik Harish Shroff,3.59,2.28,7.07,500,200,0,0,0,0,0,0,0,99.67,0,0,0.33,,0.57,12.91,0,0,83.49,0,3.27,0.68,28.31,-0.7,97.65,100
LIC MF BSE Sensex Index Fund (G),LIC Mutual Fund,93,05-12-2002,-0.07,-3.15,-2.09,-5.85,-5.18,1.02,-9.62,-7.2,3.34,4.32,9.53,10.05,10.37,8.44,,11.96,1,Equity: Index,135.6985,-4.12,0.93,6.69,13.44,0.07,0.1,Nikhil Kapoor,0,0,0,500,200,99.59,0,0,3.32,22.76,0.25% for redemption within 7 days,99.59,0.41,0,0,0,,0.9,0,0,0,0,0,0.41,11.27,48.3,-2.09,96.35,100.89
LIC MF Childrens Fund (G),LIC Mutual Fund,16,12-11-2001,0.17,-2.03,-0.34,-4.49,0.9,16.68,4.89,-2.1,7.83,6.82,9.54,7.59,8.95,4.26,,4.96,2,Solution: Children Equity,33.5522,-1.92,0.9,10.45,14.98,0.32,0.36,Siddharth Panjwani,0,0,0,500,200,38.58,27.97,15.82,5.66,37.68,0,82.37,17.63,0,0,0,,2.09,9.35,0,0,0,0,8.28,12.71,42.06,0.23,128.38,107.04
LIC MF Conservative Hybrid Fund (G),LIC Mutual Fund,47,01-06-1998,-0.03,-0.77,-0.31,-1.7,-0.45,2.99,2.71,2.29,5.46,4.54,5.82,5.63,6.48,6.58,7.25,7.73,1,Hybrid: Conservative,83.567,0,0,6,3.95,0.08,0.1,Siddharth Panjwani,4.15,3.6,6.58,500,200,10.09,8.29,0.96,6.72,45.17,"For units in excess of 12% of the investment, 1% will be charged for redemption within 90 days",19.34,80.26,0,0,0.4,,1.82,52.05,0,0,8.93,0,19.28,2.61,44.89,-0.34,129.14,94.42
LIC MF Consumption Fund Reg (G),LIC Mutual Fund,479,21-11-2025,-0.28,-3.53,-1.17,-6.11,-3.28,9.2,,,,,,,,,,-7.27,0,Equity: Thematic,9.2732,0,0,0,0,0,0,Nikhil Kapoor,0,0,0,0,0,40.43,28.76,30.07,5.75,32.08,"For units in excess of 12% of the investment, 1% will be charged for redemption within 90 days",99.26,0.74,0,0,0,,2.1,0,0,0,0,0,0.74,,,,,
LIC MF Dividend Yield Fund (G),LIC Mutual Fund,731,21-12-2018,0,-2.06,-0.25,-4.01,-0.59,19.57,5.4,-1.19,16.39,13.42,17.27,,,,,15.94,0,Equity: Dividend Yield,31.83,4.94,1.14,19.25,18.06,0.75,1.01,Dikshit Mittal,0,0,0,0,200,44.32,18.43,33.46,3.85,21.96,"For units in excess of 12% of the investment, 1% will be charged for redemption within 12 months",96.21,3.79,0,0,0,,2.03,0,0,0,0,0,3.79,14.15,40.79,1.2,113.12,96.21
LIC MF ELSS Tax Saver (G),LIC Mutual Fund,1030,31-03-1997,-0.12,-3.22,-0.74,-4.26,-2.17,9.69,-5,-5.12,7.81,7.27,10.81,10.66,12.11,9.35,13.1,10.39,2,Equity: ELSS,142.9465,-1.13,0.94,10.37,14.96,0.31,0.4,Nikhil Kapoor,0,0,0,500,1000,56.1,14.63,28.23,4.05,28.53,0,98.96,1.04,0,0,0,,1.92,0,0,0,0,0,1.04,11.88,43.69,-0.58,88.65,94.22
LIC MF Equity Savings Fund (G),LIC Mutual Fund,38,07-03-2011,0,-1.21,-0.31,-1.91,1.14,6.1,1.69,3.5,7.13,6.33,7.69,6.39,6.94,,,6.88,2,Hybrid: Equity Savings,28.2803,0,0,8.33,7.15,0.37,0.51,Siddharth Panjwani,0,0,0,500,200,21.21,9.7,2.78,4.4,28.67,"For units in excess of 12% of the investment, 1% will be charged for redemption within 3 months",33.69,66.31,0,0,0,,1.99,0,0,0,0,22.85,42.73,5.82,42.78,0.23,-54.59,85.9
LIC MF Flexi Cap Fund (G),LIC Mutual Fund,1075,15-04-1993,0.46,-4.69,-2.24,-7.93,-1.62,16.22,2.25,-2.76,9.18,8.56,11.16,9.82,10.34,8.84,13.07,8.63,3,Equity: Flexi Cap,100.9876,-0.1,0.98,13.3,16.21,0.47,0.56,Nikhil Kapoor,0,0,0,500,200,45.13,31.8,21.5,4.81,38.77,"For units in excess of 12% of the investment, 1% will be charged for redemption within 3 months",98.43,1.57,0,0,0,,1.89,0,0,0,0,0,1.57,13.53,41.38,0.04,96.25,94.84
LIC MF Focused Fund Reg (G),LIC Mutual Fund,173,17-11-2017,0,-2.22,0.89,-2.44,0.51,17.3,3.39,-2.56,8.31,7.28,11.92,,,,,9.08,0,Equity: Focused,21.63,-2.2,0.95,10.27,15.57,0.29,0.37,Mahesh Bendre,0,0,0,500,200,42.11,20.09,32.78,3.52,11.98,"For units in excess of 12% of the investment, 1% will be charged for redemption within 12 months",94.98,5.02,0,0,0,,2.1,0,0,0,0,0,5.02,13.52,42.92,-0.46,95.72,97.48
LIC MF Gilt Fund PF (G),LIC Mutual Fund,45,29-12-2003,0.06,-0.26,0.29,0,-0.85,4.81,2.15,2.47,4.79,4.23,4.98,5.6,6.42,6.05,,5.59,2,Debt: Gilt Fund 10 yr duration,34.7922,0,0,4.86,4.59,-0.18,-0.22,Pratik Harish Shroff,24.72,9.4,7.05,500,200,0,0,0,0,0,0.25% for redemption within 30 days,0,100,0,0,0,,0,88.88,0,0,0,0,11.12,2.89,43.37,-0.68,109.49,100.96
LIC MF Gilt Fund Reg (G),LIC Mutual Fund,45,10-12-1999,0.06,-0.26,0.29,0,-0.85,4.81,2.15,2.47,4.79,4.23,4.98,5.6,6.41,6.04,6.51,6.74,1,Debt: Gilt Fund 10 yr duration,60.2394,0,0,4.86,4.59,-0.18,-0.22,Pratik Harish Shroff,24.72,9.4,7.05,500,200,0,0,0,0,0,0.25% for redemption within 30 days,0,100,0,0,0,,0.97,88.88,0,0,0,0,11.12,2.89,43.51,-0.68,109.49,100.96
LIC MF Gold E T F FoF (G),LIC Mutual Fund,775,14-08-2012,0,-3.06,-1.67,-5.2,4.08,0.6,24.92,36.69,34.27,0,0,0,,,,31.19,2,Commodity: Gold,37.6467,-0.02,0.93,32.66,19.3,1.4,2.26,Sasikant Aravamuthan,0,0,0,500,200,0,0,0,0,0,1% for redemption within 15 days,0,0.07,99.93,0,0,,0.52,0,0,0,0,0,0.07,21.64,42.88,-0.36,55.46,72.45
LIC MF Healthcare Fund (G),LIC Mutual Fund,98,28-02-2019,0,-2.06,0.72,-2.68,6.12,23.63,16.83,6.83,20.5,11.44,19.22,,,,,17.27,1,Equity: Sectoral,33.8,-1.28,0.93,21.76,15.86,1.01,1.49,Dhaval Sangoi,0,0,0,0,200,32.06,32.6,33.84,6.42,52.26,"For units in excess of 12% of the investment, 1% will be charged for redemption within 90 days",98.5,1.5,0,0,0,,2.1,0,0,0,0,0,1.5,11.77,42.21,0.07,46.89,65.86
LIC MF Liquid Fund (G),LIC Mutual Fund,17484,18-03-2002,0.02,0.08,0.21,0.46,1.52,3.37,6.37,6.54,6.82,6.23,5.6,5.99,6.91,7.02,,6.85,3,Debt: Liquid,5091.8785,0,0,6.65,0.21,4.54,8.81,Aakash Parash Dhulia,0.11,0.11,6.36,500,1000,0,0,0,0,0,Exit load of 0.0070% if redeemed within 1 day. 0.0065% if redeemed within 2 days. 0.0060% if redeemed within 3 days. 0.0055% if redeemed within 4 days. 0.0050% if redeemed within 5 days. 0.0045% if redeemed within 6 days.,0,99.8,0,0,0.2,,0.17,11.13,0,0,80.48,0,8.19,0,0,3.42,0,0
LIC MF Manufacturing Fund Reg (G),LIC Mutual Fund,782,11-10-2024,-0.17,-2.39,1.37,-1.47,0.15,23.57,14.2,0,,,,,,,,6.69,0,Equity: Thematic,11.361,0,0,0,0,0,0,Mahesh Bendre,0,0,0,500,200,32.13,12.69,51.83,4.76,16.63,"For units in excess of 12% of the investment, 1% will be charged for redemption within 90 days",96.65,3.35,0,0,0,,2.01,0,0,0,0,0,3.35,0,0,,0,0
LIC MF Medium to Long Term Fund (G),LIC Mutual Fund,175,23-06-1999,0.04,-0.22,0.17,0.06,-0.04,3.57,4.24,5.2,6.38,5.52,5.6,5.66,6.59,6.93,7.07,7.37,4,Debt: Medium to Long Duration,75.6375,0,0,6.28,2.68,0.22,0.32,Pratik Harish Shroff,11.57,5.41,6.95,500,200,0,0,0,0,0,0.25% for redemption within 15 days,0,99.66,0,0,0.34,,0.53,37.19,0,0,48.65,0,13.82,1.4,39.64,-1.01,150.2,85.07
LIC MF Midcap Fund Reg (G),LIC Mutual Fund,376,25-01-2017,0,-4.6,-1.82,-6.44,-1.82,18.13,3.96,-2.36,13.62,11.05,16.61,,,,,11.89,2,Equity: Mid Cap,29.65,-1.4,1.03,17.4,18.92,0.62,0.83,Sudhanshu Asthana,0,0,0,500,200,11.9,64.73,21.54,5.31,43.34,"For units in excess of 12% of the investment, 1% will be charged for redemption within 12 months",98.17,1.83,0,0,0,,2.1,0,0,0,0,0,1.83,14.81,42.78,-0.13,105.74,95.12
LIC MF Multi Asset Allocation Fund (G),LIC Mutual Fund,978,14-02-2025,0,-3.18,-0.43,-3.61,0.15,9.14,3.34,,,,,,,,,11.09,0,Hybrid: Multi Asset,11.936,0,0,0,0,0,0,Pratik Harish Shroff,0,0,0,500,200,31.76,18.8,17.97,4.07,20.44,"For units in excess of 12% of the investment, 1% will be charged for redemption within 3 months",68.53,12.52,15.07,0,3.88,,1.78,4.33,0,0,7.02,0,5.05,0,0,,0,0
LIC MF Multi Cap Fund Reg (G),LIC Mutual Fund,2130,31-10-2022,0.02,-3.38,-1.15,-5.43,-0.65,19.29,6.67,0.79,15.33,,,,,,,15.99,3,Equity: Multi Cap,17.9014,5.23,1.01,18.05,17.67,0.7,0.87,Dikshit Mittal,0,0,0,500,200,37.55,29.04,27.66,4.58,33.05,"For units in excess of 12% of the investment, 1% will be charged for redemption within 365 days",94.25,5.75,0,0,0,,1.73,0,0,0,0,0,5.75,13.67,41.6,0.66,102.56,93.47
LIC MF Nifty 50 Index Fund (G),LIC Mutual Fund,371,05-12-2002,-0.42,-3.51,-2.17,-6.08,-5.14,1.59,-8.06,-6.28,4.92,5.23,10.2,10.09,10.6,8.84,,11.59,2,Equity: Index,125.0575,-2.52,0.94,8.44,13.57,0.2,0.26,Nikhil Kapoor,0,0,0,500,200,98.57,1.34,0,3.16,20.66,0.25% for redemption within 7 days,99.91,0.09,0,0,0,,0.89,0,0,0,0,0,0.09,11.27,48.03,-15.87,98.66,100.2
LIC MF Nifty Next 50 Index Fund (G),LIC Mutual Fund,111,20-09-2010,0,-4.21,-1.25,-5.92,-2.94,15.4,2.71,-4.86,15.47,10.39,13.89,11.45,13.5,,,10.75,4,Equity: Index,51.6938,5.96,1.28,18.9,19.93,0.66,0.85,Nikhil Kapoor,0,0,0,500,200,86.9,13.1,0,3.37,20.28,0,100,0,0,0,0,,0.7,0,0,0,0,0,0,16.49,41.08,-1.55,126.78,102.56
LIC MF Overnight Fund (G),LIC Mutual Fund,732,18-07-2019,0.01,0.1,0.2,0.4,1.26,2.56,5.2,5.6,5.95,5.61,4.97,,,,,4.98,2,Debt: Overnight,1419.9157,0,0,5.84,0.19,0.77,1.58,Aakash Parash Dhulia,0.01,0.01,5.28,0,200,0,0,0,0,0,0,0,100,0,0,0,,0.1,7.49,0,0,0,0,92.51,0,0,-1.13,0,0
LIC MF Short Term Fund Reg (G),LIC Mutual Fund,124,01-02-2019,0.06,-0.1,0.11,0.23,0.5,3.13,4.56,5.92,6.48,5.25,5.45,,,,,5.79,2,Debt: Short Duration,15.447,0,0,6.34,1.52,0.43,0.64,Pratik Harish Shroff,2.57,2.31,7.1,0,200,0,0,0,0,0,0,0,99.4,0,0,0.6,,1,16.46,0,12.29,58.51,0,12.14,0.61,28.69,0.26,98.54,100
LIC MF Smallcap Fund Reg (G),LIC Mutual Fund,758,21-06-2017,0.11,-1.95,0.48,-2.11,4.1,34.75,16.34,1.41,16.64,16.22,21.34,,,,,14.43,3,Equity: Small Cap,34.9377,1.04,0.96,19.06,21.76,0.61,0.81,Dikshit Mittal,0,0,0,500,200,1.52,5.61,87.79,4.34,22.98,"For units in excess of 12% of the investment, 1% will be charged for redemption within 12 months",94.92,5.08,0,0,0,,1.99,0,0,0,0,0,5.08,17.35,40.72,0.25,102.53,92.94
LIC MF Technology Fund (G),LIC Mutual Fund,93,13-03-2026,-0.06,-3.63,-3.38,-6.75,2.28,7.36,,,,,,,,,,6.79,0,Equity: Sectoral,10.6786,0,0,0,0,0,0,Siddharth Panjwani,0,0,0,0,0,38.84,41.9,14.18,6.51,36.78,"For units in excess of 12% of the investment, 1% will be charged for redemption within 90 days",94.92,5.08,0,0,0,,2.1,0,0,0,0,0,5.08,,,,,
LIC MF Ultra Short Term Fund Reg (G),LIC Mutual Fund,678,27-11-2019,0.04,0.08,0.23,0.46,1.38,3.19,5.77,6.26,6.4,5.73,,,,,,6.96,3,Debt: Ultra Short Duration,1418.1682,0,0,6.23,0.42,1.27,1.86,Pratik Harish Shroff,0.36,0.36,6.8,0,200,0,0,0,0,0,0,0,99.81,0,0,0.19,,1.19,8.92,0,2.26,83.65,0,4.98,0.07,5.1,0.68,98.93,100
LIC MF Ultra Short to Short Term Fund (G),LIC Mutual Fund,2010,09-06-2003,0.04,0.03,0.21,0.48,1.43,3.49,5.86,6.54,6.67,5.91,5.9,5.85,6.67,6.67,,6.4,3,Debt: Low Duration,42.5262,0,0,6.48,0.63,1.25,1.95,Pratik Harish Shroff,0.84,0.83,7.1,500,200,0,0,0,0,0,0,0,99.72,0,0,0.28,,0.37,7.74,0,7.13,77.34,0,7.51,0.18,8.15,0.86,98.07,100
LIC MF Value Fund (G),LIC Mutual Fund,261,20-08-2018,0,-2.29,1.49,-0.8,3.22,26.41,21.04,3.39,15.83,12.56,15.9,,,,,13.8,2,Equity: Value,28.53,3.9,1.11,17.48,18.62,0.63,0.73,Mahesh Bendre,0,0,0,0,200,35.59,12.97,45.92,3.7,17.33,"For units in excess of 12% of the investment, 1% will be charged for redemption within 12 months",94.48,5.52,0,0,0,,2.1,0,0,0,0,0,5.52,15.33,41.93,0.57,115.44,99.05
LIC Money Market Fund Reg (G),LIC Mutual Fund,4216,01-08-2022,0.04,0.08,0.23,0.5,1.58,3.57,6.36,6.52,6.42,,,,,,,6.22,3,Debt: Money Market,1286.0892,0,0,6.25,0.49,1.13,2.11,Pratik Harish Shroff,0.52,0.52,6.97,1000,200,0,0,0,0,0,0,0,99.71,0,0,0.29,,0.33,14.8,0,0,84.42,0,0.49,0.11,5.1,0.56,98.87,100
LIC ULIS Reg Contribution 15 Years,LIC Mutual Fund,,,0.12,-2.36,-0.79,-4.24,-1.58,10.14,-0.71,-2.18,6.35,5.72,9.19,9.06,9.49,,,7.5,,Hybrid: Aggressive,35.6872,,,,,,,,,,,0,0,,,,,,,76.67,23.33,0,0,0,,,,,,,,,,,,,
LIC ULIS Single Premium 10 Years,LIC Mutual Fund,443,19-06-1989,0.12,-2.36,-0.79,-4.24,-1.58,10.14,-0.71,-2.18,6.35,5.72,9.19,9.06,9.49,,,7.05,1,Hybrid: Aggressive,35.6872,0,0,8.29,11.76,0.22,0.3,Siddharth Panjwani,0,0,0,0,0,37.63,20.5,18.92,5.83,37.77,0,77.05,22.95,0,0,0,,2.1,14.35,0,0,4.85,0,3.75,,,-0.06,100.98,104.76
LIC ULIS Single Premium 5 Years,LIC Mutual Fund,,,0.12,-2.36,-0.79,-4.24,-1.58,10.14,-0.71,-2.18,6.35,5.72,9.19,9.06,9.49,,,7.05,,Hybrid: Aggressive,35.6872,,,,,,,,,,,0,0,,,,,,,76.67,23.33,0,0,0,,,,,,,,,,,,,
Magnum SIF Equity EX-TOP 100 Long Short Fund (G),SBI SIF Mutual Fund,,,0.11,-1.9,0.81,-1.88,,,,,,,,,,,,-1.88,,SIF: Equity LS,9.8123,,,,,,,,,,,0,0,,,,,,,100,0,0,0,0,,,,,,,,,,,,,
Mahindra Manulife Aggressive Hybrid Fund (G),Mahindra Manulife Mutual Fund,2634,19-07-2019,-0.3,-2.72,-0.9,-5.07,-3.09,3.55,-4.44,-2.8,9.13,9.03,13.74,,,,,14.03,4,Hybrid: Aggressive,25.7588,0,0,11.56,11.45,0.51,0.68,Kirti Dalvi,4.09,2.24,7.13,0,500,42.86,22.71,9.9,3.61,28.69,"For units in excess of 10% of the investment, 1% will be charged for redemption within 3 months",75.47,24.53,0,0,0,,1.69,3.51,0,4.62,11.68,0,4.72,9.23,43.9,0.93,96.69,95.68
Mahindra Manulife Arbitrage Fund Reg (G),Mahindra Manulife Mutual Fund,132,24-08-2020,0.22,-0.01,0.23,0.3,1.32,2.49,5.45,5.38,5.57,4.98,,,,,,4.58,1,Hybrid: Arbitrage,13.1505,0,0,5.53,0.44,-0.37,-0.42,Mitul Doshi,0,0,5.04,1000,1000,0,0,0,2.31,19.27,0.25% for redemption within 30 days,0,100,0,0,0,,0.97,0,0,0,0,23.56,5.77,0.67,34.96,-4.19,101.29,100
Mahindra Manulife Asia Pacific REITs FoF Reg (G),Mahindra Manulife Mutual Fund,42,20-10-2021,0.27,-1.35,-1.3,-4.41,-1.66,0.72,2.39,5.07,8.79,0,,,,,,0.55,0,Equity: Global,10.2762,0,0,9.95,15.66,0.27,0.49,Krishna Sanghavi,0,0,0,0,0,0,0,0,0,0,"For units in excess of 10% of the investment, 1% will be charged for redemption within 365 days",0,1.35,0,0,98.65,,1.17,0,0,0,0,0,100,10.88,47.91,-0.75,-10.11,54.8
Mahindra Manulife Balanced Advantage Fund Reg (G),Mahindra Manulife Mutual Fund,917,30-12-2021,-0.15,-3.03,-1.44,-4.5,-1.49,7.9,1.29,-0.05,8.44,,,,,,,8.04,3,Hybrid: Balanced Advantage,14.4453,0,0,10.38,10.08,0.47,0.6,Neelesh Dhamnaskar,6.22,3.1,7.48,1000,500,43.13,19.5,9.23,3.28,26.23,"For units in excess of 10% of the investment, 1% will be charged for redemption within 3 months",71.86,28.14,0,0,0,,1.95,5.37,0,8.11,10.03,0,4.63,9.13,41.6,0.57,101.08,97.5
Mahindra Manulife Banking & Financial Services Fund (G),Mahindra Manulife Mutual Fund,460,18-07-2025,0.36,-5.08,-2.69,-7.65,-4.81,9.57,3.29,,,,,,,,,1.42,0,Equity: Sectoral,10.1794,0,0,0,0,0,0,Chetan Gindodia,0,0,0,1000,500,55.05,26.91,12.98,2.47,19.5,0.5% for redemption within 3 months,94.94,5.06,0,0,0,,2.1,0,0,0,0,0,5.06,0,0,,0,0
Mahindra Manulife Business Cycle Fund Reg (G),Mahindra Manulife Mutual Fund,1357,11-09-2023,-0.16,-3.66,-1.3,-5.35,-3.44,8.31,4.34,-3.16,14.46,,,,,,,14.3,0,Equity: Thematic,15.0406,0,0,0,0,0,0,Krishna Sanghavi,0,0,0,1000,500,46.29,25.22,25.28,2.56,20.94,1% for redemption within 3 months,96.79,3.21,0,0,0,,1.84,0,0,0,0,0,3.21,14.18,42,,110.41,96.72
Mahindra Manulife Consumption Fund Reg (G),Mahindra Manulife Mutual Fund,502,13-11-2018,-0.49,-4.16,-1.68,-5.86,-2.12,8.12,-8.44,-9.12,7.22,8.88,11.21,,,,,9.71,2,Equity: Thematic,20.8986,-2.58,0.95,10.71,15.73,0.32,0.38,Navin Matta,0,0,0,0,500,61.52,14.73,21.96,6.68,33.43,1% for redemption within 3 months,98.21,1.79,0,0,0,,2.1,0,0,0,0,0,1.79,11.55,44.72,-0.28,72.69,87.28
Mahindra Manulife Dynamic Term Fund Reg (G),Mahindra Manulife Mutual Fund,49,20-08-2018,0.04,-0.37,0.24,-0.16,-0.31,2.98,3.48,4.64,6.19,4.75,4.84,,,,,5.06,0,Debt: Dynamic Bond,14.9331,0,0,6.16,2.52,0.18,0.37,Kush Sonigara,15.91,6.32,7.45,0,500,0,0,0,0,0,0,0,96.02,0,0,3.98,,1.32,45.31,0,19.36,13.06,0,21.69,1.47,39.72,-0.32,145.55,86.75
Mahindra Manulife ELSS Tax Saver Fund Reg (G),Mahindra Manulife Mutual Fund,904,18-10-2016,0.04,-3.33,-1.73,-6.23,-4.02,3.37,-7.4,-5.85,5.31,6.78,12.24,0,,,,10.08,2,Equity: ELSS,26.0095,-2.92,0.91,8.92,14.01,0.23,0.31,Neelesh Dhamnaskar,0,0,0,0,500,68.57,17.25,10.06,3.71,23.52,0,95.88,4.12,0,0,0,,1.96,0,0,0,0,0,4.12,11.6,44.17,-1.37,89.97,96.18
Mahindra Manulife Equity Savings Fund Reg (G),Mahindra Manulife Mutual Fund,535,01-02-2017,0.04,-1.15,-0.46,-1.69,-0.11,4.85,3.33,2.93,7.26,6.6,9.41,,,,,8.18,3,Hybrid: Equity Savings,21.3747,0,0,8.15,5.44,0.45,0.61,Kush Sonigara,2.97,2.14,7.18,0,500,29.99,3.34,5.9,2.83,22.4,"For units in excess of 10% of the investment, 1% will be charged for redemption within 15 days",39.23,60.1,0,0,0.67,,2.08,13.44,0,10.4,24.33,1.95,5.84,4.52,41.6,0.26,-65.17,81.72
Mahindra Manulife Flexi Cap Fund Reg (G),Mahindra Manulife Mutual Fund,1578,23-08-2021,-0.22,-3.07,-0.74,-4.89,-2.17,7.53,-3.85,-4.43,7.55,8.52,,,,,,8.77,2,Equity: Flexi Cap,15.3602,-1.24,0.93,10.5,14.36,0.33,0.43,Kirti Dalvi,0,0,0,0,0,53.83,24.47,18.18,3.51,27.88,1% for redemption within 3 months,96.48,3.52,0,0,0,,1.8,0,0,0,0,0,3.52,11.95,43.36,-1.02,95.33,96.98
Mahindra Manulife Focused Fund Reg (G),Mahindra Manulife Mutual Fund,2161,17-11-2020,-0.22,-3.65,-2.14,-6.4,-6.28,2.24,-3.71,-5.55,9.86,10.53,,,,,,16.9,4,Equity: Focused,25.1003,3.52,0.9,14.12,14.27,0.59,0.78,Kirti Dalvi,0,0,0,1000,500,81.81,9.72,5.56,2.67,18.69,1% for redemption within 3 months,97.09,2.91,0,0,0,,1.75,0,0,0,0,0,2.91,12.1,44.17,0.24,101.13,96.05
Mahindra Manulife Income Plus Arbitrage Active FOF (G),Mahindra Manulife Mutual Fund,17,05-12-2025,0.12,-0.14,0.15,0.18,0.75,3.03,,,,,,,,,,4.3,0,Hybrid: Fof Domestic Income Plus Arbitrage,10.4303,0,0,0,0,0,0,Amit Garg,0,0,5.04,0,0,0,0,0,0,0,0,0,100,0,0,0,,0.58,0,0,0,0,98.31,2.25,,,,,
Mahindra Manulife Innovation Opp Fund (G),Mahindra Manulife Mutual Fund,236,30-01-2026,-0.36,-4.71,-1.95,-6.25,-3.11,13.71,,,,,,,,,,4.98,0,Equity: Thematic,10.4983,0,0,0,0,0,0,Renjith Sivaram Radhakrishnan,0,0,0,0,0,40.81,34.96,18.92,5.05,35.42,0.5% for redemption within 3 months,94.69,5.31,0,0,0,,2.1,0,0,0,0,0,5.31,,,,,
Mahindra Manulife Large & Mid cap Fund Reg (G),Mahindra Manulife Mutual Fund,2827,30-12-2019,-0.09,-4.38,-1.71,-6.31,-0.22,12.07,2.73,-2.86,9.32,9.96,,,,,,15.69,2,Equity: Large & Mid Cap,26.8774,0.25,0.96,13.1,15.27,0.49,0.63,Kirti Dalvi,0,0,0,0,500,45.14,39.28,12.37,3.65,30.72,1% for redemption within 3 months,96.79,3.21,0,0,0,,1.68,0,0,0,0,0,3.21,15,42.28,-0.33,106.89,99.79
Mahindra Manulife Large Cap Fund (G),Mahindra Manulife Mutual Fund,711,15-03-2019,-0.05,-3.26,-2.12,-6.48,-4.56,1.42,-7.37,-6.5,5.62,5.88,10.45,,,,,10.14,3,Equity: Large Cap,20.8488,-1.05,0.96,9.58,13.95,0.28,0.37,Kirti Dalvi,0,0,0,0,500,86.28,7.95,1.06,3.27,20.11,1% for redemption within 3 months,95.29,4.71,0,0,0,,2.04,0,0,0,0,0,4.71,11.25,46.21,-0.59,92.8,96.82
Mahindra Manulife Liquid Fund Reg (G),Mahindra Manulife Mutual Fund,1392,04-07-2016,0.02,0.09,0.22,0.49,1.55,3.38,6.4,6.6,6.85,6.3,5.66,6.07,,,,6.09,4,Debt: Liquid,1833.7664,0,0,6.67,0.2,4.89,8.44,Rahul Pal,0.11,0.11,6.42,0,0,0,0,0,0,0,Exit load of 0.0070% if redeemed within 1 day. 0.0065% if redeemed within 2 days. 0.0060% if redeemed within 3 days. 0.0055% if redeemed within 4 days. 0.0050% if redeemed within 5 days. 0.0045% if redeemed within 6 days.,0,99.76,0,0,0.24,,0.22,8.71,0,0,86.97,0,4.08,0.01,0.28,3.71,97.33,100
Mahindra Manulife Manufacturing Fund Reg (G),Mahindra Manulife Mutual Fund,673,24-06-2024,-0.24,-2.54,-0.31,-4.45,0.13,16.12,7.05,-0.26,,,,,,,,2.01,0,Equity: Thematic,10.4624,0,0,0,0,0,0,Navin Matta,0,0,0,1000,500,43.01,13.99,38.97,4.27,34.81,0.5% for redemption within 3 months,95.97,4.03,0,0,0,,2.04,0,0,0,0,0,4.03,0,0,,0,0
Mahindra Manulife Mid cap Fund Reg (G),Mahindra Manulife Mutual Fund,5186,30-01-2018,-0.17,-5.58,-2.59,-8.12,-6.36,10.88,5.63,-1.65,14.12,14.79,20.09,,,,,15.22,4,Equity: Mid Cap,34.1518,2.69,0.95,18.63,17.19,0.75,1.01,Kirti Dalvi,0,0,0,0,500,6.05,77.41,14.25,3.71,33.88,1% for redemption within 3 months,97.71,2.29,0,0,0,,1.59,0,0,0,0,0,2.29,15.18,42.55,0.2,112.15,96.92
Mahindra Manulife Multi Asset Allocation Fund Reg (G),Mahindra Manulife Mutual Fund,1196,13-03-2024,0.01,-2.24,-1.09,-3.57,-0.58,6.41,8.18,8.67,,,,,,,,12.53,0,Hybrid: Multi Asset,13.5297,0,0,0,0,0,0,Kush Sonigara,5.06,2.78,7.76,1000,500,35.95,7.84,14.38,3.19,24.34,0.5% for redemption within 3 months,58.17,25.61,12.65,0,3.57,,1.57,3.92,0,7.15,12.26,0,5.85,0,0,,0,0
Mahindra Manulife Multi Cap Fund Reg (G),Mahindra Manulife Mutual Fund,7184,11-05-2017,-0.28,-3.92,-2.04,-5.28,1.35,18.41,10.82,1.7,14.66,13.4,19.49,,,,,15.33,4,Equity: Multi Cap,38.189,3.99,0.95,17.31,16.47,0.71,0.96,Neelesh Dhamnaskar,0,0,0,0,500,36.61,29.12,24.29,3.79,26.51,1% for redemption within 3 months,90.02,9.98,0,0,0,,1.53,0,0,0,0,0,9.98,15.18,43.36,0.62,112.29,98.07
Mahindra Manulife Overnight Fund (G),Mahindra Manulife Mutual Fund,77,23-07-2019,0.01,0.09,0.2,0.39,1.24,2.5,5.13,5.57,5.94,5.62,4.98,,,,,4.99,3,Debt: Overnight,1419.3309,0,0,5.83,0.2,0.7,1.42,Rahul Pal,0,0,5.04,0,0,0,0,0,0,0,0,0,100,0,0,0,,0.14,4.87,0,0,0,0,95.13,0,0,-1.19,100.39,100
Mahindra Manulife Short Term Fund Reg (G),Mahindra Manulife Mutual Fund,81,23-02-2021,0.06,-0.21,0.08,0.13,0.34,2.92,4.72,6.06,6.63,5.6,,,,,,5.56,3,Debt: Short Duration,13.5418,0,0,6.54,1.33,0.64,1.11,Kush Sonigara,4.41,2.69,7.77,1000,500,0,0,0,0,0,0,0,99.68,0,0,0.32,,1.09,10.97,0,23.27,59.28,0,6.16,0.59,25.52,0.45,97.83,100
Mahindra Manulife Small Cap Fund Reg (G),Mahindra Manulife Mutual Fund,5087,12-12-2022,-0.21,-2.98,-0.39,-3.37,4.11,28.98,16.52,1.55,18.02,,,,,,,23.18,4,Equity: Small Cap,22.1196,4.85,0.88,20.27,19.67,0.74,1.08,Krishna Sanghavi,0,0,0,1000,500,10.3,22.19,63.56,3.55,26.92,1% for redemption within 3 months,96.04,3.96,0,0,0,,1.59,0,0,0,0,0,3.96,16.56,40.65,0.53,108.09,93.86
Mahindra Manulife Ultra Short Term Fund Reg (G),Mahindra Manulife Mutual Fund,222,17-10-2019,0.04,0.06,0.21,0.48,1.49,3.41,6.17,6.65,6.83,6.17,,,,,,5.81,4,Debt: Ultra Short Duration,1483.1787,0,0,6.65,0.41,2.32,3.12,Rahul Pal,0.5,0.48,7,0,500,0,0,0,0,0,0,0,99.69,0,0,0.31,,0.62,4.49,0,17.39,68.45,0,9.36,0.07,4.28,1.76,97.41,100
Mahindra Manulife Ultra Short to Short Term Fund Reg (G),Mahindra Manulife Mutual Fund,535,15-02-2017,0.04,0.01,0.17,0.4,1.21,3.15,5.54,6.41,6.59,5.85,5.68,,,,,6,2,Debt: Low Duration,1752.9652,0,0,6.45,0.6,1.25,1.83,Amit Garg,1.01,0.96,7.47,0,500,0,0,0,0,0,0,0,99.66,0,0,0.34,,0.94,6.55,0,28.54,56.97,0,7.6,0.19,10.9,0.86,98.15,100
Mahindra Manulife Value Fund Reg (G),Mahindra Manulife Mutual Fund,947,03-03-2025,-0.26,-3.51,-1.25,-5.54,-3.14,11.3,7.64,,,,,,,,,12.07,0,Equity: Value,12.0602,0,0,0,0,0,0,Krishna Sanghavi,0,0,0,1000,500,45.82,24.09,27.21,2.41,20.22,0.5% for redemption within 3 months,97.12,2.88,0,0,0,,1.92,0,0,0,0,0,2.88,0,0,,0,0
Mirae Asset Aggressive Hybrid Fund Reg (G),Mirae Asset Mutual Fund,9536,29-07-2015,-0.27,-2.58,-0.81,-3.71,-1.74,6.79,1.24,-0.01,9.04,8.02,11.86,11.32,,,,11.08,3,Hybrid: Aggressive,32.385,0,0,10.96,11.45,0.46,0.56,Harshad Borawake,4.37,2.72,7.52,1000,99,54.49,9.47,12.22,3.19,23.81,"For units in excess of 15% of the investment, 1% will be charged for redemption within 365 days",76.18,23.82,0,0,0,,1.51,3.7,0.73,4.95,9.9,0,4.54,9.31,42.55,0.77,95.86,96.01
Mirae Asset Arbitrage Fund Reg (G),Mirae Asset Mutual Fund,3872,19-06-2020,0.27,0,0.18,0.12,1.45,2.67,5.89,6.11,6.5,5.95,,,,,,5.45,3,Hybrid: Arbitrage,13.955,0,0,6.52,0.52,1.59,2.04,Jigar Shethia,0.18,0.18,5.49,1000,99,0,0,0,3.21,20.66,0.25% for redemption within 15 days,0,100,0,0,0,,0.79,0,0,0,0,13.73,3.97,0,0,-1.55,0,0
Mirae Asset Balanced Advantage Fund Reg (G),Mirae Asset Mutual Fund,2167,11-08-2022,-0.13,-1.93,-0.48,-2.57,-0.77,5.71,2.35,2.09,8.31,,,,,,,9.18,3,Hybrid: Balanced Advantage,14.387,0,0,9.52,8.05,0.48,0.59,Harshad Borawake,3.98,3.11,6.71,1000,99,41.72,6.12,9.5,3.24,22.09,"For units in excess of 15% of the investment, 1% will be charged for redemption within 180 days",57.34,42.66,0,0,0,,1.74,12.71,0,9.63,13.73,0,4.89,6.41,42.01,0.55,48.11,86.14
Mirae Asset Banking and Financial Services Fund Reg (G),Mirae Asset Mutual Fund,2306,11-12-2020,0.17,-4.53,-2.89,-7.18,-5.51,6.78,0.67,2.57,9.75,9.99,,,,,,13,3,Equity: Sectoral,20.329,3.6,0.97,13.52,15.61,0.5,0.7,Abhijith Vara,0,0,0,1000,99,57.95,17.05,21.05,2.34,17.84,1% for redemption within 1 month,96.05,3.95,0,0,0,,1.72,0,0,0,0,0,3.95,13.48,44.17,0.29,108.07,99.95
Mirae Asset Banking and PSU Debt Fund Reg (G),Mirae Asset Mutual Fund,40,24-07-2020,0.04,-0.18,0,0.08,0.35,2.68,4.06,5.69,6.33,5.44,,,,,,5.16,2,Debt: Banking and PSU,13.6477,0,0,6.28,1.6,0.37,0.62,Kruti Chheta,5.91,3.13,7.03,1000,99,0,0,0,0,0,0,0,99.28,0,0,0.72,,0.69,7.47,0,0,78.47,0,13.34,0.75,30.62,-0.46,98.82,100
Mirae Asset BSE 200 Equal Weight E T F FoF Reg (G),Mirae Asset Mutual Fund,7,18-03-2025,-0.22,-3.92,-1.72,-5.79,-3.12,10.08,0.4,,,,,,,,,6.81,0,Equity: Index,11.107,0,0,0,0,0,0,Ekta Gala,0,0,0,1000,100,0,0,98.87,0,0,0.05% for redemption within 15 days,98.87,1.13,0,0,0,,0.52,0,0,0,0,0,1.13,0,0,,0,0
Mirae Asset BSE India Defence E T F FoF (G),Mirae Asset Mutual Fund,103,23-02-2026,0.77,-2,0.8,-4.98,-2.16,29.22,,,,,,,,,,14.28,0,Equity: Thematic,11.428,0,0,0,0,0,0,Ekta Gala,0,0,0,0,0,58.42,17.86,23.72,0,0,0.05% for redemption within 15 days,100,0,0,0,0,,0.58,0,0,0,0,0,0,,,,,
Mirae Asset BSE Information Technology Index Fund (G),Mirae Asset Mutual Fund,,,0.18,-1.59,-1.59,,,,,,,,,,,,,-1.59,,Equity: Sectoral,9.8411,,,,,,,,,,,0,0,,,,,,,100,0,0,0,0,,,,,,,,,,,,,
Mirae Asset BSE Midcap 150 Momentum 30 E T F FoF Reg (G),Mirae Asset Mutual Fund,20,23-07-2026,-0.4,-4.01,-0.97,-5.36,,,,,,,,,,,,0.56,0,Equity: Thematic,10.056,0,0,0,0,0,0,Ekta Gala,0,0,0,0,0,0,0,100,0,0,0.05% for redemption within 15 days,100,0,0,0,0,,0.42,0,0,0,0,0,0,,,,,
Mirae Asset BSE Select IPO E T F FoF Reg (G),Mirae Asset Mutual Fund,9,18-03-2025,-0.41,-5.71,-2.56,-5.68,1.85,20.14,-4.24,,,,,,,,,7.7,0,Equity: Index,11.255,0,0,0,0,0,0,Ekta Gala,0,0,0,1000,100,0,0,99.26,0,0,0.05% for redemption within 15 days,99.26,0.74,0,0,0,,0.53,0,0,0,0,0,0.74,0,0,,0,0
Mirae Asset Corporate Bond Fund Reg (G),Mirae Asset Mutual Fund,44,17-03-2021,0.04,-0.18,0.01,0.11,0.54,2.93,4.51,6.06,6.59,5.58,,,,,,5.59,2,Debt: Corporate Bond,13.5161,0,0,6.5,1.57,0.51,0.88,Kruti Chheta,7.15,3.38,7.3,1000,99,0,0,0,0,0,0,0,99.58,0,0,0.42,,0.57,8.88,0,4.49,66.1,0,20.11,0.76,29.38,-0.82,175.11,76.78
Mirae Asset CRISIL IBX Financial Services 9-12 Momths Debt Index Fund Reg (G),Mirae Asset Mutual Fund,138,25-06-2025,0.03,-0.05,0.09,0.31,1.41,3.36,5.95,,,,,,,,,5.92,0,Debt: Low Duration,10.7682,0,0,0,0,0,0,Pranavi Kulkarni,0.54,0.54,7.01,1000,100,0,0,0,0,0,0,0,100,0,0,0,,0.24,0,0,0,97.18,0,2.82,0,0,,0,0
Mirae Asset CRISIL IBX Gilt Index April 2033 Index Fund Reg (G),Mirae Asset Mutual Fund,209,20-10-2022,-0.06,-0.61,-0.55,-1.23,-0.86,2.34,3.16,5.26,6.86,,,,,,,7.28,0,Debt: Long Duration,13.1956,0,0,7.13,2.82,0.51,0.69,Pranavi Kulkarni,5.99,4.86,6.68,1000,0,0,0,0,0,0,0,0,100,0,0,0,,0.38,97.48,0,0,0,0,2.52,1.76,39.45,0.6,129.27,89.75
Mirae Asset Diversified Equity Allocator Passive FOF Reg (G),Mirae Asset Mutual Fund,981,21-09-2020,-0.2,-3.7,-2.18,-5.83,-4.4,6.35,-3.27,-4.35,8.59,8.26,,,,,,15.45,0,Equity: Large & Mid Cap,23.773,1.25,1.03,12.09,14.9,0.43,0.54,Siddharth Srivastava,0,0,0,1000,99,65.72,32.87,1.41,0,0,0.05% for redemption within 5 days,100,0,0,0,0,,0.08,0,0,0,0,0,0,12.15,44.31,-1.07,100.92,97.96
Mirae Asset Dynamic Term Fund Reg (G),Mirae Asset Mutual Fund,115,24-03-2017,-0.05,-0.76,-0.23,-0.47,-0.59,0.98,3.28,5.2,5.83,4.72,5.26,,,,,5.68,0,Debt: Dynamic Bond,16.9277,0,0,5.97,0.93,0.3,0.46,Basant Bafna,0,0,6.72,1000,99,0,0,0,0,0,0,0,99.44,0,0,0.56,,0.84,50.32,0,0,32.59,0,16.53,0.49,22.21,-0.27,193.08,72.3
Mirae Asset ELSS Tax Saver Fund Reg (G),Mirae Asset Mutual Fund,26373,28-12-2015,-0.13,-4.74,-2.52,-6.56,-4.48,9.36,-1.61,-2.11,9.9,8.9,15.18,14.79,,,,15.61,3,Equity: ELSS,47.655,1.13,1,13.35,15.39,0.5,0.61,Neelesh Surana,0,0,0,500,500,56.53,23.14,19.62,3.06,21.49,0,99.29,0.71,0,0,0,,1.37,0,0,0,0,0,0.71,12.27,42.95,0.15,100.54,96.69
Mirae Asset Equity Savings Fund Reg (G),Mirae Asset Mutual Fund,2007,17-12-2018,0,-1.19,-0.15,-1.6,0.12,5.35,3.8,3.86,8.6,7.74,10.21,,,,,9.96,4,Hybrid: Equity Savings,21.063,0,0,9.26,6.24,0.57,0.71,Harshad Borawake,4.13,2.88,6.35,0,99,27.12,7.12,4.46,3.07,21.28,"For units in excess of 15% of the investment, 1% will be charged for redemption within 90 days",38.71,61.29,0,0,0,,1.16,16.91,0,14.89,17.17,0,8.34,4.74,41.46,0.81,-15.97,85.29
Mirae Asset ESG Sector Leaders FoF Reg (G),Mirae Asset Mutual Fund,83,18-11-2020,-0.1,-3.63,-2.26,-5.88,-4.94,2.26,-8.05,-6.31,5.72,4.75,,,,,,9.47,0,Equity: Thematic,16.821,-1.16,0.97,9.47,13.95,0.27,0.37,Ekta Gala,0,0,0,1000,99,97.81,2.15,0,0,0,0.05% for redemption within 15 days,99.96,0.04,0,0,0,,0.4,0,0,0,0,0,0.04,11.55,45.66,-1.59,100.33,100.1
Mirae Asset Flexi Cap Fund Reg (G),Mirae Asset Mutual Fund,4393,24-02-2023,-0.06,-3.28,-1.04,-4.28,-1.84,9.61,0.77,-0.59,9.9,,,,,,,13.29,3,Equity: Flexi Cap,15.672,0.47,0.92,12.52,14.25,0.48,0.58,Varun Goel,0,0,0,1000,99,62.73,19.41,17.31,3.63,22.99,"For units in excess of 15% of the investment, 1% will be charged for redemption within 1 year",99.45,0.55,0,0,0,,1.62,0,0,0,0,0,0.55,12.43,42.68,-0.19,99.62,96.89
Mirae Asset Focused Fund Reg (G),Mirae Asset Mutual Fund,6635,14-05-2019,-0.63,-3.67,-1.62,-4.83,1.53,16.71,-3.94,-3.98,5.74,4.57,11.97,,,,,12.69,1,Equity: Focused,24.342,-5.08,0.95,8.59,15.58,0.19,0.24,Gaurav Misra,0,0,0,0,99,49.97,15.23,28.25,3.65,28.57,1% for redemption within 365 days,93.45,6.55,0,0,0,,1.55,0,0,0,0,0.61,5.94,11.75,44.99,-0.74,83.61,94.01
Mirae Asset Global Electric & Autonomous Vehicles Equity Passive FOF Reg (G),Mirae Asset Mutual Fund,64,07-09-2022,0,-2.53,-1.15,-6.25,-13.2,5.01,20.62,25.55,16.06,,,,,,,11.12,0,Equity: Global,15.349,0,0,18.75,26.24,0.5,0.95,Siddharth Srivastava,0,0,0,1000,99,0,0,0,0,0,1% for redemption within 365 days,0,0.82,0,99.18,0,,0.37,0,0,0,0,0,100,24,47.7,0.35,-0.04,50.15
Mirae Asset Global X Artificial Intelligence & Technology E T F FoF Reg (G),Mirae Asset Mutual Fund,442,07-09-2022,0,-1.12,3.42,1.76,0.6,47.07,42.02,41.24,40.44,,,,,,,37.47,0,Equity: Global,36.44,0,0,34.74,24.4,1.19,2.4,Siddharth Srivastava,0,0,0,1000,99,0,0,0,0,0,1% for redemption within 365 days,0,0.24,0,99.76,0,,0.22,0,0,0,0,0,100,21.13,42.08,1,9.89,38.95
Mirae Asset Gold E T F FoF Reg (G),Mirae Asset Mutual Fund,541,25-10-2024,0.67,-2.58,-1.72,-4.82,4.73,0.64,25.81,,,,,,,,,36.97,3,Commodity: Gold,18.36,0,0,0,0,0,0,Akshay Udeshi,0,0,0,1000,100,0,0,0,0,0,0.05% for redemption within 15 days,0,0,100,0,0,,0.57,0,0,0,0,0,0,0,0,,0,0
Mirae Asset Gold Silver Passive FoF (G),Mirae Asset Mutual Fund,1314,29-08-2025,0.44,-3.61,-2.01,-5.37,1.84,-1.83,38.66,,,,,,,,,55.51,0,Commodity: Gold & Silver,16.165,0,0,0,0,0,0,Ritesh Patel,0,0,0,1000,1000,0,0,0,0,0,0.05% for redemption within 15 days,0,0,55.33,0,44.67,,0.57,0,0,0,0,0,44.67,0,0,,0,0
Mirae Asset Great Consumer Fund Reg (G),Mirae Asset Mutual Fund,4732,29-03-2011,-0.38,-4.4,-1.41,-5.85,-1.6,11.8,-6.2,-7.28,8.36,10.06,13.95,13.91,15.63,,,15.06,4,Equity: Thematic,88.873,-1.71,1.02,11.87,17.01,0.36,0.45,Siddhant Chhabria,0,0,0,1000,99,64.89,10.01,24.33,7.17,48.02,1% for redemption within 1 month,99.23,0.77,0,0,0,,1.61,0,0,0,0,0,0.77,11.43,44.37,-0.53,71.35,85.66
Mirae Asset Hang Seng TECH E T F FOF Reg (G),Mirae Asset Mutual Fund,79,08-12-2021,-0.05,0.13,0.67,-3.7,2.32,-1.03,-23.29,9.21,15.01,,,,,,,2.2,0,Equity: Global,11.102,0,0,18.42,32.66,0.39,0.97,Akshay Udeshi,0,0,0,5000,99,0,0,0,0,0,0.5% for redemption within 90 days,0,0.15,0,99.85,0,,0.4,0,0,0,0,0,100,28.66,49.72,0.14,16.68,60
Mirae Asset Healthcare Fund (G),Mirae Asset Mutual Fund,3442,02-07-2018,-2.21,-3.92,-1.2,-3.09,3.25,19.01,19.29,7.34,19.89,13.68,23.8,,,,,20,3,Equity: Sectoral,45.01,-0.74,0.97,21.49,16.11,0.98,1.57,Tanmay Mehta,0,0,0,1000,99,36.49,42.49,20.7,6.12,47.87,1% for redemption within 1 month,99.68,0.32,0,0,0,,1.65,0,0,0,0,0.01,0.31,11.81,42.68,0.04,53.87,68.99
Mirae Asset Income Plus Arbitrage Active FoF Reg (G),Mirae Asset Mutual Fund,23,04-07-2025,0.14,-0.23,0.12,0.06,0.42,2.45,4.9,,,,,,,,,4.9,0,Hybrid: Fof Domestic Income Plus Arbitrage,10.626,0,0,0,0,0,0,Basant Bafna,0,0,0,1000,100,0,0,0,0,0,0.25% for redemption within 15 days,0,100,0,0,0,,0.29,0,0,0,0,99.01,1.05,0,0,,0,0
Mirae Asset Infrastructure Fund (G),Mirae Asset Mutual Fund,466,05-12-2025,-0.31,-2.99,0.77,-2.48,0.44,21.19,,,,,,,,,,10.79,0,Equity: Thematic,11.079,0,0,0,0,0,0,Bharti Sawant,0,0,0,0,0,46.43,13.07,38.53,4.02,28.28,1% for redemption within 1 month,98.03,1.97,0,0,0,,2.1,0,0,0,0,0,1.97,,,,,
Mirae Asset Large & Midcap Fund Reg (G),Mirae Asset Mutual Fund,45275,09-07-2010,-0.19,-4.59,-2.6,-6.82,-3.7,9.61,-0.05,-2.24,9.61,8.79,15.76,14.74,19.14,,,17.94,2,Equity: Large & Mid Cap,148.77,0.85,1.05,13.44,15.9,0.49,0.6,Ankit Jain,0,0,0,1000,99,47,40.25,11.85,3.27,23.26,1% for redemption within 365 days,99.1,0.9,0,0,0,,1.26,0,0,0,0,0.17,0.73,12.94,42.88,-0.57,103.27,97.66
Mirae Asset Large Cap Fund Reg (G),Mirae Asset Mutual Fund,38729,04-04-2008,-0.31,-3.5,-1.79,-5.96,-4.1,6.35,-4.95,-4.16,6.47,5.95,11.03,11.25,13.92,,,13.62,3,Equity: Large Cap,106.012,-0.98,0.97,9.83,14.02,0.3,0.37,Gaurav Misra,0,0,0,1000,99,85.8,9.62,3.93,3.27,23.24,1% for redemption within 365 days,99.35,0.65,0,0,0,,1.3,0,0,0,0,0.17,0.48,11.38,45.18,-0.56,96.75,98.1
Mirae Asset Liquid Fund (G),Mirae Asset Mutual Fund,17359,12-01-2009,0.02,0.08,0.21,0.47,1.51,3.29,6.3,6.54,6.81,6.26,5.61,6.01,6.68,,,6.29,3,Debt: Liquid,2952.1523,0,0,6.64,0.2,4.68,9.34,Pranavi Kulkarni,0.13,0.13,6.35,1000,99,0,0,0,0,0,Exit load of 0.0070% if redeemed within 1 day. 0.0065% if redeemed within 2 days. 0.0060% if redeemed within 3 days. 0.0055% if redeemed within 4 days. 0.0050% if redeemed within 5 days. 0.0045% if redeemed within 6 days.,0,99.75,0,0,0.25,,0.17,17.46,0,0,77.87,0,4.42,0,0,3.72,0,0
Mirae Asset Long Term Fund Reg (G),Mirae Asset Mutual Fund,20,06-12-2024,0.05,-0.7,0.24,-0.43,-1.97,3.58,1.43,,,,,,,,,1.98,2,Debt: Long Duration,10.3701,0,0,0,0,0,0,Kruti Chheta,28.07,11.15,7.42,1000,100,0,0,0,0,0,0,0,99.46,0,0,0.54,,0.62,92.89,0,0,0,0,6.57,0,0,,0,0
Mirae Asset Mid cap Fund Reg (G),Mirae Asset Mutual Fund,20268,29-07-2019,-0.19,-5.22,-2.76,-7.26,-1.86,16.26,5.72,0.92,13,13.24,20.24,,,,,20.36,3,Equity: Mid Cap,38.221,-0.91,1,17.07,18.03,0.63,0.79,Ankit Jain,0,0,0,0,99,12.21,70.11,16.31,3.8,35.24,"For units in excess of 15% of the investment, 1% will be charged for redemption within 1 year",98.63,1.37,0,0,0,,1.41,0,0,0,0,0.23,1.14,14.29,41.87,-0.28,103.81,95.03
Mirae Asset Money Market Fund (G),Mirae Asset Mutual Fund,3587,11-08-2021,0.05,0.07,0.23,0.49,1.54,3.46,6.1,6.84,7.03,6.25,,,,,,6.16,3,Debt: Money Market,1359.7746,0,0,6.84,0.56,2.04,2.82,Pranavi Kulkarni,0.56,0.56,6.89,0,0,0,0,0,0,0,0,0,99.71,0,0,0.29,,0.35,13.13,0,0,86.45,0,0.13,0.14,5.66,1.67,96.7,100
Mirae Asset Multi Asset Allocation Fund Reg (G),Mirae Asset Mutual Fund,3593,31-01-2024,-0.1,-2.26,-0.73,-3.23,-0.17,5.58,7.15,7.23,,,,,,,,11.14,0,Hybrid: Multi Asset,13.253,0,0,0,0,0,0,Harshad Borawake,2.72,2.2,6.47,1000,99,46.95,8.91,11.57,3.23,23.37,"For units in excess of 15% of the investment, 1% will be charged for redemption within 180 days",67.43,18.86,12.05,0,1.66,,1.62,2.22,0.67,4.05,6.8,0,6.78,0,0,,0,0
Mirae Asset Multi Factor Passive FOF (G),Mirae Asset Mutual Fund,29,29-08-2025,0,-3.34,-1.3,-4.9,-2.73,9.78,2.6,,,,,,,,,3.12,0,Equity: Thematic,10.339,0,0,0,0,0,0,Ritesh Patel,0,0,0,1000,1000,53.91,28.14,17.95,0,0,0.05% for redemption within 5 days,100,0,0,0,0,,0.5,0,0,0,0,0,0,0,0,,0,0
Mirae Asset Multicap Fund Reg (G),Mirae Asset Mutual Fund,5470,21-08-2023,-0.13,-3.67,-1.59,-5.22,-1.65,12.35,0.26,-0.77,11.05,,,,,,,11.96,2,Equity: Multi Cap,14.212,0,0.96,14.22,16.12,0.53,0.71,Ankit Jain,0,0,0,1000,99,35.2,26.78,37.06,3.29,24.1,1% for redemption within 365 days,99.04,0.96,0,0,0,,1.58,0,0,0,0,0,0.96,12.87,41.06,-0.12,96.54,94.05
Mirae Asset Nifty 200 Alpha 30 E T F FoF Reg Growth,Mirae Asset Mutual Fund,194,26-07-2024,-0.67,-4.81,-1.78,-6.36,-3.86,14.4,3.83,-7.37,,,,,,,,-6.04,0,Equity: Large Cap,8.729,0,0,0,0,0,0,Akshay Udeshi,0,0,0,1000,99,49.02,50.98,0,0,0,0.05% for redemption within 15 days,100,0,0,0,0,,0.52,0,0,0,0,0,0,0,0,,0,0
Mirae Asset Nifty 50 Index Fund Reg (G),Mirae Asset Mutual Fund,74,24-10-2024,-0.42,-3.54,-2.19,-6.09,-5.1,1.65,-7.86,,,,,,,,,-3.53,0,Equity: Index,9.3286,0,0,0,0,0,0,Ekta Gala,0,0,0,1000,100,98.66,1.34,0,3.16,20.66,0,100,0,0,0,0,,0.6,0,0,0,0,0,0,0,0,,0,0
Mirae Asset Nifty AAA PSU Bond Plus SDL Apr 2026 5050 Index Fund Reg (G),Mirae Asset Mutual Fund,71,20-10-2022,0,0,0.06,0.26,1.25,2.63,5.82,7.03,6.91,,,,,,,7.04,0,Debt: Medium to Long Duration,12.7138,0,0,6.7,0.46,1.65,2.89,Pranavi Kulkarni,0.05,0.05,7.24,1000,0,0,0,0,0,0,0,0,100,0,0,0,,0.36,0,0,0,0,0,100,0.17,7.96,-0.62,169.45,72.39
Mirae Asset Nifty EV and New Age Automotive E T F,Mirae Asset Mutual Fund,179,10-07-2024,0.48,-3.19,-2.06,-8.42,-1.37,16.58,0.11,-6.16,,,,,,,,-3.31,0,Equity: Thematic,30.7679,0,0,0,0,0,0,Ekta Gala,0,0,0,5000,0,43.92,32.38,23.62,4.57,24.24,0,99.92,0.08,0,0,0,,0.35,0,0,0,0,0,0.08,0,0,,0,0
Mirae Asset Nifty India Manufacturing E T F FoF Reg (G),Mirae Asset Mutual Fund,126,31-01-2022,-0.57,-3.26,-0.82,-5.95,-2.35,10.49,4.57,-0.66,16.04,,,,,,,15.28,0,Equity: Thematic,19.416,4.48,1.01,18.74,16.78,0.78,0.97,Ekta Gala,0,0,0,5000,99,69.42,28.18,2.4,0,0,0.05% for redemption within 15 days,100,0,0,0,0,,0.37,0,0,0,0,0,0,13.93,43.36,1.16,108.79,95.24
Mirae Asset Nifty India New Age Consumption E T F FoF Reg (G),Mirae Asset Mutual Fund,25,02-01-2025,-0.36,-5.13,-2.7,-7.52,-1.19,15.76,-5.57,,,,,,,,,-4.37,0,Equity: Index,9.228,0,0,0,0,0,0,Ekta Gala,0,0,0,1000,100,54.58,34.75,10.17,0,0,0.05% for redemption within 15 days,99.5,0.5,0,0,0,,0.47,0,0,0,0,0,0.5,0,0,,0,0
Mirae Asset Nifty LargeMidcap 250 Index Fund Reg (G),Mirae Asset Mutual Fund,37,24-10-2024,-0.1,-4.16,-2.11,-6.61,-4.37,8.15,-1.35,,,,,,,,,-0.55,0,Equity: Index,9.8938,0,0,0,0,0,0,Ekta Gala,0,0,0,1000,100,53.29,44.55,2.16,3.39,21.64,0,100,0,0,0,0,,0.78,0,0,0,0,0,0,0,0,,0,0
Mirae Asset Nifty Metal E T F FoF (G),Mirae Asset Mutual Fund,103,26-02-2026,-0.85,-3.67,0.82,-3.42,2.02,12.62,,,,,,,,,,2.74,0,Equity: Thematic,10.274,0,0,0,0,0,0,Akshay Udeshi,0,0,0,0,0,73.32,23,3.68,0,0,0.05% for redemption within 15 days,100,0,0,0,0,,0.58,0,0,0,0,0,0,,,,,
Mirae Asset Nifty MidSmallcap400 Momentum Quality 100 E T F FoF Reg (G),Mirae Asset Mutual Fund,283,30-05-2024,-0.2,-3.27,-0.82,-4.87,-1.93,15.61,5.59,-5.08,,,,,,,,0.33,0,Equity: Index,9.937,0,0,0,0,0,0,Akshay Udeshi,0,0,0,1000,99,11.64,63.64,24.72,0,0,0.05% for redemption within 15 days,100,0,0,0,0,,0.52,0,0,0,0,0,0,0,0,,0,0
Mirae Asset Nifty SDL Jun 2027 Index Fund (G),Mirae Asset Mutual Fund,475,30-03-2022,0.01,0.04,0.09,0.33,1.17,2.93,5.87,6.8,7.37,,,,,,,6.38,0,Debt: Medium to Long Duration,13.1994,0,0,7.16,0.94,1.56,2.91,Pranavi Kulkarni,0.77,0.75,6.03,1000,99,0,0,0,0,0,0,0,100,0,0,0,,0.32,97.25,0,0,0,0,2.75,0.45,22.76,-0.17,191.6,70.18
Mirae Asset Nifty SDL Jun 2028 Index Fund Reg (G),Mirae Asset Mutual Fund,80,31-03-2023,0.1,0.02,0.03,0.21,1.04,2.73,5.23,6.45,7.17,,,,,,,7.11,0,Debt: Medium to Long Duration,12.7208,0,0,7.02,1.67,0.79,1.09,Pranavi Kulkarni,1.71,1.6,6.77,1000,99,0,0,0,0,0,0,0,100,0,0,0,,0.47,95.45,0,0,0,0,4.55,0.87,29.93,-0.33,186.06,72.24
Mirae Asset Nifty Smallcap 250 Momentum Quality 100 E T F FoF Reg (G),Mirae Asset Mutual Fund,245,01-03-2024,0.29,-2.57,0.19,-2.35,3.07,26.67,6.66,-5.82,,,,,,,,1.84,0,Equity: Index,10.483,0,0,0,0,0,0,Akshay Udeshi,0,0,0,1000,99,0,6.28,93.72,0,0,0.05% for redemption within 15 days,100,0,0,0,0,,0.5,0,0,0,0,0,0,0,0,,0,0
Mirae Asset Nifty Total Market Index Fund Reg (G),Mirae Asset Mutual Fund,51,28-10-2024,-0.14,-3.69,-1.66,-5.7,-3.58,8.78,-2.28,,,,,,,,,-0.98,0,Equity: Index,9.8115,0,0,0,0,0,0,Ekta Gala,0,0,0,1000,99,64.61,20.21,15.13,3.4,22.82,0,99.95,0.05,0,0,0,,0.8,0,0,0,0,0,0.05,0,0,,0,0
Mirae Asset Nifty200 Momentum 30 Plus 8-13yr G-Sec 75:25 Index Fund (G),Mirae Asset Mutual Fund,13,28-07-2026,-0.03,-2.99,-0.69,-4.65,,,,,,,,,,,,-1.61,0,Hybrid: Aggressive,9.8393,0,0,0,0,0,0,Ekta Gala,9.13,6.83,6.94,0,0,49.53,25.19,0,4.5,23.01,0,74.72,25.28,0,0,0,,0.72,24.28,0,0,0,0,1,,,,,
Mirae Asset NYSE FANG+ E T F FoF Reg (G),Mirae Asset Mutual Fund,2405,10-05-2021,0,1.7,1.67,13.39,29.92,51.27,40.19,57.81,56.32,34.65,,,,,,34.54,0,Equity: Global,49.512,0,0,42.75,24.84,1.49,3.13,Akshay Udeshi,0,0,0,1000,99,0,0,0,0,0,0.5% for redemption within 90 days,0,0,0,100,0,,0.35,0,0,0,0,0,100,19.77,44.26,0.56,14.64,33.32
Mirae Asset Overnight Fund (G),Mirae Asset Mutual Fund,1727,15-10-2019,0.01,0.1,0.2,0.39,1.25,2.54,5.18,5.61,5.97,5.65,,,,,,5.03,4,Debt: Overnight,1407.8712,0,0,5.87,0.2,0.89,1.83,Pranavi Kulkarni,0.01,0.01,5.33,0,99,0,0,0,0,0,0,0,100,0,0,0,,0.14,4.33,0,0,0,0,95.67,0,0,-0.85,0,0
Mirae Asset S&P 500 Top 50 E T F FoF (G),Mirae Asset Mutual Fund,795,22-09-2021,0,1.98,4.31,23.44,31.12,45.91,44.95,49.5,44.99,28.22,,,,,,27.72,0,Equity: Global,34.723,0,0,31.42,19.73,1.3,2.09,Akshay Udeshi,0,0,0,0,0,0,0,0,0,0,0.5% for redemption within 90 days,0,0,0,100,0,,0.36,0,0,0,0,0,100,20.28,42.58,0.75,23.62,47.04
Mirae Asset Short Term Fund Reg (G),Mirae Asset Mutual Fund,518,16-03-2018,0.02,-0.31,-0.09,0.01,0.3,2.55,4.05,5.81,6.38,5.51,5.77,,,,,6.12,2,Debt: Short Duration,16.6122,0,0,6.34,1.45,0.45,0.78,Basant Bafna,4.02,2.85,7.35,1000,99,0,0,0,0,0,0,0,99.43,0,0,0.57,,0.88,11.67,0,7.52,76.91,0,3.33,0.64,26.62,0.28,98.58,100
Mirae Asset Silver E T F FoF (G),Mirae Asset Mutual Fund,28,24-03-2026,0.14,-4.63,-2.14,-5.81,-1.34,-4.22,,,,,,,,,,-2.32,0,Commodity: Silver,9.768,0,0,0,0,0,0,Ritesh Patel,0,0,0,0,0,0,0,0,0,0,0.05% for redemption within 15 days,0,0.09,0,0,99.91,,0.59,0,0,0,0,0,100,,,,,
Mirae Asset Small Cap Fund Reg (G),Mirae Asset Mutual Fund,5221,31-01-2025,0.01,-3.43,-0.83,-2.89,2.46,21.73,9.6,,,,,,,,,13.17,0,Equity: Small Cap,12.373,0,0,0,0,0,0,Varun Goel,0,0,0,1000,100,5.72,14.92,77.44,4.41,30.22,"For units in excess of 15% of the investment, 1% will be charged for redemption within 365 days",98.08,1.92,0,0,0,,1.58,0,0,0,0,0,1.92,0,0,,0,0
Mirae Asset Ultra Short to Short Term Fund Reg (G),Mirae Asset Mutual Fund,2434,05-03-2008,0.04,0,0.16,0.39,1.23,3.19,5.59,6.5,6.73,5.96,5.71,5.87,5.07,,,4.88,3,Debt: Low Duration,2423.9775,0,0,6.58,0.66,1.34,1.9,Basant Bafna,1.1,0.98,7.23,1000,99,0,0,0,0,0,0,0,99.71,0,0,0.29,,0.72,7.46,3.28,8.77,73.66,0,6.54,0.2,8.84,0.99,97.7,100
Mirae Asset Ultra Short-Term Fund Reg (G),Mirae Asset Mutual Fund,2066,07-10-2020,0.06,0.07,0.26,0.51,1.51,3.57,6.4,6.95,7.14,6.46,,,,,,5.97,4,Debt: Ultra Short Duration,1414.7181,0,0,6.93,0.46,2.68,3.83,Basant Bafna,0.79,0.5,7.18,1000,99,0,0,0,0,0,0,0,99.71,0,0,0.29,,0.37,1.7,3.14,18.04,66.13,0,10.7,0.11,4.41,2.22,96.37,100
Monarch Overnight Fund (G),Monarch Mutual Fund,,,0.01,0.09,0.2,,,,,,,,,,,,,0.3,,Debt: Overnight,1003.0249,,,,,,,,,,,0,0,,,,,,,0,100,0,0,0,,,,,,,,,,,,,
Motilal Oswal 5 Year G Sec FOF Reg (G),Motilal Oswal Mutual Fund,62,06-10-2021,0.13,-1.07,-0.42,-0.52,-0.25,2.34,3.74,5.97,6.78,0,,,,,,5.62,0,Debt: Gilt Fund,13.1283,0,0,6.93,3.84,0.32,0.49,Rakesh Shetty,0,0,0,0,0,0,0,0,0,0,1% for redemption within 15 days,0,100,0,0,0,,0.2,0,0,0,0,99.83,0.17,6.06,47.52,0.09,167.65,78.02
Motilal Oswal Active Momentum Fund Reg (G),Motilal Oswal Mutual Fund,942,17-03-2025,0.03,-1.67,0.31,0.4,5.11,35.4,29.05,,,,,,,,,25.95,0,Equity: Thematic,14.4552,0,0,0,0,0,0,Ajay Khandelwal,0,0,0,500,500,0,20.42,76.05,8.83,64.91,1% for redemption within 90 days,96.47,3.53,0,0,0,,1.88,0,0,0,0,0,3.53,0,0,,0,0
Motilal Oswal Arbitrage Fund Reg (G),Motilal Oswal Mutual Fund,3242,23-12-2024,0.32,0.08,0.28,0.29,1.51,2.7,6.04,,,,,,,,,6.14,4,Hybrid: Arbitrage,11.1252,0,0,0,0,0,0,Atul Mehra,0.22,0.22,6.8,500,500,0,0,0,3.29,25.34,0.25% for redemption within 15 days,0,100,0,0,0,,1,2.85,0,0,11.29,9.3,3.01,0,0,,0,0
Motilal Oswal Asset Allocation Passive FoF Aggressive Reg (G),Motilal Oswal Mutual Fund,159,12-03-2021,0,-2.76,-1.4,-4.19,-2.63,4.71,2.4,5.1,13.28,10.56,,,,,,11.89,0,Hybrid: Multi Asset,18.6647,0,0,14.38,9.1,0.96,1.14,Swapnil P Mayekar,0,0,0,500,500,32.54,18.4,11.2,0,0,0,50.83,22.41,9.08,11.32,6.36,,0.5,0,0,0,0,22.26,6.51,7.66,40.71,-0.08,36.44,67.25
Motilal Oswal Asset Allocation Passive FoF Conservative Reg (G),Motilal Oswal Mutual Fund,75,12-03-2021,0,-1.98,-0.99,-2.46,-0.52,5.22,5.58,7.48,12.23,9.54,,,,,,10.27,0,Hybrid: Multi Asset,17.2115,0,0,12.66,5.9,1.18,1.36,Swapnil P Mayekar,0,0,0,500,500,25.81,8.08,4.26,0,0,1% for redemption within 15 days,27.9,50.94,10.91,10.25,0,,0.49,0,0,0,0,50.34,0.6,5.65,41.79,-0.14,-1.78,52.29
Motilal Oswal Balanced Advantage Fund Reg (G),Motilal Oswal Mutual Fund,734,27-09-2016,0.07,-2.39,0.35,-2.78,4.02,14.51,0.82,-8.52,1.08,4.32,5.97,6.8,,,,6.7,1,Hybrid: Balanced Advantage,19.2102,0,0,3.57,14.75,-0.14,-0.19,Ankit Agarwal,1.42,1.34,7.05,1000,1000,34.69,17.47,18.31,4.73,48.12,1% for redemption within 365 days,70.47,29.53,0,0,0,,2.03,0,0,3.31,13.28,0,12.94,10.9,45.94,-0.41,61.2,98.17
Motilal Oswal BSE 1000 Index Fund (G),Motilal Oswal Mutual Fund,63,25-06-2025,-0.15,-3.54,-1.52,-5.32,-3.24,9.18,-2.32,,,,,,,,,-3.39,0,Equity: Index,9.5546,0,0,0,0,0,0,Swapnil P Mayekar,0,0,0,500,500,63.21,19.76,16.98,3.37,23.06,1% for redemption within 15 days,99.95,0.05,0,0,0,,0.9,0,0,0,0,0,0.05,0,0,,0,0
Motilal Oswal BSE Clean Environment Index Fund (G),Motilal Oswal Mutual Fund,42,25-06-2026,0.11,-4.09,-3.01,-4.73,-12.21,,,,,,,,,,,-12.21,0,Equity: Index,8.7791,0,0,0,0,0,0,Dishant Mehta,0,0,0,0,0,25,41.24,33.77,4.49,43.96,1% for redemption within 15 days,100,0,0,0,0,,0.9,0,0,0,0,0,0,,,,,
Motilal Oswal BSE Enhanced Value Index Fund Reg (G),Motilal Oswal Mutual Fund,2219,22-08-2022,0.07,-3.66,-1.27,-4.42,-5.93,1.6,0.69,-2.27,17.35,,,,,,,25.49,5,Equity: Index,25.4206,8.92,1.25,23.23,22.02,0.8,1.16,Swapnil P Mayekar,0,0,0,500,500,75.8,18.16,4.41,1.28,7.72,1% for redemption within 15 days,98.37,1.63,0,0,0,,0.9,0,0,0,0,0,1.63,19.54,43.22,1.18,145.61,107.55
Motilal Oswal BSE Financials ex Bank 30 Index Fund Reg (G),Motilal Oswal Mutual Fund,33,29-07-2022,-0.22,-7.31,-4.11,-9.63,-5.65,8.01,-4.17,-1.02,9.98,,,,,,,12.07,0,Equity: Index,16.117,4.36,0.94,15.82,17,0.6,0.74,Swapnil P Mayekar,0,0,0,500,500,64.26,33.72,0.94,3.1,18.78,1% for redemption within 15 days,98.92,1.08,0,0,0,,0.9,0,0,0,0,0,1.08,17.06,44.17,-0.06,138.11,110.97
Motilal Oswal BSE Low Volatility Index Fund Reg (G),Motilal Oswal Mutual Fund,72,23-03-2022,-0.69,-3.12,-1.85,-5.99,-6.84,-0.08,-8.6,-8.93,5.18,,,,,,,8.9,0,Equity: Index,14.6697,-2.98,0.86,8.66,13.9,0.21,0.27,Swapnil P Mayekar,0,0,0,500,500,80.19,14.84,3.01,3.26,22.6,1% for redemption within 15 days,98.04,1.96,0,0,0,,0.9,0,0,0,0,0,1.96,9.64,45.8,-0.82,65.28,85.8
Motilal Oswal BSE Midcap 150 Momentum 30 Index Fund (G),Motilal Oswal Mutual Fund,38,23-07-2026,-0.4,-4.2,-1.19,-6.01,,,,,,,,,,,,-0.13,0,Equity: Index,9.9872,0,0,0,0,0,0,Dishant Mehta,0,0,0,0,0,20.27,79.73,0,5.47,24.43,1% for redemption within 15 days,100,0,0,0,0,,0.9,0,0,0,0,0,0,,,,,
Motilal Oswal BSE Quality Index Fund Reg (G),Motilal Oswal Mutual Fund,59,22-08-2022,-0.16,-3.53,-2.21,-7.02,-5.98,5.27,-2.39,-7.62,9.9,,,,,,,12.09,0,Equity: Index,15.9819,1.31,1.06,14.3,17.9,0.48,0.76,Swapnil P Mayekar,0,0,0,500,500,52.67,44.28,2.92,8.69,23.87,1% for redemption within 15 days,99.87,0.13,0,0,0,,0.9,0,0,0,0,0,0.13,12.89,45.8,0.98,92.83,92.69
Motilal Oswal Business Cycle Fund Reg (G),Motilal Oswal Mutual Fund,1535,27-08-2024,-0.37,-4.78,-2.8,-4.45,8.32,22.96,0.87,3.87,,,,,,,,10.25,0,Equity: Thematic,12.2657,0,0,0,0,0,0,Ankit Agarwal,0,0,0,500,500,26.47,34.41,34.48,3.79,42.56,1% for redemption within 365 days,95.36,4.64,0,0,0,,1.81,0,0,0,0,0,4.64,0,0,,0,0
Motilal Oswal Consumption Fund (G),Motilal Oswal Mutual Fund,1131,23-10-2025,-0.7,-2.8,0.85,-2.06,12.41,37.75,0,,,,,,,,,10.68,0,Equity: Thematic,11.0676,0,0,0,0,0,0,Aliasgar Shakir,0,0,0,0,0,25.95,18.66,50.77,8.14,55.41,1% for redemption within 90 days,95.38,4.62,0,0,0,,1.87,0,0,0,0,0,4.62,,,,,
Motilal Oswal Contra Fund (G),Motilal Oswal Mutual Fund,374,29-05-2026,0.46,-3.71,-1.95,-2.83,0.06,,,,,,,,,,,3.1,0,Equity: Contra,10.3104,0,0,0,0,0,0,Ankit Agarwal,0,0,0,0,0,32.49,18.13,38.52,4.24,31.77,1% for redemption within 365 days,89.14,10.86,0,0,0,,2.1,0,0,0,0,0,10.86,,,,,
Motilal Oswal Developed Market Ex US E T Fs Overseas Equity Passive FoF Reg (G),Motilal Oswal Mutual Fund,38,21-09-2023,0,-0.02,-0.69,-1.72,1.84,14.56,24.9,22.99,22.97,,,,,,,22.92,0,Equity: Global,18.3669,0,0,0,0,0,0,Swapnil P Mayekar,0,0,0,500,500,0,0,0,0,0,1% for redemption within 15 days,0,0.83,0,99.17,0,,0.48,0,0,0,0,0,100,0,0,,0,0
Motilal Oswal Digital India Fund Reg (G),Motilal Oswal Mutual Fund,907,04-11-2024,-0.65,-8.31,-7.68,3.88,18.39,40.83,5.44,,,,,,,,,2.6,0,Equity: Sectoral,10.5013,0,0,0,0,0,0,Atul Mehra,0,0,0,500,500,9,27.27,59.88,4.2,34.97,1% for redemption within 90 days,96.15,3.85,0,0,0,,1.95,0,0,0,0,0,3.85,0,0,,0,0
Motilal Oswal Diversified Equity Flexicap Passive FoF (G),Motilal Oswal Mutual Fund,41,22-01-2026,0,-3.63,-1.59,-5.24,-2.44,13.59,,,,,,,,,,2.64,0,Others: FoFs Domestic,10.2643,0,0,0,0,0,0,Swapnil P Mayekar,0,0,0,0,0,35.86,31.54,32.15,0,0,1% for redemption within 15 days,99.55,0.45,0,0,0,,0.59,0,0,0,0,0,0.45,,,,,
Motilal Oswal ELSS Tax Saver Fund Reg(G),Motilal Oswal Mutual Fund,4784,21-01-2015,0.03,-3.61,-2.1,-5.16,-0.33,21.07,8.24,0.77,19.11,15.44,17.67,15.49,,,,15.77,5,Equity: ELSS,55.4749,8.77,1.16,22.45,21.62,0.78,1.04,Ajay Khandelwal,0,0,0,500,1000,12.13,34.87,46.21,6.32,40.9,0,93.21,6.79,0,0,0,,1.6,0,0,0,0,0,6.79,16.81,41.87,0.74,114.88,95.26
Motilal Oswal Financial Services Fund (G),Motilal Oswal Mutual Fund,203,16-02-2026,0.44,-5.19,-3.45,-7.48,-2.42,14.4,,,,,,,,,,1.22,0,Equity: Sectoral,10.1217,0,0,0,0,0,0,Ajay Khandelwal,0,0,0,0,0,47.04,29,22.18,2.38,20.92,1% for redemption within 90 days,98.22,1.78,0,0,0,,2.1,0,0,0,0,0,1.78,,,,,
Motilal Oswal Flexi Cap Fund Reg (G),Motilal Oswal Mutual Fund,13940,28-04-2014,0.02,-3.77,-2.09,-5.59,4.91,20.32,2.69,-1.46,16.47,11.42,12.86,11.72,,,,15.72,3,Equity: Flexi Cap,61.4331,6.75,0.97,19.15,17.5,0.77,1.04,Ankit Agarwal,0,0,0,500,500,35.71,34,27.55,5.3,44.57,1% for redemption within 365 days,97.26,2.74,0,0,0,,1.44,0,0,0,0,0,2.74,14.41,45.39,0.66,111.86,96.58
Motilal Oswal Focused Fund Reg (G),Motilal Oswal Mutual Fund,1693,13-05-2013,0.33,-2.27,0.79,-1.71,9.13,34.33,26.94,1.87,13.46,9.34,12.71,11.89,,,,13.22,2,Equity: Focused,53.1178,2.04,1.07,15.11,19.6,0.48,0.66,Ankit Agarwal,0,0,0,1000,1000,27.92,27.01,38.69,5.24,49.91,1% for redemption within 365 days,93.62,6.38,0,0,0,,1.77,0,0,0,0,0,6.38,14.88,44.85,0.19,95.63,93.63
Motilal Oswal Gold and Silver Passive FoF (G),Motilal Oswal Mutual Fund,2611,13-10-2022,0.54,-3.27,-2.47,-5.18,2.25,-0.31,29.93,41.7,36.59,,,,,,,31.88,0,Commodity: Gold & Silver,29.3879,0,0,0,0,0,1.92,Rakesh Shetty,0,0,0,500,500,0,0,0,0,0,0,0,0,64.86,0,35.14,,0.39,0,0,0,0,0,35.14,24.49,43.9,0.1,76.26,84.51
Motilal Oswal Infrastructure Fund (G),Motilal Oswal Mutual Fund,147,13-05-2025,0.5,-2.24,2.41,-0.19,-3.23,10.35,6.58,,,,,,,,,17.09,0,Equity: Sectoral,12.5472,0,0,0,0,0,0,Ajay Khandelwal,0,0,0,500,500,58.26,10.32,23.35,5.32,36.06,1% for redemption within 3 months,91.93,8.07,0,0,0,,2.1,0,0,0,0,0,8.07,0,0,,0,0
Motilal Oswal Innovation Opp Fund (G),Motilal Oswal Mutual Fund,698,18-02-2025,0,-4.24,-2.28,-3.21,1.45,34.49,13.45,,,,,,,,,24.19,0,Equity: Thematic,14.3552,0,0,0,0,0,0,Atul Mehra,0,0,0,500,500,10.55,15.95,64.37,4.33,37.73,1% for redemption within 3 months,90.87,9.13,0,0,0,,2.01,0,0,0,0,0,9.13,0,0,,0,0
Motilal Oswal Large and Midcap Fund Reg (G),Motilal Oswal Mutual Fund,18445,17-10-2019,-0.06,-3.86,-1.2,-4.94,0.55,22.33,6.47,3.15,19.5,16.82,20.1,,,,,20.1,5,Equity: Large & Mid Cap,36.1253,9.6,1.16,22.8,21.53,0.79,1.05,Ajay Khandelwal,0,0,0,0,500,35.35,35.33,26.34,6.71,43.49,1% for redemption within 365 days,97.02,2.98,0,0,0,,1.41,0,0,0,0,0,2.98,16.71,42.55,0.71,117.15,95.99
Motilal Oswal Large Cap Fund Reg (G),Motilal Oswal Mutual Fund,3220,06-02-2024,-0.08,-3.17,-1.45,-5.12,-3.32,7.88,-4.16,-0.59,,,,,,,,10.38,0,Equity: Large Cap,13.0674,0,0,0,0,0,0,Ajay Khandelwal,0,0,0,500,500,79.33,0,18.91,2.9,20.15,1% for redemption within 365 days,98.24,1.76,0,0,0,,1.67,0,0,0,0,0,1.76,0,0,,0,0
Motilal Oswal Liquid Fund (G),Motilal Oswal Mutual Fund,966,20-12-2018,0.02,0.08,0.21,0.44,1.41,3.04,5.89,6.09,6.36,5.82,5.11,,,,,5.16,1,Debt: Liquid,14.808,0,0,6.22,0.19,2.82,5.13,Rakesh Shetty,0.08,0.08,6.2,0,500,0,0,0,0,0,Exit load of 0.0070% if redeemed within 1 day. 0.0065% if redeemed within 2 days. 0.0060% if redeemed within 3 days. 0.0055% if redeemed within 4 days. 0.0050% if redeemed within 5 days. 0.0045% if redeemed within 6 days.,0,99.67,0,0,0.33,,0.35,24.52,0,0,63.47,0,11.68,0,0,1.6,98.98,100
Motilal Oswal Manufacturing Fund Reg (G),Motilal Oswal Mutual Fund,679,08-08-2024,0.88,-1.54,1.47,-4.78,-0.65,15.19,-1.33,1.67,,,,,,,,5.98,0,Equity: Thematic,11.3265,0,0,0,0,0,0,Ajay Khandelwal,0,0,0,500,500,41.56,24.14,26.11,7.36,46.01,1% for redemption within 90 days,91.81,8.19,0,0,0,,2.04,0,0,0,0,0,8.19,0,0,,0,0
Motilal Oswal Midcap Fund Reg (G),Motilal Oswal Mutual Fund,40036,24-02-2014,0.04,-4.93,-3.1,-7.41,5.18,22.55,0.16,-4.1,16.44,18.65,21.17,15.47,,,,19.94,3,Equity: Mid Cap,98.8978,2.87,0.97,20.06,20.53,0.7,0.93,Ankit Agarwal,0,0,0,500,500,24.35,68.21,3.82,5.51,46.41,1% for redemption within 365 days,96.38,3.62,0,0,0,,1.28,0,0,0,0,0,3.62,14.99,45.8,0.18,115.32,98
Motilal Oswal Multi Cap Fund Reg (G),Motilal Oswal Mutual Fund,4492,18-06-2024,0.08,-4.07,-0.87,-3.57,10.57,35.56,11.56,7.47,,,,,,,,18.05,0,Equity: Multi Cap,14.6102,0,0,0,0,0,0,Atul Mehra,0,0,0,500,500,29.75,33.49,35.03,4.74,45.28,1% for redemption within 365 days,98.27,1.73,0,0,0,,1.61,0,0,0,0,0,1.73,0,0,,0,0
Motilal Oswal Multi Factor Passive FoF (G),Motilal Oswal Mutual Fund,33,12-03-2026,-0.1,-2.99,-1.26,-5.04,-4.77,5.64,,,,,,,,,,-1.59,0,Equity: Thematic,9.8413,0,0,0,0,0,0,Swapnil P Mayekar,0,0,0,0,0,63.51,28.31,7.69,0,0,1% for redemption within 15 days,99.52,0.48,0,0,0,,0.57,0,0,0,0,0,0.48,,,,,
Motilal Oswal Nasdaq 100 FOF (G),Motilal Oswal Mutual Fund,7708,29-11-2018,0.45,-1.93,-2.91,-3.39,-1.55,38.38,43.6,39.08,37.46,23.42,28.21,,,,,26.93,0,Equity: Global,65.7276,0,0,35.9,27.24,1.11,2.41,Swapnil P Mayekar,0,0,0,0,500,0,0,0,0,0,1% for redemption within 15 days,0,0,0,100,0,,0.4,0,0,0,0,0,100,16.79,47.43,0.57,60.89,60.18
Motilal Oswal Nifty 200 Momentum 30 Index Fund Reg (G),Motilal Oswal Mutual Fund,946,10-02-2022,-0.02,-3.73,-0.74,-5.86,-4.49,8.76,-2.1,-12.05,7.76,,,,,,,7.97,0,Equity: Index,14.2737,-0.99,1.2,12.98,19.86,0.37,0.48,Swapnil P Mayekar,0,0,0,1000,500,66.1,33.62,0,4.5,23.01,1% for redemption within 15 days,99.72,0.28,0,0,0,,0.9,0,0,0,0,0,0.28,17.48,44.17,-4.31,135.7,113.29
Motilal Oswal Nifty 50 Index Fund Reg (G),Motilal Oswal Mutual Fund,904,23-12-2019,-0.42,-3.55,-2.19,-6.09,-5.05,1.82,-7.58,-5.82,5.44,5.74,,,,,,10.12,3,Equity: Index,19.212,-1.84,0.95,8.98,13.6,0.24,0.31,Swapnil P Mayekar,0,0,0,0,500,98.65,1.34,0,3.16,20.66,0,99.99,0.01,0,0,0,,0.5,0,0,0,0,0,0.01,11.27,47.83,-17.78,99.64,100.1
Motilal Oswal Nifty 500 Index Fund (G),Motilal Oswal Mutual Fund,3087,06-09-2019,-0.13,-3.78,-1.83,-5.91,-3.93,7.73,-2.86,-4.46,8.45,7.96,12.98,,,,,13.48,0,Equity: Index,24.6017,-0.57,1,12.03,15.22,0.42,0.53,Swapnil P Mayekar,0,0,0,0,500,67.65,21.19,11.16,3.4,22.57,1% for redemption within 15 days,100,0,0,0,0,,0.79,0,0,0,0,0,0,12.6,43.9,-0.94,106.24,100.31
Motilal Oswal Nifty 500 Momentum 50 Index Reg (G),Motilal Oswal Mutual Fund,793,24-09-2024,-0.08,-3.43,-0.36,-5.56,-1.92,14.58,3.35,-9.94,,,,,,,,-10.05,0,Equity: Index,8.0768,0,0,0,0,0,0,Swapnil P Mayekar,0,0,0,500,500,43.69,35.84,20.41,5.57,26.66,1% for redemption within 15 days,99.94,0.06,0,0,0,,0.9,0,0,0,0,0,0.06,0,0,,0,0
Motilal Oswal Nifty Bank Index Fund (G),Motilal Oswal Mutual Fund,673,06-09-2019,0.68,-3.41,-2.13,-5.93,-5.14,8.75,-0.46,1.25,6.74,7.61,8.9,,,,,9.7,0,Equity: Index,19.3276,-1.6,1.03,10.4,16.52,0.28,0.34,Swapnil P Mayekar,0,0,0,0,500,74.54,25.42,0,1.71,13.23,1% for redemption within 15 days,99.96,0.04,0,0,0,,0.9,0,0,0,0,0,0.04,13.73,47.7,-16.93,102.02,100.52
Motilal Oswal Nifty Capital Market Index Fund Reg (G),Motilal Oswal Mutual Fund,625,16-12-2024,0.01,-5.16,-3.21,-7.31,-6.61,19.48,22.31,,,,,,,,,10.23,0,Equity: Index,11.9681,0,0,0,0,0,0,Swapnil P Mayekar,0,0,0,500,500,35.66,35.01,29.34,8.81,38.76,1% for redemption within 15 days,100,0,0,0,0,,0.9,0,0,0,0,0,0,0,0,,0,0
Motilal Oswal Nifty India Defence Index Fund Reg (G),Motilal Oswal Mutual Fund,5177,03-07-2024,1.44,-2.03,1.37,-4.66,-2.67,28.07,17.42,17.28,,,,,,,,8.35,0,Equity: Index,11.9714,0,0,0,0,0,0,Swapnil P Mayekar,0,0,0,500,500,53.05,24.67,22.28,10.32,50.9,1% for redemption within 15 days,100,0,0,0,0,,0.9,0,0,0,0,0,0,0,0,,0,0
Motilal Oswal Nifty Microcap 250 Index Fund Reg (G),Motilal Oswal Mutual Fund,2410,05-07-2023,-0.27,-2.56,1.27,-1.61,3.84,37.93,13.17,-0.51,15.76,,,,,,,21.32,3,Equity: Index,18.7101,2.12,1.09,18.74,24.35,0.54,0.87,Swapnil P Mayekar,0,0,0,500,500,0,0,99.83,3.38,29.7,1% for redemption within 15 days,99.83,0.17,0,0,0,,0.9,0,0,0,0,0,0.17,19.59,42.68,-4.19,121.69,102.25
Motilal Oswal Nifty Midcap 150 Index Fund Reg (G),Motilal Oswal Mutual Fund,3911,06-09-2019,0.07,-4.66,-2.24,-7.15,-4.02,12.36,3.59,-1.35,12.63,13.64,20.24,,,,,20.48,3,Equity: Index,37.6926,-0.48,1,17.03,17.94,0.63,0.82,Swapnil P Mayekar,0,0,0,0,500,11.6,84.15,4.25,3.97,25.4,1% for redemption within 15 days,100,0,0,0,0,,0.9,0,0,0,0,0,0,15.47,41.87,-15.18,114.85,99.83
Motilal Oswal Nifty MidSmall Financial Services Index Fund Reg (G),Motilal Oswal Mutual Fund,114,19-11-2024,0.6,-7.23,-4.65,-8.58,-5.01,16.14,16.16,,,,,,,,,18.16,0,Equity: Index,13.646,0,0,0,0,0,0,Swapnil P Mayekar,0,0,0,500,500,18.66,66.02,15.32,2.41,16.06,1% for redemption within 15 days,100,0,0,0,0,,0.9,0,0,0,0,0,0,0,0,,0,0
Motilal Oswal Nifty MidSmall Healthcare Index Fund Reg (G),Motilal Oswal Mutual Fund,47,19-11-2024,-1.82,-4.15,-1.01,-3.06,1.49,21.77,17.18,,,,,,,,,11.28,0,Equity: Index,12.2039,0,0,0,0,0,0,Swapnil P Mayekar,0,0,0,500,500,0,67.57,32.43,5.47,44.46,1% for redemption within 15 days,100,0,0,0,0,,0.54,0,0,0,0,0,0,0,0,,0,0
Motilal Oswal Nifty MidSmall India Consumption Index Fund Reg (G),Motilal Oswal Mutual Fund,25,19-11-2024,-0.5,-4.3,-1.12,-5.93,-2.12,11.27,-7.67,,,,,,,,,-4.36,0,Equity: Index,9.2026,0,0,0,0,0,0,Swapnil P Mayekar,0,0,0,500,500,4.25,91.65,3.72,7.56,27.51,1% for redemption within 15 days,99.62,0.38,0,0,0,,0.9,0,0,0,0,0,0.38,0,0,,0,0
Motilal Oswal Nifty MidSmall IT and Telecom Index Fund Reg (G),Motilal Oswal Mutual Fund,47,19-11-2024,1.28,-2.53,-4.51,-8.92,2.57,20.68,2.61,,,,,,,,,-5.32,0,Equity: Index,9.032,0,0,0,0,0,0,Swapnil P Mayekar,0,0,0,500,500,20.33,53.06,26.61,8.66,15.12,1% for redemption within 15 days,100,0,0,0,0,,0.9,0,0,0,0,0,0,0,0,,0,0
Motilal Oswal Nifty Next 50 Index Fund Reg (G),Motilal Oswal Mutual Fund,510,23-12-2019,0.41,-3.78,-0.81,-5.52,-2.57,15.46,2.59,-4.97,15.4,10.29,,,,,,13.75,4,Equity: Index,23.9423,6.08,1.28,18.73,19.99,0.65,0.84,Swapnil P Mayekar,0,0,0,0,500,86.88,13.12,0,3.37,20.28,1% for redemption within 15 days,100,0,0,0,0,,0.9,0,0,0,0,0,0,16.57,40.92,-8.85,126.31,103.47
Motilal Oswal Nifty Smallcap 250 Index Fund (G),Motilal Oswal Mutual Fund,1253,06-09-2019,0.28,-3.41,-0.61,-3.22,0.4,24.29,5.98,-2.13,12.69,13.08,20.37,,,,,20.61,2,Equity: Index,37.9728,0.53,1,16.25,21.77,0.48,0.73,Swapnil P Mayekar,0,0,0,0,500,0,7.26,92.56,3.45,32.9,1% for redemption within 15 days,99.82,0.18,0,0,0,,0.9,0,0,0,0,0,0.18,17.54,41.33,-7.58,111.34,99.4
Motilal Oswal Quality Fund (G),Motilal Oswal Mutual Fund,,,0.09,-1.95,-1.24,-1.24,,,,,,,,,,,,-1.24,,Equity: Thematic,9.876,,,,,,,,,,,0,0,,,,,,,91.43,8.57,0,0,0,,,,,,,,,,,,,
Motilal Oswal Quant Fund Reg (G),Motilal Oswal Mutual Fund,255,06-06-2024,-0.49,-4.48,-3.06,-8.74,-3.25,5.37,-4.19,-8.26,,,,,,,,-3.93,0,Equity: Thematic,9.1823,0,0,0,0,0,0,Ajay Khandelwal,0,0,0,0,0,41.74,50.1,7.41,4.06,19.84,1% for redemption within 15 days,99.25,0.75,0,0,0,,0.8,0,0,0,0,0,0.75,0,0,,0,0
Motilal Oswal S&P 500 Index Fund Reg (G),Motilal Oswal Mutual Fund,4500,28-04-2020,0,-0.22,1.12,0.64,3.63,22.54,23.62,23.14,26.97,17.65,,,,,,20.16,0,Equity: Global,32.7611,0,0,23.22,13.52,1.3,2.07,Swapnil P Mayekar,0,0,0,500,500,0,0,0,4.92,22.61,1% for redemption within 7 days,0,0.49,0,99.51,0,,0.9,0,0,0,0,0.21,99.79,12.52,42.74,0.75,-27.83,31.61
Motilal Oswal Services Fund (G),Motilal Oswal Mutual Fund,124,09-06-2025,-0.28,-3.03,-0.09,-1.43,4.88,27.43,14.39,,,,,,,,,11.78,0,Equity: Thematic,11.6404,0,0,0,0,0,0,Ajay Khandelwal,0,0,0,500,500,12.62,25.86,57.2,4.17,33.11,1% for redemption within 90 days,95.68,4.32,0,0,0,,2.1,0,0,0,0,0,4.32,0,0,,0,0
Motilal Oswal Small Cap Fund Reg (G),Motilal Oswal Mutual Fund,7605,26-12-2023,0.28,-2.29,-0.35,-2.59,4.46,37.31,21.88,9.78,,,,,,,,20.44,0,Equity: Small Cap,16.7234,0,0,0,0,0,0,Ankit Agarwal,0,0,0,500,500,1.33,8.21,83.02,4.68,32.72,1% for redemption within 365 days,92.56,7.44,0,0,0,,1.53,0,0,0,0,0,7.44,0,0,,0,0
Motilal Oswal Special Opportunities Fund Reg (G),Motilal Oswal Mutual Fund,82,14-08-2025,0.11,-2.59,0.19,0.59,7.74,33.5,23.25,,,,,,,,,20.93,0,Equity: Thematic,12.5227,0,0,0,0,0,0,Ajay Khandelwal,0,0,0,500,500,17.16,20.19,61.06,7.28,53.28,1% for redemption within 3 months,98.41,1.59,0,0,0,,2.1,0,0,0,0,0,1.59,0,0,,0,0
Motilal Oswal Ultra Short Term Fund Reg (G),Motilal Oswal Mutual Fund,515,06-09-2013,0.03,0.06,0.18,0.4,1.27,2.89,5.28,5.45,5.65,5.09,4.71,3.59,,,,4.4,1,Debt: Ultra Short Duration,17.5667,0,0,5.55,0.31,-0.47,-0.58,Rakesh Shetty,0.37,0.37,6.43,1000,1000,0,0,0,0,0,0,0,99.69,0,0,0.31,,1,23.38,0,0,69.6,0,6.71,0.06,3.72,-1.31,101.42,100
NAVI Aggressive Hybrid Fund (G),NAVI Mutual Fund,118,30-04-2018,-0.03,-2.18,0,-2.8,1.34,16.61,6.7,2.47,10.05,9.09,10.85,,,,,9.73,3,Hybrid: Aggressive,21.8654,0,0,11.46,11.91,0.48,0.6,Ashutosh Shirwaikar,0.04,0.04,6.2,100,100,25.58,14.78,32.9,3.15,20.76,0,73.26,26.74,0,0,0,,2.1,0,0,0,17.66,0,9.08,9.76,41,0.57,88.37,93.18
Navi BSE Sensex Index Fund Reg (G),NAVI Mutual Fund,19,04-09-2023,-0.07,-3.15,-2.09,-5.85,-5.19,0.99,-9.45,-7.05,3.44,,,,,,,3.33,0,Equity: Index,11.074,0,0,0,0,0,0,Ashutosh Shirwaikar,0,0,0,100,100,99.8,0,0,3.24,22.08,0,99.8,0.2,0,0,0,,0.89,0,0,0,0,0,0.2,11.28,48.51,,95.85,100.87
Navi ELSS Tax Saver Fund Reg (G),NAVI Mutual Fund,0,30-12-2015,0,0,1.16,2.17,-4.09,-5.7,-2.46,2.26,10.88,10.41,9.5,10.5,,,,10.26,0,Equity: ELSS,27.3039,0,0,0,0,0,0,,0,0,0,500,500,98.52,1.34,0,0,0,,99.86,0.14,0,0,0,,0,0,0,0,0,0,0.14,12.09,46.02,-1.7,84.18,97.09
Navi ELSS Tax Saver Nifty 50 Index Fund Reg (G),NAVI Mutual Fund,154,20-03-2023,-0.42,-3.52,-2.18,-6.1,-5.16,1.58,-8.05,-6.27,4.78,,,,,,,8.24,1,Equity: ELSS,13.3204,-3.36,0.87,8.31,13.54,0.19,0.25,Ashutosh Shirwaikar,0,0,0,500,500,98.52,1.34,0,3.1,20.1,0,99.86,0.14,0,0,0,,0.9,0,0,0,0,0,0.14,11.28,48.31,-1.2,98.68,100.33
NAVI Flexi Cap Fund (G),NAVI Mutual Fund,297,09-07-2018,0.03,-2.9,-0.1,-3.92,-0.93,16.83,8.1,-0.08,8.96,8.91,12.48,,,,,11.35,2,Equity: Flexi Cap,24.2698,-0.86,0.97,11.56,15.5,0.38,0.5,Ashutosh Shirwaikar,0,0,0,100,100,38.13,16.73,38.45,3.53,22.51,0,93.31,6.69,0,0,0,,2.1,0,0,0,0.99,0,5.7,12.1,43.3,-0.32,94.06,95.59
NAVI Large & Midcap Fund Reg (G),NAVI Mutual Fund,315,07-12-2015,-0.18,-4.36,-2.21,-6.79,-3.64,12.76,0.62,-3.6,6.88,7.78,12.35,11.14,,,,12.21,1,Equity: Large & Mid Cap,34.7723,-2.07,1.07,10.49,16.84,0.28,0.37,Ashutosh Shirwaikar,0,0,0,100,100,39.94,38.18,16.29,3.21,22.32,0,94.41,5.59,0,0,0,,2.1,0,0,0,0,0,5.59,12.73,43.98,-0.91,97.74,98.5
NAVI Liquid Fund (G),NAVI Mutual Fund,74,19-02-2010,0.02,0.08,0.2,0.41,1.34,2.9,5.69,6.05,6.33,6.03,5.34,5.84,6.9,,,6.92,1,Debt: Liquid,30.4158,0,0,6.21,0.18,2.81,5.23,Tanmay Sethi,0.06,0.06,5.73,100,100,0,0,0,0,0,Exit load of 0.0070% if redeemed within 1 day. 0.0065% if redeemed within 2 days. 0.0060% if redeemed within 3 days. 0.0055% if redeemed within 4 days. 0.0050% if redeemed within 5 days. 0.0045% if redeemed within 6 days.,0,99.35,0,0,0.65,,0.27,20.16,0,0,55.27,0,23.92,0,0,1.93,99.05,100
Navi Nifty 50 Index Fund Reg (G),NAVI Mutual Fund,4130,15-07-2021,-0.42,-3.51,-2.15,-6.04,-4.97,1.97,-7.37,-5.59,5.65,5.95,,,,,,7.82,3,Equity: Index,14.7886,-1.66,0.95,9.16,13.59,0.26,0.33,Ashutosh Shirwaikar,0,0,0,100,100,98.66,1.34,0,3.1,20.1,0,100,0,0,0,0,,0.26,0,0,0,0,0,0,11.25,47.9,-11.11,99.84,100.01
Navi Nifty 500 Multicap 50:25:25 Index Fund Reg (G),NAVI Mutual Fund,28,01-08-2024,-0.07,-3.81,-1.69,-5.59,-3.31,10.75,-0.66,-3.8,,,,,,,,-1.82,0,Equity: Multi Cap,9.6037,0,0,0,0,0,0,Ashutosh Shirwaikar,0,0,0,100,100,50.48,24.95,24.54,3.38,22.18,0,99.97,0.03,0,0,0,,0.9,0,0,0,0,0,0.03,0,0,,0,0
Navi Nifty Bank Index Fund Reg (G),NAVI Mutual Fund,649,04-02-2022,0.68,-3.38,-2.1,-5.91,-5.12,8.8,-0.45,1.24,6.76,,,,,,,7.42,0,Equity: Index,13.9349,-1.6,1.03,10.42,16.56,0.29,0.34,Ashutosh Shirwaikar,0,0,0,100,100,74.57,25.42,0,1.71,13.22,0,99.99,0.01,0,0,0,,0.9,0,0,0,0,0,0.01,13.74,47.63,0.1,102.35,100.64
Navi Nifty India Manufacturing Index Fund Reg (G),NAVI Mutual Fund,87,29-08-2022,-0.36,-3.54,-0.88,-6.88,-2.61,10.12,4.41,-0.73,15.84,,,,,,,16.03,0,Equity: Index,18.2457,4.67,1,18.86,16.73,0.79,0.98,Ashutosh Shirwaikar,0,0,0,100,100,69.33,28.16,2.42,3.87,22.97,0,99.91,0.09,0,0,0,,0.9,0,0,0,0,0,0.09,13.9,43.3,-4.95,111.05,96.21
Navi NIFTY IT Index Fund Reg (G),NAVI Mutual Fund,23,26-03-2024,0.12,-2.13,-6.19,-11.13,5.24,-4.47,-16.81,-17.93,,,,,,,,-7.79,0,Equity: Index,8.1277,0,0,0,0,0,0,Ashutosh Shirwaikar,0,0,0,0,0,80.34,19.51,0,5.44,19,0,99.85,0.15,0,0,0,,0.9,0,0,0,0,0,0.15,0,0,,0,0
Navi Nifty Midcap 150 Index Fund Reg (G),NAVI Mutual Fund,408,11-03-2022,0.05,-4.73,-2.33,-7.24,-4.13,12.18,3.3,-1.68,12.23,,,,,,,16.37,3,Equity: Index,19.9216,-0.81,1,16.66,17.87,0.61,0.8,Ashutosh Shirwaikar,0,0,0,100,100,11.6,84.14,4.24,4.01,25.07,0,99.98,0.02,0,0,0,,0.9,0,0,0,0,0,0.02,15.45,41.68,-9.19,114.24,99.92
Navi Nifty MidSmallcap 400 Index (G),NAVI Mutual Fund,13,09-12-2025,0.12,-4.23,-1.73,-5.85,-2.63,15.58,,,,,,,,,,2.74,0,Equity: Index,10.274,0,0,0,0,0,0,Ashutosh Shirwaikar,0,0,0,0,0,7.59,57.5,34.18,3.83,27.23,0,99.27,0.73,0,0,0,,0.9,0,0,0,0,0,0.73,,,,,
Navi Nifty Next 50 Index Fund Reg (G),NAVI Mutual Fund,1331,20-01-2022,0.41,-3.73,-0.75,-5.47,-2.54,15.5,2.58,-4.87,15.47,,,,,,,10.82,4,Equity: Index,16.204,6.12,1.28,18.77,19.98,0.65,0.84,Ashutosh Shirwaikar,0,0,0,100,100,86.86,13.11,0.03,3.34,20.08,0,100,0,0,0,0,,0.9,0,0,0,0,0,0,16.59,41,-3.57,126.59,103.55
Navi Nifty REITs & Realty Index Fund (G),NAVI Mutual Fund,,,0.89,-1.44,0.48,0,,,,,,,,,,,,0.48,,Equity: Sectoral,10.048,,,,,,,,,,,0,0,,,,,,,99.62,0.38,0,0,0,,,,,,,,,,,,,
Navi Nifty Smallcap250 Momentum Quality 100 Index Fund Reg (G),NAVI Mutual Fund,42,12-03-2025,0.51,-2.55,0.15,-2.14,3.16,26.7,6.7,,,,,,,,,11.64,0,Equity: Index,11.9186,0,0,0,0,0,0,Ashutosh Shirwaikar,0,0,0,100,100,0,6.27,93.73,4.17,26.61,0,100,0,0,0,0,,0.9,0,0,0,0,0,0,0,0,,0,0
Navi US Nasdaq 100 FoF Reg (G),NAVI Mutual Fund,1252,23-03-2022,0,-0.19,4.82,3.85,1.66,33.68,32.91,31.57,33.53,,,,,,,23.35,0,Equity: Global,25.7683,0,0,28.07,19.25,1.16,2.07,Ashutosh Shirwaikar,0,0,0,10,10,0,0,0,0,0,0,0,0.54,0,99.46,0,,0.3,0,0,0,0,0,100,17.25,43.54,0.45,-13.24,34.65
NAVI US Total Stock Market FoF Reg (G),NAVI Mutual Fund,1092,24-02-2022,0,-0.36,0.84,0.26,2.96,21.94,24.56,23.95,27.73,,,,,,,19.54,0,Equity: Global,22.9318,0,0,24.11,14.88,1.24,1.98,Ashutosh Shirwaikar,0,0,0,100,100,0,0,0,0,0,0,0,1.17,0,98.83,0,,0.06,0,0,0,0,0,100,13.1,42.7,0.78,-26.7,32.16
Nippon India Active Momentum Fund Reg (G),Nippon India Mutual Fund,565,28-02-2025,-0.09,-4.72,-2.15,-7.2,-2.88,13.91,7.36,,,,,,,,,13.47,0,Equity: Thematic,12.2954,0,0,0,0,0,0,Shirish Valmik Guthe,0,0,0,100,500,40.51,32.83,24,4.31,32.74,1% for redemption within 1 year,97.34,2.66,0,0,0,,1.44,0,0,0,0,0,2.66,0,0,,0,0
Nippon India Aggressive Hybrid Fund (G),Nippon India Mutual Fund,4072,08-06-2005,-0.16,-3.04,-1.4,-4.72,-2.95,5.55,-1.49,-1.35,8.75,9.39,10.04,8.73,11.4,11.73,,11.54,4,Hybrid: Aggressive,102.8407,0,0,11.24,10.69,0.52,0.66,Meenakshi Dawar,4.47,3.2,7.94,500,100,51.9,13.28,10.98,3.37,25.17,"For units in excess of 10% of the investment, 1% will be charged for redemption within 365 days",76.16,21.72,0,0,2.12,,1.63,3.58,2.81,5.42,5.46,0,6.57,9.06,42.88,0.82,92.55,94.43
Nippon India Arbitrage Fund (G),Nippon India Mutual Fund,17533,14-10-2010,0.22,0.04,0.27,0.48,1.46,2.85,6.04,6.2,6.56,6.03,5.52,5.74,6.67,,,6.75,3,Hybrid: Arbitrage,28.4867,0,0,6.44,0.51,1.46,1.88,Vikash Agarwal,0,0,0,1000,100,0,0,0,2.48,17.42,0.25% for redemption within 15 days,0,100,0,0,0,,0.87,0,0,0,5.5,22.48,2.96,0.59,29.99,-1.88,98.21,100
Nippon India Balanced Advantage Fund (G),Nippon India Mutual Fund,9918,15-11-2004,-0.06,-2.62,-1.3,-3.8,-1.93,5.61,0.65,0.84,8.57,7.9,9.99,9.55,11.55,10.83,,14.06,4,Hybrid: Balanced Advantage,177.9395,0,0,10.47,8.41,0.57,0.69,Bhavik Dave,4.6,3.19,7.66,100,100,52.95,12.73,9.61,3.4,24.43,"For units in excess of 10% of the investment, 1% will be charged for redemption within 365 days",75.29,21.41,0,0,3.3,,1.5,3.13,1.2,4.67,8.47,0,7.24,6.77,41.79,0.98,63.99,88.47
Nippon India Banking & Financial Services Fund (G),Nippon India Mutual Fund,7910,26-05-2003,0.3,-4.72,-2.97,-6.84,-5.86,7.83,-1.27,0.75,9.35,11.28,12.61,11.75,13.74,15.32,,19.26,4,Equity: Sectoral,608.2118,1.85,0.95,13.38,15.2,0.51,0.63,Vinay Sharma,0,0,0,1000,100,58.93,20.4,19.23,2.35,19.05,1% for redemption within 30 days,98.56,1.44,0,0,0,,1.53,0,0,0,0,0,1.44,13.04,43.56,0.31,102.33,97.22
Nippon India Banking and PSU Debt Fund (G),Nippon India Mutual Fund,5150,15-05-2015,0.07,-0.13,0.06,0.13,0.22,3.02,4.46,5.96,6.63,5.77,6.43,6.78,,,,7.15,2,Debt: Banking and PSU,21.9638,0,0,6.54,1.78,0.48,0.79,Pranay Sinha,3.64,3.11,7.41,1000,1000,0,0,0,0,0,0,0,99.66,0,0,0.34,,0.66,8.64,0,0,80.69,0,10.33,0.8,29.93,-0.84,97.88,100
Nippon India BSE Sensex Next 30 Index Fund (G),Nippon India Mutual Fund,88,10-06-2025,-1,-4.11,-1.85,-5.76,-2.87,8.53,4.5,,,,,,,,,3.1,0,Equity: Large Cap,10.4248,0,0,0,0,0,0,Himanshu Mange,0,0,0,1000,500,87.4,12.6,0,3.26,18.05,0,100,0,0,0,0,,0.44,0,0,0,0,0,0,0,0,,0,0
Nippon India Conservative Hybrid Fund (G),Nippon India Mutual Fund,984,29-12-2003,0.08,-0.38,-0.05,-0.4,0.69,3.87,5.54,6.42,7.69,7.33,5.26,5.21,7.17,8,,8.35,5,Hybrid: Conservative,61.9381,0,0,7.84,2.29,0.94,1.1,Dhrumil Shah,2.28,2,9.07,1000,100,10.04,2.47,4.16,2.93,19.97,"For units in excess of 10% of the investment, 1% will be charged for redemption within 365 days",16.67,81.08,0,0,2.25,,1.53,9.08,27.26,27.58,12.06,0,7.06,1.43,34.39,0.76,173.62,80.16
Nippon India Consumption Fund (G),Nippon India Mutual Fund,2452,30-09-2004,-0.42,-4.53,-2.36,-6.89,-2.58,9.92,-9.17,-9,7.14,9.95,15.37,11.68,14.16,11.83,,14.1,4,Equity: Thematic,182.0393,-1.82,0.98,10.62,16.41,0.3,0.38,Kinjal Desai,0,0,0,1000,100,66.9,18.36,13.43,7.82,46.12,1% for redemption within 30 days,98.69,1.31,0,0,0,,1.71,0,0,0,0,0,1.31,10.8,46.4,-1.04,64.59,83.87
Nippon India Corporate Bond Fund (G),Nippon India Mutual Fund,9051,14-09-2000,0.07,-0.19,0.01,0.09,0.42,3.03,4.69,6.34,7.05,6.35,6.72,6.83,7.59,7.42,7.16,7.37,4,Debt: Corporate Bond,63.7455,0,0,6.96,1.66,0.76,1.26,Vivek Sharma,3.27,2.91,7.5,1000,100,0,0,0,0,0,0,0,99.4,0.28,0,0.32,,0.63,6.14,0,0,83.04,0,10.22,0.73,28.04,-0.45,173.89,76.17
Nippon India Credit Risk Fund (G),Nippon India Mutual Fund,1574,08-06-2005,0.08,-0.04,0.22,0.39,1.2,3.88,6.85,8,8.01,7.07,5.88,5.77,7,6.71,,6.47,4,Debt: Credit Risk,38.1684,0,0,7.81,1.03,2.04,3.35,Sushil Hari Prasad Budhia,2.37,2.07,8.66,500,100,0,0,0,0,0,"For units in excess of 25% of the investment, 1% will be charged for redemption within 12 months",0,99.73,0,0,0.27,,1.17,10.27,30.39,27.97,21.89,0,9.21,0.42,15.19,0.55,183.9,71.2
Nippon India CRISIL IBX AAA Financial Services Dec 2026 Index Fund Reg (G),Nippon India Mutual Fund,126,25-10-2024,0.03,0.07,0.24,0.52,1.68,3.71,6.52,,,,,,,,,7.36,0,Debt: Low Duration,11.4705,0,0,0,0,0,0,Vivek Sharma,0.26,0.26,7.02,1000,100,0,0,0,0,0,0,0,100,0,0,0,,0.3,0,0,0,94.06,0,5.94,0,0,,0,0
Nippon India CRISIL IBX AAA Financial Services Jan 2028 Index Fund Reg (G),Nippon India Mutual Fund,82,25-10-2024,0.04,-0.06,0.08,0.38,1.27,3.33,5.6,,,,,,,,,7.15,0,Debt: Low Duration,11.4266,0,0,0,0,0,0,Vivek Sharma,1.28,1.2,7.57,1000,100,0,0,0,0,0,0,0,100,0,0,0,,0.31,0,0,0,93.35,0,6.65,0,0,,0,0
Nippon India CRISIL-IBX Financial Services 3-6 Months Debt Index Fund (G),Nippon India Mutual Fund,364,12-03-2026,0.05,0.08,0.23,0.46,1.61,3.73,,,,,,,,,,4.08,0,Debt: Ultra Short Duration,10.4084,0,0,0,0,0,0,Vikash Agarwal,0.31,0.3,6.91,0,0,0,0,0,0,0,0,0,100,0,0,0,,0.21,0,0,0,96.91,0,3.09,,,,,
Nippon India CRISIL-IBX Financial Services 9-12 Months Debt Index Fund (G),Nippon India Mutual Fund,535,02-03-2026,0.04,-0.02,0.15,0.39,1.51,3.48,,,,,,,,,,3.8,0,Debt: Low Duration,10.3804,0,0,0,0,0,0,Vikash Agarwal,0.59,0.59,7.32,0,0,0,0,0,0,0,0,0,100,0,0,0,,0.22,0,0,0,97.22,0,2.78,,,,,
Nippon India Diversified Equity Flexicap Passive FoF Reg (G),Nippon India Mutual Fund,224,01-01-2021,-0.11,-3.35,-1.82,-5.52,-3.54,7.33,-3.07,-4.77,8.16,7.89,,,,,,12.66,0,Equity: Flexi Cap,19.8414,-0.82,0.99,11.69,15.07,0.4,0.52,Shirish Valmik Guthe,0,0,0,1000,1000,35.69,31.31,32.06,0,0,0,99.06,0.94,0,0,0,,0.49,0,0,0,0,0,0.94,10.78,44.99,-1.12,82.72,90.55
Nippon India Dynamic Term Fund (G),Nippon India Mutual Fund,3875,15-11-2004,0.08,-0.17,-0.01,-0.36,-0.02,2.58,4.28,5.74,6.77,5.73,6.12,6.04,7.46,6.58,,6.44,0,Debt: Dynamic Bond,39.2247,0,0,6.84,2.4,0.48,0.7,Pranay Sinha,3.95,3.44,7.03,1000,1000,0,0,0,0,0,0,0,99.64,0,0,0.36,,0.63,95.37,0,0,0,0,4.27,1.33,36.88,0.2,177.19,75.44
Nippon India ELSS Tax Saver Fund (G),Nippon India Mutual Fund,14718,21-09-2005,0.06,-2.94,-0.62,-3.86,-3.97,7.54,-1.16,-3.18,10.49,10.34,13.9,9.71,13.28,12.11,,12.78,4,Equity: ELSS,125.6013,0.84,0.97,13.22,14.97,0.5,0.71,Rupesh Patel,0,0,0,500,500,63.81,19.69,15.14,2.91,20.23,0,98.64,1.36,0,0,0,,1.45,0,0,0,0,0,1.36,12.84,43.42,0.07,100.1,96.36
Nippon India Equity Savings Fund Reg (G),Nippon India Mutual Fund,771,30-05-2015,0.09,-1.1,-0.43,-1.47,-1.29,1.48,0.9,1.75,5.37,5.49,4.86,4.06,,,,4.32,2,Hybrid: Equity Savings,16.1585,0,0,6.12,3.84,0.11,0.13,Dhrumil Shah,3.26,2.78,7.03,1000,100,27.19,3.8,0,2.81,20.45,"For units in excess of 10% of the investment, 1% will be charged for redemption within 15 days",30.99,69.01,0,0,0,,1.32,35.51,0,12.75,14.53,0,4.73,2.99,41.73,-0.43,107.53,99.01
Nippon India Flexi Cap Fund Reg (G),Nippon India Mutual Fund,9822,13-08-2021,-0.11,-3.75,-1.24,-6.01,-3.47,10.6,-2.82,-4.86,7.82,8.6,,,,,,9.58,3,Equity: Flexi Cap,15.9932,-1.12,1,11.46,15.46,0.37,0.47,Dhrumil Shah,0,0,0,0,0,62.7,21.83,14.65,3.66,27.09,"For units in excess of 10% of the investment, 1% will be charged for redemption within 365 days",99.18,0.82,0,0,0,,1.5,0,0,0,0,0,0.82,12.93,43.77,-0.54,99.44,98.1
Nippon India Floating Interest Rates Fund (G),Nippon India Mutual Fund,7508,27-08-2004,0.07,-0.11,0.11,0.21,0.58,2.92,5.02,6.61,7.07,6.25,6.79,6.82,7.56,7.56,,7.38,3,Debt: Floater,48.2669,0,0,6.98,1.29,1,1.6,Vikash Agarwal,3,2.54,7.45,1000,100,0,0,0,0,0,0,0,99.68,0,0,0.32,,0.55,16.28,0,0,77.76,0,5.64,0.49,20.86,0.2,186.37,72.22
Nippon India Focused Fund (G),Nippon India Mutual Fund,8651,26-12-2006,-0.17,-4.38,-2.25,-6.45,-4.68,8.35,-2.47,-3.34,7.22,8.55,14.6,11.68,15.08,,,13.12,3,Equity: Focused,116.148,-1,0.94,11.16,14.8,0.37,0.53,Vinay Sharma,0,0,0,1000,100,65.9,15.81,15.94,3,22.06,"For units in excess of 10% of the investment, 1% will be charged for redemption within 365 days",97.65,2.35,0,0,0,,1.52,0,0,0,0,0,2.35,11.66,43.83,-0.45,89.66,93.86
Nippon India Gilt Fund (G),Nippon India Mutual Fund,1517,04-07-2003,0,-0.41,0.09,-0.33,-1.12,3.77,2.8,3.15,5.49,4.69,5.42,6.32,7.86,,,7.76,3,Debt: Gilt Fund,38.8575,0,0,5.58,3.95,-0.03,-0.04,Pranay Sinha,22.41,8.86,7.16,1000,100,0,0,0,0,0,0,0,100,0,0,0,,1.04,82.08,0,0,0,0,17.92,2.45,42.54,-0.55,112.32,98.47
Nippon India Gilt Fund Ins (G) (Susp),Nippon India Mutual Fund,,,0,-0.4,0.1,-0.31,-1.06,3.98,3.21,3.35,5.63,4.82,5.56,6.46,7.98,,,7.87,,Debt: Gilt Fund,39.6344,,,,,,,,,,,100000,50000000,,,,,,,0,100,0,0,0,,,,,,,,,2.44,42.54,,112.08,98.28
Nippon India Gilt Fund PF Option Automatic Capital Appre Pay,Nippon India Mutual Fund,,,0,-0.41,0.09,-0.33,-1.12,3.77,2.8,3.15,5.49,4.69,5.42,6.32,7.86,,,7.76,,Debt: Gilt Fund,38.8575,,,,,,,,,,,1000,500,,,,,,,0,100,0,0,0,,,,,,,,,2.45,42.54,,112.32,98.47
Nippon India Gold Savings Fund (G),Nippon India Mutual Fund,7602,07-03-2011,0.79,-2.52,-1.65,-4.52,4.78,0.2,26.41,37.83,34.56,24.6,20.05,15.04,10.52,,,11.64,2,Commodity: Gold,55.8998,-0.87,0.97,32.77,19.82,1.37,2.37,Himanshu Mange,0,0,0,100,100,0,0,0,0,0,1% for redemption within 15 days,0,0,100,0,0,,0.21,0,0,0,0,0,0,17.45,44.37,-0.66,63.67,77.51
Nippon India Growth Mid cap Fund (G),Nippon India Mutual Fund,52271,08-10-1995,-0.09,-3.96,-1.48,-5.61,-3.23,13.15,5.44,0.79,15.93,16.08,21.8,16.9,17,15.66,26.38,21.62,5,Equity: Mid Cap,4315.6836,2.19,0.97,19.35,17.76,0.77,1.02,Rupesh Patel,0,0,0,100,100,20.99,66.21,11.57,3.91,29.34,1% for redemption within 30 days,98.77,1.23,0,0,0,,1.23,0,0,0,0,0,1.23,14.75,43.96,0.38,107.61,94.09
Nippon India Income Plus Arbitrage Active FoF Reg (G),Nippon India Mutual Fund,636,17-06-2025,0.13,-0.08,0.14,0.28,0.92,3.04,5.47,,,,,,,,,5.19,0,Hybrid: Fof Domestic Income Plus Arbitrage,10.6949,0,0,0,0,0,0,Vikash Agarwal,0,0,0,100,500,0,0,0,0,0,0,0,100,0,0,0,,0.26,0,0,0,0,98.23,1.77,0,0,,0,0
Nippon India Income Plus Arbitrage Omni FoF (G),Nippon India Mutual Fund,,,0.13,0,0.25,0.35,,,,,,,,,,,,0.35,,Hybrid: Fof Domestic Income Plus Arbitrage,10.0354,,,,,,,,,,,0,0,,,,,,,99.92,0.08,0,0,0,,,,,,,,,,,,,
Nippon India Index Fund BSE Sensex Plan (G),Nippon India Mutual Fund,930,28-09-2010,-0.07,-3.15,-2.08,-5.84,-5.08,1.28,-9.23,-6.7,3.89,4.78,9.98,10.48,10.76,,,8.5,2,Equity: Index,37.0964,-3.51,0.93,7.24,13.5,0.11,0.15,Himanshu Mange,0,0,0,1000,100,99.92,0,0,3.24,22.08,0,99.92,0.08,0,0,0,,0.42,0,0,0,0,0,0.08,11.28,47.9,-1.7,97.22,100.75
Nippon India Index Fund Nifty 50 Plan (G),Nippon India Mutual Fund,3884,28-09-2010,-0.42,-3.53,-2.18,-6.08,-5.02,1.89,-7.49,-5.72,5.49,5.66,10.48,10.39,10.98,,,8.78,2,Equity: Index,38.6488,-1.8,0.94,9.01,13.57,0.24,0.32,Himanshu Mange,0,0,0,100,100,98.66,1.34,0,3.1,20.1,0,100,0,0,0,0,,0.35,0,0,0,0,0,0,11.27,47.76,-10.21,99.57,100.03
Nippon India Innovation Fund Reg (G),Nippon India Mutual Fund,3108,29-08-2023,-0.22,-4.88,-2.16,-6.32,-0.6,17.08,-0.16,-2.26,11.95,,,,,,,12.26,0,Equity: Thematic,14.302,0,0,0,0,0,0,Vinay Sharma,0,0,0,100,100,39.73,32.42,26.6,5.71,34.25,1% for redemption within 1 year,98.75,1.25,0,0,0,,1.67,0,0,0,0,0,1.25,12.13,43.63,0.46,87.55,89.25
Nippon India Japan Equity Fund (G),Nippon India Mutual Fund,353,26-08-2014,2.05,1.82,1.47,0.99,6.42,18.4,28.1,20.64,21.85,9.84,11.63,10.45,,,,9.04,0,Equity: Global,28.5012,0,0,19.84,14.29,0.99,1.55,Kinjal Desai,0,0,0,1000,100,0,0,0,2.1,1.96,1% for redemption within 365 days,0,8.78,0,91.22,0,,2.08,0,0,0,0,0,100,15.93,47.82,-0.12,33.27,62.29
Nippon India Large Cap Fund (G),Nippon India Mutual Fund,54134,08-08-2007,-0.15,-3.64,-1.7,-5.84,-5.02,4.15,-6.35,-3.72,8.84,11.07,14.14,12.76,14.33,,,11.81,5,Equity: Large Cap,84.8966,1.34,0.95,12.19,13.87,0.47,0.58,Sailesh Raj Bhan,0,0,0,100,100,81.16,14.98,3.54,3.5,23.04,1% for redemption within 7 days,99.68,0.32,0,0,0,,1.22,0,0,0,0,0,0.32,11.88,44.5,0.37,99.58,97
Nippon India Liquid Fund (G),Nippon India Mutual Fund,41346,09-12-2003,0.02,0.08,0.21,0.47,1.52,3.38,6.37,6.58,6.82,6.25,5.6,6.03,6.99,7.05,,6.84,3,Debt: Liquid,6875.5471,0,0,6.65,0.21,4.59,10.23,Vikash Agarwal,0.12,0.12,6.44,1000,100,0,0,0,0,0,Exit load of 0.0070% if redeemed within 1 day. 0.0065% if redeemed within 2 days. 0.0060% if redeemed within 3 days. 0.0055% if redeemed within 4 days. 0.0050% if redeemed within 5 days. 0.0045% if redeemed within 6 days.,0,99.77,0,0,0.23,,0.32,13.75,0,0,82.28,0,3.74,0,0,3.42,0,0
Nippon India Medium Term Fund (G),Nippon India Mutual Fund,147,26-06-2014,0.09,-0.13,0.15,0.13,0.4,3.31,5.4,7.59,7.74,6.22,2.68,2.92,,,,4.35,1,Debt: Medium Duration,16.8546,0,0,7.57,2.05,0.91,1.74,Sushil Hari Prasad Budhia,5.54,3.88,7.82,1000,100,0,0,0,0,0,1% for redemption within 365 days,0,99.66,0,0,0.34,,0.92,33.88,6.86,31.38,22.39,0,5.15,0.75,27.72,0.07,164.95,77.64
Nippon India Medium to Long Term Fund (G),Nippon India Mutual Fund,329,01-01-1998,0.02,-0.4,0.13,-0.13,-0.48,3.1,3.53,4.03,5.75,5.04,5.54,5.93,7.08,7.27,7.4,7.85,3,Debt: Medium to Long Duration,92.6618,0,0,5.73,2.82,0.01,0.02,Vivek Sharma,13.53,6.79,7.27,1000,100,0,0,0,0,0,0.25% for redemption within 15 days,0,99.62,0,0,0.38,,1.27,78.12,0,0,9.05,0,12.45,1.74,40.88,-1.28,139.94,89.46
Nippon India MNC Fund (G),Nippon India Mutual Fund,435,22-07-2025,-0.93,-3.71,-2.46,-7.23,-4.59,6.73,-3.48,,,,,,,,,0.66,0,Equity: Thematic,10.0824,0,0,0,0,0,0,Dhrumil Shah,0,0,0,100,500,54.16,26.99,14.79,6.03,34.03,1% for redemption within 1 year,95.94,4.06,0,0,0,,2.1,0,0,0,0,0,4.06,0,0,,0,0
Nippon India Money Market Fund (G),Nippon India Mutual Fund,23624,16-06-2005,0.04,0.08,0.23,0.5,1.58,3.54,6.33,7.04,7.24,6.64,6.24,6.63,7.38,7.38,,7.3,3,Debt: Money Market,4491.4572,0,0,7.04,0.57,2.37,3.38,Vikash Agarwal,0.51,0.51,6.97,500,100,0,0,0,0,0,0,0,99.73,0,0,0.27,,0.33,12.94,0,0,85.72,0,1.07,0.13,6.22,2.01,96.01,100
Nippon India Multi Asset Allocation Fund Reg (G),Nippon India Mutual Fund,17984,28-08-2020,0,-2.78,-1.47,-4.01,-0.27,7.25,8.02,8.46,16.94,13.6,,,,,,15.72,4,Hybrid: Multi Asset,24.335,0,0,17.72,9.4,1.28,1.51,Vinay Sharma,3.04,2.53,7.18,1000,1000,42,11.46,7.59,3.29,23.69,"For units in excess of 10% of the investment, 1% will be charged for redemption within 12 months",56.48,25.22,8.53,4.56,5.21,,1.14,7.01,0.27,4.42,8,0,10.73,8.68,39.62,1.09,50.19,69.96
Nippon India Multi Asset Omni FoF Reg (G),Nippon India Mutual Fund,3056,08-02-2021,0.12,-2.9,-1.18,-4.08,-1.19,7.75,6.01,6.51,14.45,13.77,,,,,,15.98,0,Hybrid: Multi Asset,23.0899,0,0,15.79,9.98,1.01,1.27,Shirish Valmik Guthe,0,0,0,1000,100,16.94,14.79,25.9,0,0,"For units in excess of 10% of the investment, 1% will be charged for redemption within 365 days",57.63,20.42,17.13,0,4.82,,0.91,0,0,0,0,17.18,8.06,9.27,42.01,1.52,47.54,70.95
Nippon India Multi Cap Fund (G),Nippon India Mutual Fund,56298,28-03-2005,-0.04,-3.62,-1.44,-5.18,-4.24,8.7,-2.73,-2.93,11.13,14.69,17.45,14.47,15.45,14.64,,16.91,3,Equity: Multi Cap,288.5286,2.62,0.89,13.79,15.28,0.53,0.72,Sailesh Raj Bhan,0,0,0,100,100,44.01,29.1,26.12,4.02,27.53,"For units in excess of 10% of the investment, 1% will be charged for redemption within 365 days",99.23,0.77,0,0,0,,1.21,0,0,0,0,0,0.77,12.86,43.01,-0.15,92.96,92.79
Nippon India Nifty 50 Value 20 Index Fund Reg (G),Nippon India Mutual Fund,816,19-02-2021,-0.22,-3.14,-2.52,-5.85,-5.92,-3.68,-10.4,-11.45,3.24,5.17,,,,,,8.87,1,Equity: Index,16.1158,-4.07,0.84,7.44,14.1,0.12,0.16,Jitendra Tolani,0,0,0,1000,500,99.87,0,0,2.15,13.92,0,99.87,0.13,0,0,0,,0.66,0,0,0,0,0,0.13,11.14,48.64,1.5,88,96.57
Nippon India Nifty 500 Equal Weight Index Fund Reg (G),Nippon India Mutual Fund,529,10-09-2024,0.05,-3.86,-1.3,-5.07,-2.53,16.85,1.08,-3.59,,,,,,,,-3.11,0,Equity: Index,9.3722,0,0,0,0,0,0,Jitendra Tolani,0,0,0,1000,100,19.95,29.08,50.97,3.37,22.16,0,100,0,0,0,0,,0.79,0,0,0,0,0,0,0,0,,0,0
Nippon India Nifty 500 Low Volatility 50 Index Fund Reg (G),Nippon India Mutual Fund,27,07-05-2025,-0.53,-3.25,-1.71,-6.01,-3.15,2.07,-4.77,,,,,,,,,0.7,0,Equity: Index,10.1017,0,0,0,0,0,0,Jitendra Tolani,0,0,0,1000,500,80.42,17.89,1.32,3.31,18.99,0,99.63,0.37,0,0,0,,0.81,0,0,0,0,0,0.37,0,0,,0,0
Nippon India Nifty 500 Momentum 50 Index Reg (G),Nippon India Mutual Fund,1326,30-09-2024,-0.08,-3.43,-0.35,-5.54,-1.88,15.28,4.34,-9.59,,,,,,,,-9.59,0,Equity: Index,8.1737,0,0,0,0,0,0,Jitendra Tolani,0,0,0,1000,100,43.69,35.87,20.41,5.74,26.24,0,99.97,0.03,0,0,0,,0.75,0,0,0,0,0,0.03,0,0,,0,0
Nippon India Nifty 500 Quality 50 Index Fund Reg (G),Nippon India Mutual Fund,43,07-05-2025,0.22,-3.41,-3.26,-8.02,-5.59,9.03,-2.63,,,,,,,,,1.22,0,Equity: Index,10.1779,0,0,0,0,0,0,Jitendra Tolani,0,0,0,1000,500,42.83,31.03,26,7.18,22.69,0,99.86,0.14,0,0,0,,0.79,0,0,0,0,0,0.14,0,0,,0,0
Nippon India Nifty AAA CPSE Bond Plus SDL Apr 2027 Maturity 60:40 Index Fund Reg (G),Nippon India Mutual Fund,2897,29-03-2022,0.03,0.07,0.19,0.46,1.46,3.3,6.08,6.96,7.26,,,,,,,6.14,0,Debt: Medium to Long Duration,13.1078,0,0,7.03,0.72,1.85,3.31,Vivek Sharma,0.5,0.49,6.55,1000,500,0,0,0,0,0,0,0,100,0,0,0,,0.27,38.35,0,0,57.1,0,4.55,0.26,16.41,-0.23,193.33,69.91
Nippon India Nifty AAA PSU Bond Plus SDL Sep 2026 Maturity 50:50 Index Fund Reg (G),Nippon India Mutual Fund,0,27-10-2022,0,0,0.01,0.21,1.17,2.78,5.59,6.75,7,,,,,,,7.05,0,Debt: Medium Duration,12.9997,0,0,6.79,0.54,2.04,3.9,,0.05,0.04,5.83,0,0,0,0,0,0,0,,0,100,0,0,0,,0,0,0,0,2.49,0,97.51,0.19,12.14,-0.33,197.17,69.25
Nippon India Nifty Alpha Low Volatility 30 Index Fund Reg (G),Nippon India Mutual Fund,1292,19-08-2022,-0.98,-4.1,-2.07,-7.21,-3.82,5.47,-3,-10.15,8,,,,,,,10.14,0,Equity: Index,14.8858,0.06,1.01,12.75,16.49,0.43,0.55,Jitendra Tolani,0,0,0,1000,500,84.21,15.68,0,3.26,23.34,0,99.89,0.11,0,0,0,,0.71,0,0,0,0,0,0.11,11.22,45.39,-0.47,86.06,91.3
Nippon India Nifty Auto Index Fund Reg (G),Nippon India Mutual Fund,51,04-12-2024,0.46,-3.21,-1.77,-8.9,-0.37,11.13,-0.59,,,,,,,,,6.12,0,Equity: Index,11.1796,0,0,0,0,0,0,Jitendra Tolani,0,0,0,1000,100,74.29,24.09,1.56,4.9,16.74,0,99.94,0.06,0,0,0,,0.75,0,0,0,0,0,0.06,0,0,,0,0
Nippon India Nifty Bank Index Fund Reg (G),Nippon India Mutual Fund,232,22-02-2024,0.68,-3.4,-2.12,-5.91,-5.09,8.86,-0.28,1.34,,,,,,,,6.29,0,Equity: Index,11.6229,0,0,0,0,0,0,Jitendra Tolani,0,0,0,1000,100,74.5,25.4,0,1.71,13.22,0,99.9,0.1,0,0,0,,0.68,0,0,0,0,0,0.1,0,0,,0,0
Nippon India Nifty G-Sec Jun 2036 Maturity Index Fund Reg (G),Nippon India Mutual Fund,713,19-12-2022,-0.09,-0.83,-0.41,-1.05,-1.09,2.82,3.36,5.04,7.05,,,,,,,7.23,0,Debt: Long Duration,13.0015,0,0,7.21,3.33,0.46,0.58,Vivek Sharma,9.67,7.04,6.97,1000,500,0,0,0,0,0,0,0,100,0,0,0,,0.36,96.88,0,0,0,0,3.12,2.44,40.55,0.53,111.19,95.25
Nippon India Nifty G-Sec Oct 2028 Maturity Index Fund Reg (G),Nippon India Mutual Fund,127,06-03-2023,0.11,-0.17,0.03,-0.08,0.53,2.65,4.54,6.4,7.16,,,,,,,7.36,0,Debt: Medium Duration,12.8898,0,0,7.08,1.55,0.89,1.16,Vivek Sharma,2.01,1.86,6.16,1000,100,0,0,0,0,0,0,0,100,0,0,0,,0.33,95.38,0,0,0,0,4.62,0.81,29.79,-0.37,173.12,76.12
Nippon India Nifty G-Sec Sep 2027 Maturity Index Fund Reg (G),Nippon India Mutual Fund,355,06-12-2022,0.01,0.01,0.13,0.19,0.98,2.51,5.1,6.46,7.08,,,,,,,6.91,0,Debt: Medium to Long Duration,12.9062,0,0,6.92,0.95,1.28,2.69,Vivek Sharma,0.9,0.88,5.83,0,0,0,0,0,0,0,0,0,100,0,0,0,,0.34,96.87,0,0,0,0,3.13,0.56,25.52,-0.33,182.3,73.61
Nippon India Nifty India Manufacturing Index Fund (G),Nippon India Mutual Fund,43,26-08-2025,-0.36,-3.53,-0.87,-6.85,-2.54,10.26,4.6,,,,,,,,,6.35,0,Equity: Index,10.7338,0,0,0,0,0,0,Himanshu Mange,0,0,0,100,500,69.33,28.17,2.4,3.87,22.97,0,99.9,0.1,0,0,0,,0.67,0,0,0,0,0,0.1,0,0,,0,0
Nippon India Nifty IT Index Fund Reg (G),Nippon India Mutual Fund,262,22-02-2024,0.12,-2.24,-6.3,-11.24,5.35,-4.38,-16.73,-17.71,,,,,,,,-10.55,0,Equity: Index,7.4798,0,0,0,0,0,0,Jitendra Tolani,0,0,0,1000,100,80.47,19.53,0,5.44,19,0,100,0,0,0,0,,0.74,0,0,0,0,0,0,0,0,,0,0
Nippon India Nifty Midcap 150 Index Fund Reg (G),Nippon India Mutual Fund,2845,19-02-2021,0.07,-4.66,-2.23,-7.15,-3.95,12.46,3.81,-1.26,12.68,13.66,,,,,,17.38,3,Equity: Index,24.5889,-0.42,1,17.08,17.91,0.64,0.83,Himanshu Mange,0,0,0,100,500,11.67,84.06,4.27,3.99,24.98,0,100,0,0,0,0,,0.68,0,0,0,0,0,0,15.44,41.87,-8.3,114.65,99.7
Nippon India Nifty Next 50 Junior BeES FoF (G),Nippon India Mutual Fund,840,08-03-2019,-0.7,-3.6,-0.85,-4.75,-2.36,15.81,3.31,-4.34,16.06,10.87,14.48,,,,,13.34,0,Equity: Index,25.9584,6.49,1.27,19.06,19.79,0.68,0.88,Himanshu Mange,0,0,0,0,1000,0,0,100,0,0,0,100,0,0,0,0,,0.25,0,0,0,0,0,0,14.51,41.19,-1,108.57,95.35
Nippon India Nifty Realty Index Fund Reg (G),Nippon India Mutual Fund,58,04-12-2024,1.61,-2.74,4.02,-6.35,2.26,29.82,-2.89,,,,,,,,,-12.52,0,Equity: Index,7.7793,0,0,0,0,0,0,Jitendra Tolani,0,0,0,1000,100,19.8,64.99,15.21,4.07,37.75,0,100,0,0,0,0,,0.78,0,0,0,0,0,0,0,0,,0,0
Nippon India Nifty SDL Plus G-Sec Jun 2028 Maturity 70:30 Index Fund Reg (G),Nippon India Mutual Fund,333,24-11-2022,0.08,0.02,0.08,0.2,1.03,2.82,5.3,6.56,7.28,,,,,,,7.23,0,Debt: Medium Duration,13.0759,0,0,7.11,1.45,0.98,1.46,Vivek Sharma,1.58,1.48,6.56,1000,1000,0,0,0,0,0,0,0,100,0,0,0,,0.34,96.67,0,0,0,0,3.33,0.66,27.72,-0.26,183.32,72.88
Nippon India Nifty SDL Plus G-Sec Jun 2029 Maturity 70:30 Index Fund Reg (G),Nippon India Mutual Fund,324,20-02-2023,0.06,-0.09,0.02,-0.08,0.46,2.56,4.78,6.35,7.25,,,,,,,7.32,0,Debt: Medium Duration,12.8929,0,0,7.17,1.87,0.79,1.18,Vivek Sharma,2.6,2.34,6.78,1000,100,0,0,0,0,0,0,0,100,0,0,0,,0.33,96.59,0,0,0,0,3.41,0.95,35.72,-0.26,177.11,74.64
Nippon India Nifty Smallcap 250 Index Fund Reg (G),Nippon India Mutual Fund,3518,16-10-2020,0.19,-3.46,-0.66,-3.27,0.36,24.3,6.06,-2.46,12.38,12.86,,,,,,22.74,2,Equity: Index,33.903,0.41,1,15.94,21.66,0.47,0.71,Himanshu Mange,0,0,0,100,500,0,7.27,92.73,3.52,32.66,0,100,0,0,0,0,,0.81,0,0,0,0,0,0,17.52,41.19,-3.46,111.06,99.55
Nippon India Nivesh Lakshya Long Term Fund (G),Nippon India Mutual Fund,6112,06-07-2018,-0.04,-0.98,-0.53,-1.36,-2.25,3.29,1.05,2.44,5.64,4.99,5.96,,,,,7.37,4,Debt: Long Duration,17.97,0,0,5.99,4.57,0.06,0.09,Pranay Sinha,21.75,10.91,7.49,1000,500,0,0,0,0,0,0,0,99.53,0,0,0.47,,0.55,96.34,0,0,0,0,3.19,3.17,41.93,-0.27,104.69,99.93
Nippon India Overnight Fund (G),Nippon India Mutual Fund,8548,18-12-2018,0.01,0.1,0.2,0.39,1.25,2.55,5.19,5.62,5.98,5.65,5.01,,,,,5.1,2,Debt: Overnight,147.3616,0,0,5.88,0.2,0.93,1.87,Vikash Agarwal,0.01,0.01,5.34,0,1000,0,0,0,0,0,0,0,100,0,0,0,,0.14,5.26,0,0,0,0,94.74,0,0,-0.77,0,0
Nippon India Pharma Fund (G),Nippon India Mutual Fund,9479,05-06-2004,-1.69,-3.15,-0.34,-3.65,0.44,14.32,12.88,3.47,16.65,12.72,21.84,14.49,16.85,18.28,,19.75,3,Equity: Sectoral,559.8525,-2.05,0.88,18.43,14.76,0.86,1.27,Sailesh Raj Bhan,0,0,0,1000,100,30.61,38.81,28.57,5.49,39.8,1% for redemption within 30 days,97.99,2.01,0,0,0,,1.51,0,0,0,0,0,2.01,10.73,45.59,-0.6,41.2,66.02
Nippon India Power & Infra Fund (G),Nippon India Mutual Fund,8137,08-05-2004,0.35,-3.24,0.26,-3.65,-4.12,13.74,6.98,-1.62,16.51,18.91,21.36,16.94,13.23,13.41,,17.44,4,Equity: Thematic,368.3774,2.7,0.71,20.14,20.45,0.71,1.15,Rahul Modi,0,0,0,1000,100,48.1,21.9,28.51,3.02,23.05,1% for redemption within 30 days,98.51,1.49,0,0,0,,1.52,0,0,0,0,0,1.49,16.06,43.83,0.39,124.14,100.88
Nippon India Quant Fund (G),Nippon India Mutual Fund,116,02-02-2005,-0.29,-3.9,-2.36,-6.73,-4.37,4.14,-2.31,-2.89,11.6,11.75,15.24,12.96,12.48,,,10.93,0,Equity: Thematic,68.9456,3.06,0.95,15.65,14.89,0.67,0.88,Shirish Valmik Guthe,0,0,0,1000,100,82.43,15.94,0,4.04,26.88,0.25% for redemption within 30 days,98.37,1.63,0,0,0,,0.82,0,0,0,0,0,1.63,13.28,42.74,0.86,114.32,100.11
Nippon India Retirement Fund Income Generation Scheme (G),Nippon India Mutual Fund,143,11-02-2015,-0.04,-1.57,-1.06,-2.71,-2.51,2.65,-1.16,0.15,5.06,4.69,5.92,5.71,,,,6.06,1,Solution: Retirement Debt,19.861,0,0,6.04,5.22,0.07,0.09,Pranay Sinha,16.17,9.03,7.13,1000,500,17.89,1.01,1.02,2.82,20.2,0,19.92,80.08,0,0,0,,1.79,74.19,0,0,0,0,5.89,3.76,44.41,-0.19,106.37,99.85
Nippon India Retirement Fund Wealth Creation Scheme (G),Nippon India Mutual Fund,3127,11-02-2015,-0.28,-3.73,-1.29,-5.81,-3.88,7.34,-4.18,-5.08,8.57,8.92,11.45,9.87,,,,8.98,4,Solution: Retirement Equity,27.3078,0.15,0.96,12.04,14.9,0.43,0.53,Pranay Sinha,0,0,0,500,500,64.15,23.23,12.1,3.34,23.99,0,99.48,0.52,0,0,0,,1.67,0,0,0,0,0,0.52,12.9,44.17,0.56,161.42,115.66
Nippon India Short Term Fund (G),Nippon India Mutual Fund,6557,18-12-2002,0.07,-0.16,0.08,0.17,0.51,2.93,4.87,6.49,7.01,5.98,6.46,6.55,7.49,7.77,,7.53,4,Debt: Short Duration,56.2587,0,0,6.87,1.46,0.81,1.28,Sushil Hari Prasad Budhia,2.98,2.66,7.6,500,100,0,0,0,0,0,0,0,98.52,1.05,0,0.43,,0.79,14.36,0,13.12,61.43,0,9.61,0.59,23.48,0.65,96.67,100
Nippon India Silver E T F FoF Reg (G),Nippon India Mutual Fund,4561,02-02-2022,0.22,-4.84,-2.37,-6.12,-1.62,-3.24,52.09,52.78,42.43,,,,,,,29.05,0,Commodity: Silver,32.824,-1.99,0.98,44.83,43.01,0.91,1.89,Jitendra Tolani,0,0,0,1000,1000,0,0,0,0,0,1% for redemption within 15 days,0,-0.02,0,0,100.02,,0.41,0,0,0,0,0,100,34.91,46.48,-0.75,75.81,80.47
Nippon India Small Cap Fund (G),Nippon India Mutual Fund,82580,16-09-2010,0.11,-2.76,0.01,-2.94,0.35,23.42,9.17,-0.32,13.82,17.4,25.18,19.79,22.22,,,19.7,5,Equity: Small Cap,180.9788,1.55,0.87,16.23,19.15,0.55,0.81,Samir Rachh,0,0,0,1000,100,14.18,13.05,69.94,3.56,29.05,1% for redemption within 1 year,97.17,2.83,0,0,0,,1.13,0,0,0,0,0,2.83,14.98,41.25,-0.23,94.42,91.68
Nippon India Taiwan Equity Fund Reg (G),Nippon India Mutual Fund,1128,11-12-2021,0.11,-2.13,6.29,1.63,-0.4,37.8,118.44,78.6,60.1,,,,,,,30.1,0,Equity: Global,35.4093,0,0,52.07,36.18,1.28,2.09,Kinjal Desai,0,0,0,100,500,0,0,0,10.87,46.6,1% for redemption within 90 days,0,9.38,0,90.62,0,,1.89,0,0,0,0,0,100,29.63,42.2,1.06,89.98,58.05
Nippon India Ultra Short Term Fund (G),Nippon India Mutual Fund,12447,07-12-2001,0.04,0.08,0.23,0.49,1.47,3.34,6.19,6.64,6.78,6.18,6.37,5.79,6.62,6.36,,6.09,2,Debt: Ultra Short Duration,4343.8771,0,0,6.6,0.41,2.22,3.47,Vivek Sharma,0.59,0.48,7.35,1000,100,0,0,0,0,0,0,0,98.34,1.41,0,0.25,,0.89,6.07,4.52,25.14,55.6,0,7.01,0.09,5.25,1.62,97.64,100
Nippon India Ultra Short to Short Term Fund (G),Nippon India Mutual Fund,7933,20-03-2007,0.05,0.01,0.19,0.43,1.28,3.19,5.73,6.65,6.82,6.1,6.17,6.39,7.29,,,7.38,3,Debt: Low Duration,4024.1335,0,0,6.65,0.63,1.51,2.15,Vivek Sharma,1.23,0.99,7.49,100,100,0,0,0,0,0,0,0,97.89,1.73,0,0.38,,0.83,11.45,0,13.51,70.17,0,2.76,0.2,8.98,1.15,97.46,100
Nippon India US Equity Opportunities Fund (G),Nippon India Mutual Fund,810,23-07-2015,0,0.56,0.29,-0.71,5.48,22.8,15.29,15.05,19.97,11.52,15.22,15.12,,,,13.81,0,Equity: Global,42.5348,0,0,18.11,13.96,0.89,1.39,Kinjal Desai,0,0,0,1000,500,0,0,0,6.01,21.45,1% for redemption within 30 days,0,11.29,0,88.71,0,,1.99,0,0,0,0,0,100,13.12,43.48,0.29,-23.15,39.38
Nippon India Value Fund (G),Nippon India Mutual Fund,9043,08-06-2005,-0.23,-3.79,-2.06,-6.19,-5.24,5.26,-5.16,-5.34,11.55,11.64,16.53,13.91,14.91,14.45,,15.38,4,Equity: Value,211.6741,3.14,1.02,15.29,15.89,0.6,0.83,Dhrumil Shah,0,0,0,500,100,56.79,19.63,21.82,2.82,22.55,"For units in excess of 10% of the investment, 1% will be charged for redemption within 365 days",98.24,1.76,0,0,0,,1.51,0,0,0,0,0,1.76,13.67,42.06,0.66,111.01,99.18
Nippon India Vision Large & Mid cap Fund (G),Nippon India Mutual Fund,7903,08-10-1995,-0.58,-3.97,-2,-7.11,-4.11,7.91,-2.64,-2.59,12.37,11.29,15.63,11.93,12.63,11.49,20.79,17.25,4,Equity: Large & Mid Cap,1416.5622,3.23,1.02,16.14,15.41,0.68,0.79,Aishwarya Deepak Agarwal,0,0,0,1000,100,54.97,39.75,0,3.76,30.5,"For units in excess of 10% of the investment, 1% will be charged for redemption within 365 days",94.72,5.28,0,0,0,,1.53,0,0,0,0,0,5.28,12.99,42.47,0.58,107.7,96.87
NJ Arbitrage Fund Reg (G),NJ Mutual Fund,239,01-08-2022,0.23,0.09,0.33,0.99,1.48,2.63,5.71,5.71,6.07,,,,,,,6.11,3,Hybrid: Arbitrage,12.8052,0,0,5.8,0.65,0.17,0.17,Jaimin Ilavia,0.2,0.19,5.3,0,0,0,0,0,2.37,14.68,0,0,100,0,0,0,,0.75,11.67,0,0,0,0,3.68,0.81,32.52,-3.08,99.63,100
NJ Balanced Advantage Fund Reg (G),NJ Mutual Fund,3385,29-10-2021,-0.08,-1.84,-0.6,-3.34,-0.82,5.8,-1.84,-3.99,6.26,,,,,,,5.98,2,Hybrid: Balanced Advantage,13.31,0,0,8.42,9.59,0.28,0.39,Jaimin Ilavia,0.08,0.08,5.91,500,100,41.88,16.26,7.51,3.59,23.63,0,65.65,34.35,0,0,0,,1.65,17.74,0,0,0,0,12.92,7.2,40.92,0.08,36.31,85.03
NJ ELSS Tax Saver Scheme Reg (G),NJ Mutual Fund,349,16-06-2023,0.22,-3.37,-1.68,-5.4,-1.53,8.01,-4.4,-8.58,6.87,,,,,,,9.49,2,Equity: ELSS,13.48,-1.07,0.97,10.39,15.97,0.29,0.42,Dhaval Patel,0,0,0,500,500,26.95,37.26,35.3,5.14,22.29,0,99.51,0.49,0,0,0,,2.08,0,0,0,0,0,0.49,12.4,42.82,-0.43,74.41,88.33
NJ Flexi Cap Fund Reg (G),NJ Mutual Fund,2697,05-09-2023,-0.16,-2.8,-1.03,-5.23,-1.73,8.23,-5.87,-10.83,7.32,,,,,,,7.37,0,Equity: Flexi Cap,12.5,0,0,0,0,0,0,Dhaval Patel,0,0,0,500,100,53.59,30.08,15.62,4.66,27.14,0,99.29,0.71,0,0,0,,1.69,0.06,0,0,0,0,0.13,12.84,43.67,,81.18,91.04
NJ Momentum Fund (G),NJ Mutual Fund,343,30-07-2026,-0.4,-2.94,1.02,-3.79,,,,,,,,,,,,-0.9,0,Equity: Thematic,9.91,0,0,0,0,0,0,Dhaval Patel,0,0,0,0,0,29.53,38.12,31.68,4.7,30.17,0,99.33,0.67,0,0,0,,2.1,0,0,0,0,0,0.67,,,,,
NJ Overnight Fund Reg (G),NJ Mutual Fund,348,01-08-2022,0.01,0.09,0.2,0.39,1.24,2.52,5.08,5.51,5.87,,,,,,,5.96,2,Debt: Overnight,1272.9047,0,0,5.77,0.2,0.41,0.82,Jaimin Ilavia,0.01,0.01,5.28,0,0,0,0,0,0,0,0,0,100,0,0,0,,0.13,0,0,0,0,0,100,0,0,-1.97,100.6,100
NJ Value Fund (G),NJ Mutual Fund,202,30-07-2026,0.11,-3.77,-1.82,-6.03,,,,,,,,,,,,-8.1,0,Equity: Value,9.19,0,0,0,0,0,0,Dhaval Patel,0,0,0,0,0,40.85,33.97,23.81,2.26,14.65,0,98.63,1.37,0,0,0,,2.1,0,0,0,0,0,1.37,,,,,
Old Bridge Arbitrage Fund (G),Old Bridge Mutual Fund,204,13-11-2025,0.33,0.03,0.24,0.15,1.49,2.5,,,,,,,,,,4.82,0,Hybrid: Arbitrage,10.4824,0,0,0,0,0,0,Kenneth Andrade,0,0,0,0,0,0,0,0,2.37,19.81,0.25% for redemption within 7 days,0,100,0,0,0,,0.84,13.1,0,0,0,0,0.31,,,,,
Old Bridge Flexi Cap Fund (G),Old Bridge Mutual Fund,256,02-03-2026,-0.46,-3.2,-0.46,-4.47,-1.36,10.66,,,,,,,,,,9,0,Equity: Flexi Cap,10.9,0,0,0,0,0,0,Kenneth Andrade,0,0,0,0,0,24.14,20.96,46.58,2.79,16.98,1% for redemption within 365 days,91.68,8.32,0,0,0,,2.1,0,0,0,0,0,8.32,,,,,
Old Bridge Focused Fund Reg (G),Old Bridge Mutual Fund,3995,24-01-2024,0.15,-2.42,0.68,-3.2,1.29,20,15.32,2.74,,,,,,,,11.24,0,Equity: Focused,13.32,0,0,0,0,0,0,Kenneth Andrade,0,0,0,1000,2500,43.66,14.22,34.44,3.02,13,1% for redemption within 365 days,92.32,7.68,0,0,0,,1.62,0,0,0,0,0,7.68,0,0,,0,0
Parag Parikh Arbitrage Fund Reg (G),PPFAS Mutual Fund,2732,02-11-2023,0.2,0.03,0.25,0.27,1.5,2.85,6.06,6.25,,,,,,,,6.53,3,Hybrid: Arbitrage,12.0435,0,0,0,0,0,0,Rajeev Thakkar,0.31,0.31,6.57,1000,1000,0,0,0,2.15,16.84,0.25% for redemption within 30 days,0,100,0,0,0,,0.53,0.35,0,0,15.61,10.47,2.99,0,0,,0,0
Parag Parikh Conservative Hybrid Fund Reg (G),PPFAS Mutual Fund,3481,26-05-2021,0.09,-0.45,-0.1,-0.35,-0.28,2.94,3.75,4.98,8.79,8.7,,,,,,8.91,5,Hybrid: Conservative,15.7923,0,0,9.65,3.68,1.08,1.69,Rajeev Thakkar,4.59,3.82,7.2,1000,1000,6.47,9.46,5.74,2.08,10.34,"For units in excess of 10% of the investment, 1% will be charged for redemption within 365 days",21.67,78.05,0,0,0.28,,0.54,52.86,0,0,20.06,1,4.13,2.13,37.79,1.11,167.54,77.96
Parag Parikh Dynamic Asset Allocation Fund Reg (G),PPFAS Mutual Fund,2613,27-02-2024,0.11,-0.52,-0.1,-0.16,-0.49,2.76,3.02,3.8,,,,,,,,6.22,0,Hybrid: Balanced Advantage,11.6932,0,0,0,0,0,0,Rajeev Thakkar,4.39,3.66,7.18,500,1000,15.9,11.86,8.24,2.46,15.35,"For units in excess of 10% of the investment, 1% will be charged for redemption within 1 year",36,64,0,0,0,,0.53,40.06,0,0,16.74,2.71,4.49,0,0,,0,0
Parag Parikh ELSS Tax Saver Fund (G),PPFAS Mutual Fund,5700,24-07-2019,0.2,-2.5,-1.16,-3.83,-3.7,1.53,-10.49,-5.58,6.77,8.73,15.24,,,,,15.35,4,Equity: ELSS,28.1489,-0.05,0.71,9.67,11.46,0.35,0.48,Rajeev Thakkar,0,0,0,0,500,69.2,6.4,21.18,2.16,17.72,0,96.78,3.22,0,0,0,,1.54,0.26,0,0,0,0,2.96,9.6,46.07,-0.58,63.87,83.73
Parag Parikh Flexi Cap Fund Reg (G),PPFAS Mutual Fund,148429,24-05-2013,0,-1.8,-0.69,-2.32,-1.4,3.74,-4.26,-0.59,11.42,10.27,17.97,16.01,,,,16.89,4,Equity: Flexi Cap,80.8005,3.48,0.6,12.94,9.93,0.73,1.02,Rajeev Thakkar,0,0,0,0,1000,74.38,9.14,6.78,2.87,16.47,"For units in excess of 10% of the investment, 2% will be charged for redemption within 365 days. For units in excess of 10% of the investment, 1% will be charged for redemption after 366 days and within 730 days",79.25,9.7,0,11.05,0,,1.05,0.45,0,0,5.46,0.38,3.41,8.28,43.96,-0.01,48.96,74.09
Parag Parikh Large Cap Fund (G),PPFAS Mutual Fund,835,04-02-2026,-0.23,-3.5,-1.87,-5.89,-4.4,4.31,,,,,,,,,,-9.14,0,Equity: Large Cap,9.0857,0,0,0,0,0,0,Rajeev Thakkar,0,0,0,0,0,96.59,3.26,0.15,3.02,19.89,0,100,0,0,0,0,,0.48,0,0,0,0,0,0,,,,,
Parag Parikh Liquid Fund (G),PPFAS Mutual Fund,6722,11-05-2018,0.02,0.08,0.21,0.47,1.51,3.35,6.31,6.4,6.58,5.99,5.3,,,,,5.45,2,Debt: Liquid,1561.6747,0,0,6.41,0.18,4.04,8.33,Aishwarya Dhar,0.11,0.11,6.26,0,1000,0,0,0,0,0,Exit load of 0.0070% if redeemed within 1 day. 0.0065% if redeemed within 2 days. 0.0060% if redeemed within 3 days. 0.0055% if redeemed within 4 days. 0.0050% if redeemed within 5 days. 0.0045% if redeemed within 6 days.,0,99.77,0,0,0.23,,0.17,11.45,0,0,84.28,0,4.04,0,0,2.15,0,0
PGIM India Aggressive Hybrid Equity Fund Reg (G),PGIM India Mutual Fund,204,05-02-2004,-0.21,-2.99,-1.36,-4.43,-3.78,6.79,-3.95,-1.56,6.88,4.81,8.88,7.67,9.39,9.29,,11.8,1,Hybrid: Aggressive,124.12,0,0,8.51,10.74,0.26,0.38,Anandha Padmanabhan Anjeneyan,4.31,0,6.78,1000,1000,51.09,17.87,7.33,3.85,26.23,0.5% for redemption within 90 days,76.29,23.71,0,0,0,,2.1,13.71,0,0,6.78,0,3.22,8.42,43.63,-0.01,73.45,91.72
PGIM India Arbitrage Fund Reg (G),PGIM India Mutual Fund,99,27-08-2014,0.24,0.01,0.16,0.48,1.4,2.74,5.81,5.97,6.29,5.72,5.22,5.4,,,,5.74,3,Hybrid: Arbitrage,19.6372,0,0,6.18,0.51,0.96,1.34,Chetan Chavan,0,0,0,1000,1000,0,0,0,2.12,13.8,0.25% for redemption within 30 days,0,100,0,0,0,,0.88,12.62,0,0,0,12.54,5.85,0.63,32.48,-2.24,98.78,100
PGIM India Balanced Advantage Fund Reg (G),PGIM India Mutual Fund,739,04-02-2021,0,-2.76,-1.3,-4.81,-3.28,3.36,-4.49,-2.98,4.77,5.06,,,,,,6.73,2,Hybrid: Balanced Advantage,14.45,0,0,6.79,9.93,0.11,0.16,Anandha Padmanabhan Anjeneyan,3.93,0,6.96,1000,1000,55.59,18.75,1.15,3.55,24.2,0.5% for redemption within 90 days,75.49,24.51,0,0,0,,2.03,6.85,0,1.21,12.13,0,4.32,7.81,42.82,-0.48,87.95,99.02
PGIM India Corporate Bond Fund Reg (G),PGIM India Mutual Fund,85,30-01-2003,0.05,-0.22,-0.05,0.03,0.2,2.56,3.9,5.64,6.31,5.47,6.09,6.02,6.76,6.89,,6.68,2,Debt: Corporate Bond,45.4452,0,0,6.27,1.62,0.36,0.54,Akhil Dhar,3.27,2.77,7.14,1000,1000,0,0,0,0,0,0,0,99.52,0,0,0.48,,0.81,3.68,0,7.02,65.95,0,22.87,0.76,27.49,-1.06,176.98,76.7
PGIM India CRISIL IBX Gilt Index Apr 2028 Fund Reg (G),PGIM India Mutual Fund,22,22-02-2023,0.02,0,0.11,0.09,0.9,2.53,4.86,6.33,7,,,,,,,7.22,0,Debt: Medium to Long Duration,12.8343,0,0,6.88,1.16,1.02,1.62,Puneet Pal,1.27,1.24,5.93,1000,1000,0,0,0,0,0,0,0,100,0,0,0,,0.51,96.36,0,0,0,0,3.64,0.62,27.17,-0.41,179.72,74.5
PGIM India Dynamic Term Fund (G),PGIM India Mutual Fund,80,12-01-2012,0,-0.35,-0.22,-0.34,-0.65,1.98,2.03,3.51,5.59,4.73,5.25,6.09,,,,6.94,0,Debt: Dynamic Bond,2691.9176,0,0,5.65,2.68,-0.02,-0.03,Akhil Dhar,6.03,4.47,6.8,1000,1000,0,0,0,0,0,0,0,99.49,0,0,0.51,,1.41,23.15,0,0,42.47,0,33.87,1.69,41.44,-0.72,137.84,90.29
PGIM India ELSS Tax Saver Fund Regular (G),PGIM India Mutual Fund,718,11-12-2015,-0.21,-3.53,-1.33,-4.98,-1.65,12.35,-2.08,-3.13,6.88,7.66,12.87,11.36,,,,11.79,2,Equity: ELSS,33.38,-3.04,0.93,9.67,14.83,0.27,0.36,Utsav Mehta,0,0,0,500,500,55.82,19.81,21.87,4.05,27.78,0,97.5,2.5,0,0,0,,2.04,0.14,0,0,0,0,2.36,11.47,44.31,-0.74,87.72,94.52
PGIM India Emerging Markets Equity FoF (G),PGIM India Mutual Fund,1414,11-09-2007,0,-2.84,2.46,0.26,-5.13,16.35,26.16,23.09,25.73,4.01,8.04,7.13,7.67,,,4.45,0,Equity: Global,22.91,0,0,24.17,20.65,0.9,1.45,Anandha Padmanabhan Anjeneyan,0,0,0,1000,1000,0,0,0,0,0,0.5% for redemption within 90 days,0,3.72,0,96.28,0,,1.35,0,0,0,0,0,100,19.83,41.15,0.37,63.94,71.35
PGIM India Equity Savings Fund Reg (G),PGIM India Mutual Fund,59,29-01-2004,-0.13,-1.02,-0.47,-1.42,-0.16,3.1,2.24,3.15,5.47,5.12,6.42,6.42,7.56,7.31,,7.41,2,Hybrid: Equity Savings,50.4974,0,0,6.08,3.19,0.12,0.13,Anandha Padmanabhan Anjeneyan,6.42,0,6.78,1000,1000,20.88,2.04,1.72,2.8,21.22,0,24.64,67.09,0,0,8.27,,1.12,39.13,0,0,11.44,0,16.53,2.11,39.84,-0.45,159.29,87.57
PGIM India Flexi Cap Fund (G),PGIM India Mutual Fund,5963,04-03-2015,-0.2,-3.39,-1.25,-5.32,-1.11,11.15,-0.5,-2.14,8.45,5.98,15.07,12.5,,,,11.58,2,Equity: Flexi Cap,35.58,-1.64,0.91,11.1,14.42,0.38,0.51,Anandha Padmanabhan Anjeneyan,0,0,0,1000,1000,56.74,21.08,18.55,4.28,28.88,0.5% for redemption within 90 days,96.37,3.63,0,0,0,,1.56,0.11,0,0,0,0.73,2.79,11.78,42.95,-0.47,92.09,95.02
PGIM India Gilt Fund Reg (G),PGIM India Mutual Fund,87,27-10-2008,-0.02,-0.39,-0.19,-0.7,-1.05,2.73,1.21,2.56,5.07,4.41,5.07,5.61,6.83,,,6.39,3,Debt: Gilt Fund,30.4872,0,0,5.31,3.52,-0.11,-0.14,Akhil Dhar,9.55,6.44,6.72,1000,1000,0,0,0,0,0,0,0,100,0,0,0,,1.19,84.1,0,0,0,0,15.9,2.4,43.23,-0.86,115.2,98.12
PGIM India Global Equity Opportunities FoF (G),PGIM India Mutual Fund,1644,14-05-2010,0,1.3,6.27,3.2,-9.27,20.48,4.1,8.25,17.83,6.33,15.52,14.06,11.06,,,10.23,0,Equity: Global,50,0,0,15.15,19.94,0.47,0.72,Anandha Padmanabhan Anjeneyan,0,0,0,1000,1000,0,0,0,0,0,0.5% for redemption within 90 days,0,3.59,0,96.41,0,,1.27,0,0,0,0,0,100,17.92,44.46,-0.23,-5.76,51.33
PGIM India Global Select Real Estate Securities FoF Reg (G),PGIM India Mutual Fund,61,03-12-2021,0,-1.02,-2.47,-4.96,-4.67,3.69,9.71,6.76,14.52,,,,,,,4.94,0,Equity: Global,12.65,0,0,14.51,14.84,0.59,1.09,Anandha Padmanabhan Anjeneyan,0,0,0,1000,1000,0,0,0,0,0,0.5% for redemption within 90 days,0,2.35,0,97.65,0,,1.37,0,0,0,0,0,100,11.61,43.02,0.09,-37.05,38.16
PGIM India Healthcare Fund Reg (G),PGIM India Mutual Fund,125,06-12-2024,-1.49,-3.1,-0.84,-4.04,4.95,23.9,24.29,,,,,,,,,9.64,0,Equity: Sectoral,11.87,0,0,0,0,0,0,Anandha Padmanabhan Anjeneyan,0,0,0,1000,1000,32.68,28.19,33.71,8.01,54.65,0.5% for redemption within 90 days,94.58,5.42,0,0,0,,2.1,0,0,0,0,0,5.42,0,0,,0,0
PGIM India Large and Mid cap Fund Reg (G),PGIM India Mutual Fund,831,12-02-2024,0,-3.5,-1.54,-5.9,-1.38,11.39,-1.3,-1.37,,,,,,,,7.61,0,Equity: Large & Mid Cap,12.13,0,0,0,0,0,0,Anandha Padmanabhan Anjeneyan,0,0,0,1000,1000,50.62,40.73,6.39,4.23,29.17,0.5% for redemption within 90 days,97.74,2.26,0,0,0,,1.99,0.18,0,0,0,0,2.08,0,0,,0,0
PGIM India Large Cap Fund Reg (G),PGIM India Mutual Fund,538,30-01-2003,-0.15,-3.13,-1.28,-5.64,-3.39,5.87,-5.85,-5.4,5.19,4.54,9.3,8.89,10.77,9.99,,15.79,1,Equity: Large Cap,315.88,-2.68,0.97,8.32,14.06,0.19,0.24,Anandha Padmanabhan Anjeneyan,0,0,0,1000,1000,86.86,9.89,1.24,3.43,23.57,0.5% for redemption within 90 days,97.99,2.01,0,0,0,,2.08,0.09,0,0,0,0,1.92,11.19,46.27,-1.11,90.73,96.98
PGIM India Liquid Fund (G),PGIM India Mutual Fund,1031,05-09-2007,0.02,0.1,0.22,0.47,1.53,3.4,6.4,6.62,6.84,6.28,5.62,6.05,6.99,,,7.05,5,Debt: Liquid,366.8812,0,0,6.67,0.21,4.73,10.14,Akhil Dhar,0.14,0.13,6.38,1000,1000,0,0,0,0,0,Exit load of 0.0070% if redeemed within 1 day. 0.0065% if redeemed within 2 days. 0.0060% if redeemed within 3 days. 0.0055% if redeemed within 4 days. 0.0050% if redeemed within 5 days. 0.0045% if redeemed within 6 days.,0,99.77,0,0,0.23,,0.19,23.13,0,0,70.53,0,6.11,0,0,3.6,0,0
PGIM India Midcap Fund Reg (G),PGIM India Mutual Fund,11218,02-12-2013,0.05,-3.56,-0.73,-5.47,-1.62,13.75,-0.48,-2.22,9.46,8.53,20.58,14.05,,,,15.51,1,Equity: Mid Cap,63.63,-4.49,0.86,12.22,16.18,0.4,0.52,Utsav Mehta,0,0,0,1000,1000,19.97,65.53,11.21,5.07,35.22,0.5% for redemption within 90 days,96.71,3.29,0,0,0,,1.48,0.15,0,0,0,0.7,2.44,13.25,44.44,-0.96,90.11,93.54
PGIM India Money Market Fund (G),PGIM India Mutual Fund,125,06-03-2020,0.04,0.08,0.23,0.47,1.53,3.44,6.07,6.73,6.87,6.22,,,,,,5.59,2,Debt: Money Market,1431.3578,0,0,6.69,0.53,1.88,2.9,Akhil Dhar,0.48,0.48,6.77,0,1000,0,0,0,0,0,0,0,99.29,0,0,0.71,,0.32,5.9,0,0,86.93,0,6.46,0.13,6.21,1.46,97.26,100
PGIM India Multi Asset Allocation Fund Reg (G),PGIM India Mutual Fund,292,28-11-2025,0,-2.76,-1.16,-4.4,-0.58,5.15,,,,,,,,,,2.1,0,Hybrid: Multi Asset,10.21,0,0,0,0,0,0,Anandha Padmanabhan Anjeneyan,2.61,0,6.35,0,0,36.15,16.08,3.51,4.22,29.45,0.5% for redemption within 90 days,55.74,24.75,12.27,0,7.24,,2,12.15,0,0,6.75,0,12.98,,,,,
PGIM India Multi Cap Fund Reg (G),PGIM India Mutual Fund,468,10-09-2024,0,-3.73,-0.67,-4.44,1.18,17.67,5.95,1.08,,,,,,,,1.16,0,Equity: Multi Cap,10.32,0,0,0,0,0,0,Anandha Padmanabhan Anjeneyan,0,0,0,1000,1000,39.6,27.14,30.54,4.68,33.24,0.5% for redemption within 90 days,97.28,2.72,0,0,0,,2.1,0.11,0,0,0,0,2.61,0,0,,0,0
PGIM India Overnight Fund (G),PGIM India Mutual Fund,153,27-08-2019,0.01,0.09,0.2,0.39,1.23,2.5,5.1,5.57,5.95,5.64,5.03,,,,,5,3,Debt: Overnight,1416.9945,0,0,5.85,0.21,0.75,1.48,Puneet Pal,0,0,5.35,0,1000,0,0,0,0,0,0,0,100,0,0,0,,0.14,2.61,0,0,0,0,97.39,0,0,-1.01,0,0
PGIM India Retirement Fund Reg (G),PGIM India Mutual Fund,109,15-04-2024,-0.08,-3.81,-1.74,-5.35,-1.5,14.27,0.42,-1,,,,,,,,7.22,0,Solution: Retirement Equity,11.85,0,0,0,0,0,0,Anandha Padmanabhan Anjeneyan,0,0,0,1000,1000,37.38,30.4,29.2,4.88,34.24,0,96.98,3.02,0,0,0,,2.1,0.14,0,0,0,0,2.88,0,0,,0,0
PGIM India Small Cap Fund Reg (G),PGIM India Mutual Fund,1794,29-07-2021,0,-3.25,0,-3.45,4.42,28.12,13.63,4.53,14.1,11.16,,,,,,12.24,3,Equity: Small Cap,18.18,0.81,0.77,16.6,17.59,0.62,0.96,Utsav Mehta,0,0,0,0,0,7.66,17.75,72.02,5.55,42.54,0.5% for redemption within 90 days,97.43,2.57,0,0,0,,1.78,0.14,0,0,0,0,2.43,13.55,41.19,-0.1,74.82,82.74
PGIM India Ultra Short Term Fund (G),PGIM India Mutual Fund,211,03-07-2008,0.03,0.07,0.2,0.42,1.4,3.18,5.61,6.17,6.37,5.82,5.53,6.73,7.64,,,7.36,2,Debt: Ultra Short Duration,36.5055,0,0,6.23,0.41,1.29,1.74,Akhil Dhar,0.42,0.41,6.71,1000,1000,0,0,0,0,0,0,0,99.32,0,0,0.68,,0.14,5.23,0,9.48,68.25,0,16.36,0.08,4.83,0.71,98.97,100
Platinum SIF Hybrid Long Short Fund (G),Platinum SIF Mutual Fund,369.66,10-06-2026,-0.03,-1.02,-0.33,-1.52,-0.28,,,,,,,,,,,0.51,0,SIF: Hybrid LS,10.051,0,0,0,0,0,0,Mr. Gaurik Shah,0,0,6.2,0,0,59.42,6.29,0.49,0,0,If redeemed within 30 days from the date of allotment: 1% If redeemed after 30 days from the date of allotment: NIL,66.2,33.8,0,0,0,,1.3,10.72,0,1.35,16.12,0,5.61,,,,,
Prism SIF Hybrid Long Short Fund Reg (G),Prism SIF Mutual Fund,302.73,17-07-2026,0.15,-0.16,0.4,0.44,2.22,,,,,,,,,,,2.22,0,SIF: Hybrid LS,10.2217,0,0,0,0,0,0,Mr. Arun Ramachandran,1.42,1.24,7.34,0,0,18.48,14.03,8.68,0,0,Nil,41.18,57.3,0,0,1.52,,1.38,8.43,0,0,27.19,0,32.44,,,,,
QSIF Active Asset Allocator Long Short Fund Reg (G),Quant SIF Mutual Fund,420,21-04-2026,-0.74,-1.54,-2.11,13.62,23.94,,,,,,,,,,,30.32,0,SIF: Hybrid LS,13.0318,0,0,0,0,0,0,Sandeep Tandon,0,0,0,0,0,10.01,4.25,12.99,0,0,3% if redeemed/switched out on or before completion of 30 days from the date of allotment of units. No Exit Load is payable if Units are redeemed / switched-out after 30 days from the date of allotment,27.24,72.76,0,0,0,,1.85,6.44,0,0,0,0,66.34,,,,,
QSIF Equity Ex-Top 100 Long-Short Fund Reg (G),Quant SIF Mutual Fund,765,24-10-2025,-0.55,-1.09,-0.37,-1.28,8.54,32.01,,,,,,,,,,12.98,0,SIF: Equity LS,11.2982,0,0,0,0,0,0,Sandeep Tandon,0,0,0,0,0,9.4,17.53,35.63,0,0,3% if redeemed/switched out on or before completion of 30 days from the date of allotment of units. No Exit Load is payable if Units are redeemed / switched-out after 30 days from the date of allotment,62.56,37.44,0,0,0,,2.03,10.37,0,0,0,0,27.05,,,,,
QSIF Equity Long-Short Fund Reg (G),Quant SIF Mutual Fund,892,07-10-2025,-0.13,-1,0.11,-1.67,3.5,22.73,0,,,,,,,,,8.74,0,SIF: Equity LS,10.8796,0,0,0,0,0,0,Sandeep Tandon,0,0,0,0,10000,19.69,18.76,19.05,0,0,3% if redeemed/switched out on or before completion of 30 days from the date of allotment of units. No Exit Load is payable if Units are redeemed / switched-out after 30 days from the date of allotment,57.5,42.5,0,0,0,,1.97,9.64,0,0,0,1,31.88,,,,,
QSIF Hybrid Long-Short Fund Reg (G),Quant SIF Mutual Fund,298,25-09-2025,-0.93,-1.86,-2.72,16.76,22.39,31.12,0,,,,,,,,,28.2,0,SIF: Hybrid LS,12.8195,0,0,0,0,0,0,Sandeep Tandon,0,0,0,0,0,5.52,7.35,12.46,0,0,3% if redeemed/switched out on or before completion of 30 days from the date of allotment of units. No Exit Load is payable if Units are redeemed / switched-out after 30 days from the date of allotment,25.33,64.4,0,0,10.27,,1.85,10.16,0,0,17.7,8.54,38.3,,,,,
QSIF Sector Rotation Long Short Fund (G),Quant SIF Mutual Fund,46,15-05-2026,-0.98,-1.42,-0.52,-0.12,0.45,,,,,,,,,,,2.43,0,SIF: Equity LS,10.2429,0,0,0,0,0,0,Sandeep Tandon,0,0,0,0,0,11.93,6.02,0,0,0,3% if redeemed/switched out on or before completion of 30 days from the date of allotment of units. No Exit Load is payable if Units are redeemed / switched-out after 30 days from the date of allotment,17.95,82.05,0,0,0,,2.1,35.07,0,0,0,0,47.02,,,,,
Quant Aggressive Hybrid Fund (G),Quant Mutual Fund,2158,21-03-2001,-0.3,-1.73,-0.54,-2.55,-3.83,15.04,6.16,0.41,11.3,10.79,18.56,14.78,14.88,12.42,16.5,16.09,3,Hybrid: Aggressive,449.6189,0,0,13.19,14.93,0.5,0.81,Ayusha Kumbhat,0,0,0,0,1000,64.6,13.38,0,3.78,23.64,1% for redemption within 15 days,77.98,21.51,0,0,0.51,,1.74,10.26,0,0,3.14,0.99,0.87,11.27,44.23,0.58,109.24,97.9
Quant Arbitrage Fund (G),Quant Mutual Fund,881,04-04-2025,0.35,0.15,0.31,0.52,1.79,3.29,7.06,,,,,,,,,6.59,0,Hybrid: Arbitrage,11.0302,0,0,0,0,0,0,Sameer Kate,0,0,0,1000,1000,0,0,0,2.44,18.05,0.25% for redemption within 1 month,0,100,0,0,0,,0.83,15.53,0,0,2.73,0,1.27,0,0,,0,0
Quant BFSI Fund Reg (G),Quant Mutual Fund,922,20-06-2023,-0.67,-4.9,-2.41,-5.26,-3.08,18.18,11.23,6.02,18.57,,,,,,,23.09,5,Equity: Sectoral,19.7833,13.21,0.88,21.43,18.3,0.86,1.11,Sameer Kate,0,0,0,1000,1000,39.96,27.65,29.29,1.78,12.3,1% for redemption within 15 days,96.9,3.1,0,0,0,,1.95,0.79,0,0,0,0,-0.43,16.76,42.68,0.66,123.81,99.55
Quant Business Cycle Fund Reg (G),Quant Mutual Fund,985,30-05-2023,-0.35,-2.91,-2.31,-4.4,-5.26,18.03,4.05,-9.04,9.39,,,,,,,14.76,0,Equity: Thematic,15.8482,1.68,1.22,13.54,20.53,0.38,0.56,Ayusha Kumbhat,0,0,0,1000,1000,37.98,47.9,13.68,2.65,29.12,1% for redemption within 15 days,99.56,0.44,0,0,0,,1.93,0.09,0,0,0,0,-0.08,16.16,43.9,0.06,111.99,102.26
Quant Commodities Fund Reg (G),Quant Mutual Fund,342,27-12-2023,0.43,-2.44,-0.34,-2.22,-6.1,20.42,9.7,-3.68,,,,,,,,13.01,0,Equity: Thematic,14.0166,0,0,0,0,0,0,Ayusha Kumbhat,0,0,0,1000,1000,38.79,22.73,32.59,4.35,31.09,1% for redemption within 15 days,94.1,5.9,0,0,0,,2.1,1.38,0,0,0,0,-0.13,0,0,,0,0
Quant Consumption Fund Reg (G),Quant Mutual Fund,190,24-01-2024,-0.68,-3.21,-0.97,-3.21,-2.25,20.7,2.27,-9.05,,,,,,,,-0.45,0,Equity: Thematic,9.8786,0,0,0,0,0,0,Sameer Kate,0,0,0,1000,1000,20.16,29.1,46.24,3.6,32.44,1% for redemption within 15 days,95.49,4.51,0,0,0,,2.1,0.78,0,0,0,0,-0.14,0,0,,0,0
Quant Dynamic Asset Allocation Fund Reg (G),Quant Mutual Fund,880,12-04-2023,-0.04,-2.26,-0.66,-2.27,-4.19,9.5,-2.51,-4.38,10.71,,,,,,,14.31,3,Hybrid: Balanced Advantage,15.9124,0,0,13.89,16.41,0.5,0.83,Ayusha Kumbhat,0,0,0,0,0,56.44,25.74,7.83,3.64,31.37,1% for redemption within 15 days,90.01,9.99,0,0,0,,1.98,2.69,0,0,0,1.3,-0.18,12.49,44.85,0.57,193.54,114.83
Quant ELSS Tax Saver Fund (G),Quant Mutual Fund,13458,01-04-2000,0.13,-2.11,-0.18,-2.62,-0.21,19.8,10.06,-1.52,13,13.34,23.59,18.38,16.82,12.3,17.4,15.46,4,Equity: ELSS,399.9242,2.61,1.11,15.93,18.2,0.56,0.93,Ayusha Kumbhat,0,0,0,0,500,70.95,15.91,5.64,4,29.87,0,92.5,7.5,0,0,0,,1.46,0,0,0,0,0,7.5,14.76,42.74,0.41,114.57,100.43
Quant Equity Savings Fund (G),Quant Mutual Fund,59,24-07-2025,-0.08,-1.1,-0.93,0.11,1.84,10.32,6.73,,,,,,,,,5.83,0,Hybrid: Equity Savings,10.723,0,0,0,0,0,0,Ankit A Pande,0.01,0.01,5.15,1000,1000,15.64,13.8,4.97,2.53,21.45,1% for redemption within 15 days,34.41,65.59,0,0,0,,2.02,0,0,0,0,22.58,135.16,0,0,,0,0
Quant ESG Integration Strategy Fund Reg (G),Quant Mutual Fund,337,05-11-2020,-0.28,-2.87,-1.29,-4.16,-1.59,31.78,18.52,0.74,14.57,15.63,,,,,,25.29,0,Equity: Thematic,37.8611,5.06,1.16,17.96,20.54,0.6,0.96,Ankit A Pande,0,0,0,1000,1000,37.37,25.2,33.13,3.72,31.73,1% for redemption within 15 days,95.71,4.29,0,0,0,,2.1,0.89,0,0,0,0,-0.31,14.24,43.63,0.5,108.51,96.64
Quant Flexi Cap Fund (G),Quant Mutual Fund,7364,17-10-2008,0,-2.32,-0.44,-2.43,-2.82,20.23,10.06,-2.53,13.42,12.87,23.59,17.76,15.53,,,13.89,3,Equity: Flexi Cap,105.351,2.9,1.15,16.41,19.27,0.56,0.94,Ayusha Kumbhat,0,0,0,0,250,66.8,19.96,9.39,3.78,35.55,1% for redemption within 15 days,96.16,3.84,0,0,0,,1.54,0.47,0,0,0,0,0.04,14.72,43.96,0.41,115.44,100.52
Quant Focused fund (G),Quant Mutual Fund,850,25-08-2008,-0.13,-2.44,-0.38,-3.23,-1.13,24.68,7,-3.26,11.23,11.21,16.23,13.38,16.34,,,12.85,3,Equity: Focused,90.0637,0.04,1.16,14.27,19.09,0.45,0.63,Ayusha Kumbhat,0,0,0,0,1000,76.94,10.1,12.37,5.85,44.9,1% for redemption within 15 days,99.41,0.59,0,0,0,,1.98,0.15,0,0,0,0,-0.14,14.15,44.37,0.17,113.9,101.93
Quant Gilt Fund Reg (G),Quant Mutual Fund,76,21-12-2022,0.02,-0.32,-0.22,-0.71,-0.75,2.37,2.19,3.26,4.73,,,,,,,5.06,3,Debt: Gilt Fund,12.0534,0,0,5,2.52,-0.27,-0.31,Haroonvardhan Sirohi,10.63,6.21,6.91,0,0,0,0,0,0,0,0,0,100,0,0,0,,1.35,86.9,0,0,0,0,13.1,1.48,35.67,-1.22,157.07,85.68
Quant Healthcare Fund Reg (G),Quant Mutual Fund,428,17-07-2023,-1.61,-3.28,-0.39,-3,4.6,26.26,19.83,2.19,18.57,,,,,,,19.89,1,Equity: Sectoral,17.8982,-2.32,0.97,20.23,18.13,0.8,1.29,Ayusha Kumbhat,0,0,0,1000,1000,0,44.03,54.97,4.81,33.85,1% for redemption within 15 days,99,1,0,0,0,,2.1,0.19,0,0,0,0,-0.16,15.02,42.95,-0.1,86.5,84.22
Quant Income Plus Arbitrage Active FoF (G),Quant Mutual Fund,,,0.21,0.11,0.25,0.41,,,,,,,,,,,,0.41,,Hybrid: Fof Domestic Income Plus Arbitrage,10.0405,,,,,,,,,,,0,0,,,,,,,37.73,58.27,0,0,4,,,,,,,,,,,,,
Quant Infrastructure Fund (G),Quant Mutual Fund,3164,31-08-2007,0.55,-2.45,-0.23,-2.57,-3.1,27.21,8.16,-3.03,15.61,15.7,24.9,18.83,13.84,,,7.61,2,Equity: Sectoral,40.4254,-1,0.84,19.11,24.46,0.55,0.94,Ayusha Kumbhat,0,0,0,0,1000,58,6.38,34.97,3.07,29.73,0.5% for redemption within 90 days,99.35,0,0,0,0.65,,1.67,0,0,0,0,0,0.65,18.07,43.96,0.56,136.16,107.8
Quant Large and Mid cap Fund (G),Quant Mutual Fund,3496,12-12-2006,0.01,-2.25,-0.04,-3.02,-2.03,22.53,9.57,-3.63,12.79,13.7,18.7,14.62,16.2,,,13.37,3,Equity: Large & Mid Cap,121.3248,2.18,1.17,16.13,19.47,0.54,0.83,Ayusha Kumbhat,0,0,0,0,1000,44.78,46.09,7.57,4.84,37.82,1% for redemption within 15 days,98.45,1.55,0,0,0,,1.65,0.27,0,0,0,0,-0.18,14.61,45.32,0.19,108,97.64
Quant Large Cap Fund Reg (G),Quant Mutual Fund,3651,11-08-2022,-0.7,-2.22,-0.57,-2.96,-1.82,17.63,3.38,-3.02,11.1,,,,,,,10.78,3,Equity: Large Cap,15.2866,2.12,1.12,14.06,17.62,0.47,0.69,Ayusha Kumbhat,0,0,0,1000,1000,78.91,14.49,5.92,4.48,33.21,1% for redemption within 15 days,99.32,0.68,0,0,0,,1.64,0.14,0,0,0,0,-0.12,13.79,43.22,0.39,112.06,101.09
Quant Liquid Fund (G),Quant Mutual Fund,1426,03-10-2005,0.01,0.08,0.2,0.45,1.41,2.92,5.77,6.2,6.46,6.02,5.65,6.07,7.18,,,7.44,1,Debt: Liquid,44.2823,0,0,6.31,0.2,3.11,5.18,Sanjeev Sharma,0.09,0.09,6.13,0,1000,0,0,0,0,0,Exit load of 0.0070% if redeemed within 1 day. 0.0065% if redeemed within 2 days. 0.0060% if redeemed within 3 days. 0.0055% if redeemed within 4 days. 0.0050% if redeemed within 5 days. 0.0045% if redeemed within 6 days.,0,99.46,0,0,0.54,,0.5,6.96,0,0,74.74,0,17.76,0,0.22,2.37,98.67,100
Quant Manufacturing Fund Reg (G),Quant Mutual Fund,737,14-08-2023,-0.74,-2.52,-0.74,-3.09,-3,32.14,12.84,-4.24,14.31,,,,,,,16.66,0,Equity: Thematic,16.201,0,1.17,18.09,22.26,0.56,0.9,Ayusha Kumbhat,0,0,0,1000,1000,31.4,22.48,45.83,3.74,40.81,1% for redemption within 15 days,99.71,0.29,0,0,0,,2.04,0.11,0,0,0,0,-0.11,16.8,43.09,-0.17,119.93,101.54
Quant Manufacturing Fund Reg IDCW Reinv,Quant Mutual Fund,737,14-08-2023,-0.74,-2.52,-0.74,-3.09,-3,32.14,12.84,0,0,,,,,,,11.13,0,Equity: Thematic,16.3245,0,1.17,18.09,22.26,0.56,0.9,Ayusha Kumbhat,0,0,0,1000,1000,31.4,22.48,45.83,3.74,40.81,1% for redemption within 15 days,99.71,0.29,0,0,0,,2.04,0.11,0,0,0,0,-0.11,,,0.32,132.07,137.41
Quant Mid Cap Fund (G),Quant Mutual Fund,8056,09-03-2001,-0.2,-2.17,-0.53,-4.58,-3.98,13.17,4.17,-7.21,8.63,13.43,22.24,16.59,14.77,11.57,12.84,12.71,2,Equity: Mid Cap,212.6874,-3.61,0.92,13.28,18.11,0.42,0.62,Ayusha Kumbhat,0,0,0,0,1000,15.73,73.54,9.25,4.03,31.94,0.5% for redemption within 90 days,98.52,1.48,0,0,0,,1.53,0.44,0,0,0,0,-0.25,15.45,44.91,-0.58,101.4,97.35
Quant Momentum Fund Reg (G),Quant Mutual Fund,1355,20-11-2023,-0.21,-2.79,-2.39,-5.22,-4.54,16.53,6.86,-4.52,,,,,,,,14.26,0,Equity: Thematic,14.6626,0,0,0,0,0,0,Ayusha Kumbhat,0,0,0,1000,1000,63.94,25.28,10.78,3.09,27.13,1% for redemption within 15 days,100,0,0,0,0,,1.84,0,0,0,0,0,0,0,0,,0,0
Quant Multi Asset Allocation Fund (G),Quant Mutual Fund,6356,21-03-2001,-0.19,-1.72,-0.45,-1.4,-1.8,7.96,12.94,7.94,20.1,17.35,22.91,17.44,14.25,12.85,11.61,11.59,5,Hybrid: Multi Asset,163.9539,0,0,19.84,11.85,1.19,1.83,Ayusha Kumbhat,1.9,1.11,5.66,0,1000,44.78,6.13,2.11,3.28,22.14,1% for redemption within 15 days,53.02,35.56,9.01,0,2.41,,1.53,10.89,0,0,8.66,0.04,45.33,9.68,43.96,1.39,49.64,67.92
Quant Multi Cap Fund (G),Quant Mutual Fund,7725,21-03-2001,0.05,-2.27,0.15,-2.1,-0.98,21.16,6.69,-4.68,8.38,9.96,20.41,16.7,17.02,13.58,18.55,17.75,1,Equity: Multi Cap,649.7615,-1.37,1.03,11.07,18.11,0.3,0.48,Ayusha Kumbhat,0,0,0,0,1000,31.15,27.17,36.21,2.49,25.13,1% for redemption within 15 days,94.53,5.47,0,0,0,,1.53,1.24,0,0,0,0,0.58,15.44,44.37,-0.56,105.65,101.3
Quant Overnight Fund Reg (G),Quant Mutual Fund,58,05-12-2022,0.01,0.09,0.19,0.37,1.19,2.44,4.95,5.47,6.01,,,,,,,6.16,1,Debt: Overnight,12.5663,0,0,5.92,0.28,0.83,2.23,Haroonvardhan Sirohi,0.01,0.01,5.15,0,0,0,0,0,0,0,0,0,100,0,0,0,,0.22,0,0,0,0,0,100,0,0,-0.23,100.07,100
Quant PSU Fund Reg (G),Quant Mutual Fund,431,20-02-2024,-0.28,-3.38,-1.45,-4.27,-5.56,13.83,-0.4,-9.94,,,,,,,,0.26,0,Equity: Thematic,10.0656,0,0,0,0,0,0,Ayusha Kumbhat,0,0,0,1000,1000,41.33,23.5,34.71,1.75,12.48,1% for redemption within 15 days,99.54,0.46,0,0,0,,2.1,0.16,0,0,0,0,-0.15,0,0,,0,0
Quant Quantamental Fund Reg (G),Quant Mutual Fund,1632,03-05-2021,-0.6,-3.15,-1.85,-4.22,-5.9,15.27,6.93,-3.26,12.98,16.78,,,,,,17.41,0,Equity: Thematic,23.8763,3.09,1.1,16.18,18.43,0.57,0.9,Ayusha Kumbhat,0,0,0,1000,1000,69.66,27.75,2.14,3.22,25.55,1% for redemption within 15 days,99.55,0.45,0,0,0,,1.8,0.14,0,0,0,0,-0.13,15.1,45.66,0.4,117.4,101.5
Quant Small Cap Fund (G),Quant Mutual Fund,35557,24-11-1996,0.51,-2.12,0.42,-1.19,1.97,31.1,14.97,0.96,16.16,17.51,32.92,19.68,16.25,15.22,15.91,12.28,4,Equity: Small Cap,287.8098,2.88,0.89,17.89,20.16,0.61,1.03,Ayusha Kumbhat,0,0,0,0,1000,13.27,8.69,67.04,2.98,31.03,1% for redemption within 365 days,89,11,0,0,0,,1.32,1.1,0,0,0,0,10.51,16.18,41.79,0.08,107.81,95.97
Quant Teck Fund Reg (G),Quant Mutual Fund,264,11-09-2023,0.46,-2.55,-3.13,-7.04,-0.71,30.54,-7.7,-13.05,1.41,,,,,,,1.4,0,Equity: Sectoral,10.4341,0,0,0,0,0,0,Sameer Kate,0,0,0,1000,1000,17.57,0,76.52,3.17,25.37,1% for redemption within 15 days,94.09,5.91,0,0,0,,2.1,1.13,0,0,0,0,-0.09,17.15,48.77,,101.3,104.15
Quant Value Fund Reg (G),Quant Mutual Fund,1978,30-11-2021,0.3,-2.14,-1.58,-4.42,-6.36,20.75,12.42,-1.01,17.81,,,,,,,17.12,4,Equity: Value,21.4696,6.69,1.21,20.95,21.5,0.71,1.39,Ankit A Pande,0,0,0,1000,1000,53.39,19.52,26.38,3.13,29.44,1% for redemption within 15 days,99.29,0.71,0,0,0,,1.76,0.17,0,0,0,0,-0.15,16.78,43.09,0.7,120.57,98.9
Quantum Diversified Equity All Cap Active FOF Reg (G),Quantum Mutual Fund,134,20-07-2009,-0.14,-3.44,-0.91,-5.18,-2.36,9.12,-1.21,-2.61,9.87,8.58,12.78,0,0,,,10.99,0,Equity: Flexi Cap,81.379,0.62,0.92,12.83,14.21,0.5,0.6,Chirag Mehta,0,0,0,500,1000,44.77,26.44,25.67,0,0,1% for redemption within 180 days,96.88,3.12,0,0,0,,1.2,0,0,0,0,0,3.12,11.59,43.56,-0.08,92.06,93.2
Quantum Dynamic Term Fund Reg Plan (G),Quantum Mutual Fund,88,19-05-2015,-0.02,-0.48,-0.02,-0.33,-1.1,2.55,2.66,4.2,6.25,5.76,6.21,0,0,0,0,6.44,0,Debt: Dynamic Bond,22.1458,0,0,6.27,3.22,0.18,0.33,Sneha Pandey,16.31,7.49,7.16,500,500,0,0,0,0,0,0,0,99.56,0,0,0.44,,0.84,60.7,0,0,22.6,0,16.26,,,-0.25,96.05,99.67
Quantum ELSS Tax Saver Fund Reg (G),Quantum Mutual Fund,210,23-12-2008,0.23,-2.92,-1.72,-6.3,-4.57,2.97,-8.94,-7.03,7.19,7.88,11.87,14.47,14.47,,,14.47,3,Equity: ELSS,111.12,-0.72,0.85,10.81,13.38,0.38,0.5,Christy Mathai,0,0,0,500,1000,51.53,21.78,20.51,2.53,19.81,0,93.82,6.18,0,0,0,,1.78,0,0,0,0,0,6.18,10.38,45.53,-0.5,79.9,89.91
Quantum ESG Best in Class Strategy Fund (G),Quantum Mutual Fund,96,12-07-2019,0.05,-3.5,-2.86,-6.68,-1.87,8.5,-6.32,-7.22,5.44,5.32,11.65,,,,,11.49,0,Equity: Thematic,22.08,-2,1.03,9.29,15.39,0.23,0.29,Chirag Mehta,0,0,0,0,500,40.85,26.95,29.97,4.6,32.96,"For units in excess of 10% of the investment, 1% will be charged for redemption within 365 days",97.77,2.23,0,0,0,,1.85,0,0,0,0,0,2.23,11.6,42.55,-0.7,83.41,93.26
Quantum Ethical Fund Reg (G),Quantum Mutual Fund,127,20-12-2024,0.21,-2.35,-2.05,-5.43,1.48,12.72,-1.54,,,,,,,,,-2.38,0,Equity: Thematic,9.57,0,0,0,0,0,0,Chirag Mehta,0,0,0,500,500,33.48,20.16,39.93,5.5,36.03,"For units in excess of 10% of the investment, 1% will be charged for redemption within 365 days",93.57,6.43,0,0,0,,1.85,0,0,0,0,0,6.43,0,0,,0,0
Quantum Flexi Cap Fund (G),Quantum Mutual Fund,,,0.1,-2.13,-1.43,-3.4,,,,,,,,,,,,-3.4,,Equity: Flexi Cap,9.66,,,,,,,,,,,0,0,,,,,,,100,0,0,0,0,,,,,,,,,,,,,
Quantum Gold (G),Quantum Mutual Fund,789,22-02-2008,0.46,-2.49,-1.69,-4.82,4.59,0.73,26.08,38.54,35.51,25.15,20.19,15.5,11.14,,,13.04,0,Commodity: Gold,121.6916,-0.94,1,33.4,20.42,1.36,2.48,Chirag Mehta,0,0,0,0,0,0,0,0,0,0,0,0,1.19,98.81,0,0,,0.47,0,0,0,0,0,1.19,16.49,44.13,-0.39,66.48,78.86
Quantum Gold E T F FOF Reg (G),Quantum Mutual Fund,579,19-05-2011,0.87,-2.51,-2.04,-4.68,4.74,-0.21,26.6,38.11,34.92,24.79,20.23,,,,,17.28,4,Commodity: Gold,55.3715,1.66,0.88,32.72,18.23,1.48,2.4,Chirag Mehta,0,0,0,500,500,0,0,0,0,0,0,0,0,100,0,0,,0.42,0,0,0,0,0,0,18.46,45.12,-0.34,65.77,78.82
Quantum Liquid Fund Reg Plan (G),Quantum Mutual Fund,556,07-04-2006,0.01,0.08,0.19,0.44,1.43,2.98,5.8,6.09,6.4,5.92,5.24,,,,,5.52,2,Debt: Liquid,37.5167,0,0,6.26,0.18,3.06,5.74,Sneha Pandey,0.12,0.12,6.02,500,1000,0,0,0,0,0,Exit load of 0.0070% if redeemed within 1 day. 0.0065% if redeemed within 2 days. 0.0060% if redeemed within 3 days. 0.0055% if redeemed within 4 days. 0.0050% if redeemed within 5 days. 0.0045% if redeemed within 6 days.,0,99.67,0,0,0.33,,0.22,38.38,0,0,55.37,0,5.92,0,0,2.19,0,0
Quantum Multi Asset Active FoF Reg (G),Quantum Mutual Fund,79,11-07-2012,0.23,-1.94,-1.3,-3.79,-0.85,2.61,2.13,4.88,10.04,8.82,9.53,0,,,,8.66,0,Others: FoFs Domestic,35.3911,0,0,11.31,6.55,0.86,0.88,Mansi Vasa,0,0,0,500,1000,0,0,48.44,0,0,1% for redemption within 90 days,48.44,36.01,15.55,0,0,,0.4,0,0,0,0,34.08,1.93,5.51,42.06,0.82,6.45,57.18
Quantum Multi Asset Allocation Fund Reg (G),Quantum Mutual Fund,59,07-03-2024,0.09,-2.48,-1.81,-4.6,-1.89,0.71,-1.98,1.43,,,,,,,,5.27,0,Hybrid: Multi Asset,11.41,0,0,0,0,0,0,Mansi Vasa,0,0,0,500,500,0,0,48.44,2.75,19.68,1% for redemption within 90 days,48.44,36.01,15.55,0,0,,1.69,0,0,0,0,34.08,1.93,0,0,,0,0
Quantum Nifty 50 E T F FoF Reg (G),Quantum Mutual Fund,35,05-08-2022,-0.37,-3.42,-2.37,-5.86,-5.1,1.82,-7.22,-5.53,5.74,,,,,,,7.38,0,Equity: Large Cap,13.4456,-1.63,0.93,9.12,13.39,0.26,0.33,Hitendra Parekh,0,0,0,500,500,0,0,100,0,0,0,100,0,0,0,0,,0.15,0,0,0,0,0,0,10.26,46.54,-0.63,89.42,95.56
Quantum Small Cap Fund Reg (G),Quantum Mutual Fund,265,03-11-2023,0.3,-2.34,-0.15,-2.84,-0.37,22.18,8.11,3.06,,,,,,,,10.38,0,Equity: Small Cap,13.33,0,0,0,0,0,0,Chirag Mehta,0,0,0,500,500,5.72,3.91,82.6,2.84,21.65,"For units in excess of 10% of the investment, 1% will be charged for redemption within 180 days",92.23,7.77,0,0,0,,1.84,0,0,0,0,0,7.77,0,0,,0,0
Quantum Value Fund Plan (G),Quantum Mutual Fund,1122,13-03-2006,0.22,-2.94,-1.77,-6.33,-4.56,2.98,-9.03,-7.09,7.26,7.85,11.82,,,,,9.21,2,Equity: Value,111.82,-0.65,0.85,10.92,13.47,0.39,0.51,Christy Mathai,0,0,0,500,100,51.49,21.77,20.6,2.54,19.86,"For units in excess of 10% of the investment, 2% will be charged for redemption within 365 days. For units in excess of 10% of the investment, 1% will be charged for redemption after 366 days and within 730 days",93.86,6.14,0,0,0,,1.79,0,0,0,0,0,6.14,10.43,45.8,-0.47,80.84,90.21
RedHex SIF Hybrid Long short Fund (G),RedHex SIF Mutual Fund,1072.84,19-06-2026,0.28,0.03,0.18,0.46,1.95,,,,,,,,,,,2.32,0,SIF: Hybrid LS,10.2316,0,0,0,0,0,0,Venugopal Manghat,2.18,1.5,9.93,0,0,0,0,0,0,0,If the Units are redeemed / switched-out on or before 1 year from the date of allotment:2.00% If the Units are redeemed/switched-out after 1 year from the date of allotment: Nil,0,86.23,4.63,0,9.14,,0.94,1.64,35.27,12.87,17.54,10.2,23.96,,,,,
Samco Active Momentum Fund Reg (G),Samco Mutual Fund,752,05-07-2023,0.07,-1.91,0.79,-1.03,5.78,30.34,16.25,1.09,13.69,,,,,,,14.2,0,Equity: Thematic,15.38,4.03,0.77,15.05,17.51,0.53,1.08,Umeshkumar Mehta,0,0,0,500,500,7.76,8.45,80.82,4.68,28.82,1% for redemption within 365 days,97.03,2.97,0,0,0,,2.03,0,0,0,0,0,1.3,15.1,40.51,0.15,68.31,81.59
Samco Arbitrage Fund Reg (G),Samco Mutual Fund,28,27-11-2024,0.28,0.09,0.28,0.47,0.94,1.61,3.76,,,,,,,,,3.91,1,Hybrid: Arbitrage,10.75,0,0,0,0,0,0,Umeshkumar Mehta,0,0,0,500,500,0,0,0,3.44,18.42,0.25% for redemption within 7 days,0,100,0,0,0,,1.55,0,0,0,0,0,5.8,0,0,,0,0
Samco Dynamic Asset Allocation Fund Reg (G),Samco Mutual Fund,168,28-12-2023,0.1,-1.27,-0.3,-1.66,-2.52,4.46,-2.33,-6.75,,,,,,,,0.25,0,Hybrid: Balanced Advantage,10.07,0,0,0,0,0,0,Umeshkumar Mehta,0,0,5.29,500,500,28.32,13.53,17.69,3.06,18.67,"For units in excess of 25% of the investment, 1% will be charged for redemption within 12 months",59.55,40.45,0,0,0,,2.1,18.75,0,0,0,0,18.8,0,0,,0,0
Samco ELSS Tax Saver Fund Reg (G),Samco Mutual Fund,109,22-12-2022,-0.46,-3.07,0.7,-2.99,3.18,18.03,1.57,-7.11,2.31,,,,,,,7.06,1,Equity: ELSS,12.96,-6.77,1.09,6.42,19.53,0.04,0.05,Umeshkumar Mehta,0,0,0,500,500,7.96,32.74,59.19,6.8,53.85,0,99.89,0.11,0,0,0,,2.1,0,0,0,0,0,0.11,15.98,44.44,-0.64,82.3,96.21
Samco Flexi Cap Fund Reg (G),Samco Mutual Fund,262,04-02-2022,0.65,-1.79,0.22,-6.05,-6.05,5.68,-6.62,-13.73,-4.82,,,,,,,-1.52,1,Equity: Flexi Cap,9.31,-13.53,1.07,-0.47,19.22,-0.32,-0.36,Umeshkumar Mehta,0,0,0,1000,500,27.59,38.53,22.64,5.23,23.28,"For units in excess of 10% of the investment, 1% will be charged for redemption within 12 months",88.76,11.24,0,0,0,,2.1,0,0,0,0,0,11.24,16.26,45.12,-1.32,77.4,101.01
Samco Large & Mid cap Fund Reg (G),Samco Mutual Fund,99,25-06-2025,0.35,-1.49,-0.81,-4.12,-4.55,0.47,-7.23,,,,,,,,,-10.79,0,Equity: Large & Mid Cap,8.6,0,0,0,0,0,0,Dhawal Ghanshyam Dhanani,0,0,0,0,0,54.79,45.21,0,6.71,29.67,1% for redemption within 30 days,100,0,0,0,0,,2.1,0,0,0,0,0,0,0,0,,0,0
Samco Large Cap Fund (G),Samco Mutual Fund,93,25-03-2025,0.12,-1.26,-0.92,-4.01,-3.91,-2.49,-8.79,,,,,,,,,-9.08,0,Equity: Large Cap,8.61,0,0,0,0,0,0,Dhawal Ghanshyam Dhanani,0,0,0,500,500,92.47,4,0,5.47,26.24,1% for redemption within 30 days,96.47,3.53,0,0,0,,2.1,0,0,0,0,0,0.56,0,0,,0,0
Samco Mid cap Fund (G),Samco Mutual Fund,81,10-02-2026,-0.21,-3.91,-1.74,-6.17,-4.58,8.49,,,,,,,,,,-4.2,0,Equity: Mid Cap,9.58,0,0,0,0,0,0,Dhawal Ghanshyam Dhanani,0,0,0,0,0,22.18,74.82,1.54,2.94,16.64,1% for redemption within 30 days,98.54,1.46,0,0,0,,2.1,0,0,0,0,0,1.46,,,,,
Samco Multi Asset Allocation Fund Reg (G),Samco Mutual Fund,400,24-12-2024,0,-2.14,-1.82,-4.27,-2.62,2.5,2.68,,,,,,,,,9.93,0,Hybrid: Multi Asset,11.88,0,0,0,0,0,0,Dhawal Ghanshyam Dhanani,0.3,0.3,5.19,500,500,17.22,24.65,30.16,4.24,25.73,"For units in excess of 10% of the investment, 1% will be charged for redemption within 12 months",72.04,16.74,11.22,0,0,,2.09,6.63,0,0,0,0,12.03,0,0,,0,0
Samco Multi Cap Fund Reg (G),Samco Mutual Fund,230,30-10-2024,0.22,-1,1.13,-1,2.88,12.48,-1.98,,,,,,,,,-5.63,0,Equity: Multi Cap,8.92,0,0,0,0,0,0,Umeshkumar Mehta,0,0,0,500,500,19.65,25.42,50.14,3.68,16.99,"For units in excess of 10% of the investment, 1% will be charged for redemption within 12 months",95.21,4.79,0,0,0,,2.1,0,0,0,0,0,1.43,0,0,,0,0
Samco Overnight Fund Reg (G),Samco Mutual Fund,28,12-10-2022,0.01,0.09,0.19,0.35,1.13,2.33,4.75,5.21,5.6,,,,,,,5.74,1,Debt: Overnight,1249.3786,0,0,5.52,0.21,-0.8,-1.7,Umeshkumar Mehta,0,0,4.91,500,500,0,0,0,0,0,0,0,100,0,0,0,,0.34,0,0,0,0,0,100,0,0,-4.88,0,0
Samco Small Cap Fund Reg (G),Samco Mutual Fund,196,04-12-2025,-0.48,-2.65,-0.32,6.11,17.8,38.54,,,,,,,,,,25.1,0,Equity: Small Cap,12.51,0,0,0,0,0,0,Umeshkumar Mehta,0,0,0,0,0,0,5.86,90.75,6.6,42.45,1% for redemption within 30 days,96.61,3.39,0,0,0,,2.1,0,0,0,0,0,0.56,,,,,
Samco Special Opportunities Fund Reg (G),Samco Mutual Fund,127,06-06-2024,0,-1.61,2.81,0.77,5.42,27.83,6.4,-5.75,,,,,,,,-3.81,0,Equity: Thematic,9.14,0,0,0,0,0,0,Umeshkumar Mehta,0,0,0,500,500,8.56,14.68,76.18,7.42,63.16,1% for redemption within 365 days,99.42,0.58,0,0,0,,2.1,0,0,0,0,0,0.58,0,0,,0,0
Sapphire SIF Equity Long Short (G),Sapphire SIF Mutual Fund,216.02,10-04-2026,-0.04,-3.48,-1.61,-5.56,-4.46,,,,,,,,,,,-4.42,0,SIF: Equity LS,955.7566,0,0,0,0,0,0,Mr. Arihant Jain,0,0,0,0,0,66.77,18.86,11.59,0,0,"1% if units are redeemed within one year of allotment, NIL thereafter.",97.22,2.78,0,0,0,,2.1,0,0,0,0,0,2.78,,,,,
SBI 10 year Constant Maturity Gilt Fund Reg (G),SBI Mutual Fund,1605,30-12-2000,-0.1,-0.8,-0.41,-1.04,-1.23,2.44,2.76,4.57,6.38,5.21,5.88,7.15,8.18,7.88,0,7.42,0,Debt: Gilt Fund 10 yr duration,65.7335,0,0,6.59,3,0.3,0.41,Sudhir Agrawal,9.61,7.06,6.97,1000,500,0,0,0,0,0,0,0,100,0,0,0,,0.53,97.5,0,0,0,0,2.5,2.12,40.6,0.01,111.7,96.39
SBI Aggressive Hybrid Fund Reg (G),SBI Mutual Fund,88668,31-12-1995,0.42,-2.05,-0.51,-3.88,-2.07,8.53,2.14,2.96,10.7,8.47,11.82,11.26,13.64,11.96,,12.63,4,Hybrid: Aggressive,305.7288,0,0,12.63,10.67,0.65,0.89,Rama Iyer Srinivasan,5.4,3.94,7.55,1000,500,56.66,16.96,0.46,3.9,24.62,"For units in excess of 10% of the investment, 1% will be charged for redemption within 365 days",74.08,25.84,0,0,0.08,,1.11,4.64,1.94,8.19,4.18,0.46,6.51,8.33,42.03,1.31,77.19,88.07
SBI Arbitrage Fund Reg (G),SBI Mutual Fund,47283,03-11-2006,0.28,0.04,0.27,0.49,1.48,2.8,6.05,6.39,6.7,6.33,5.58,5.72,6.51,0,,6.69,5,Hybrid: Arbitrage,36.3241,0,0,6.57,0.49,1.78,2.18,Neeraj Kumar,0.62,0.58,0,1000,500,0,0,0,2.52,16.68,0.25% for redemption within 15 days,0,100,0,0,0,,0.77,0.05,0,0,3.92,16.21,2.87,0.6,30.66,-1.65,97.73,100
SBI Automotive Opportunities Fund Reg (G),SBI Mutual Fund,6349,07-06-2024,0.53,-2.21,0.5,-5.3,7.98,27.42,23.13,8.1,,,,,,,,11.75,0,Equity: Thematic,13.0166,0,0,0,0,0,0,Tanmaya Desai,0,0,0,1000,500,38.57,19.25,39.63,6.6,41.42,1% for redemption within 30 days,97.45,2.55,0,0,0,,1.56,0.08,0,0,0,0,2.47,0,0,,0,0
SBI Balanced Advantage Fund Reg (G),SBI Mutual Fund,41803,31-08-2021,-0.05,-2.25,-1.05,-2.93,-2.81,2.68,0.57,1.26,8.21,8.63,,,,,,8.76,4,Hybrid: Balanced Advantage,15.3925,0,0,9.73,7.84,0.51,0.63,Dinesh Balachandran,3.92,2.84,7.27,0,0,42.62,8.55,5.95,2.23,14.48,"For units in excess of 10% of the investment, 1% will be charged for redemption within 365 days",57.12,42.88,0,0,0,,1.28,9.43,0,9.58,12.28,0,9.6,5.72,40.7,0.6,19.23,79.19
SBI Balanced Hybrid Fund (G),SBI Mutual Fund,,,-0.05,-0.81,-0.13,-0.51,,,,,,,,,,,,-0.51,,Hybrid: Balanced Advantage,9.9486,,,,,,,,,,,0,0,,,,,,,100,0,0,0,0,,,,,,,,,,,,,
SBI Banking & Financial Services Fund Reg (G),SBI Mutual Fund,10873,26-02-2015,0.09,-4.11,-1.94,-5.3,-6.1,4.95,-2.55,3.01,13.07,10.39,12.31,13.39,,,,13.02,4,Equity: Sectoral,41.3518,4.97,0.88,16.09,14.34,0.73,0.88,Milind Agrawal,0,0,0,1000,500,62.8,11.74,15.87,2.2,16.1,0.5% for redemption within 30 days,90.41,9.59,0,0,0,,1.49,0.05,0,0,0,0,9.54,13.44,43.98,0.73,106.81,96.62
SBI Banking and PSU Debt Fund Reg (G),SBI Mutual Fund,3870,09-10-2009,0.04,0,0.13,0.24,0.71,3.21,4.68,6.12,6.66,5.66,6.13,6.6,,,,7.29,3,Debt: Banking and PSU,3309.6016,0,0,6.55,1.51,0.57,0.91,Ardhendu Bhattacharya,3.82,2.81,7.31,1000,500,0,0,0,0,0,0,0,99.61,0,0,0.39,,0.67,14.37,0,5.95,72.04,0,7.25,0.64,27.76,-0.77,97.81,100
SBI BSE PSU Bank Index Fund (G),SBI Mutual Fund,355,25-03-2025,0.2,-4.03,-1.83,-6.25,-5.56,2.5,5.83,,,,,,,,,17.59,0,Equity: Index,12.8331,0,0,0,0,0,0,Viral Chhadva,0,0,0,1000,500,86.24,12.82,0.94,1.21,8.75,0.25% for redemption within 15 days,100,0,0,0,0,,0.61,0,0,0,0,0,0,0,0,,0,0
SBI Childrens Fund Investment Plan Reg (G),SBI Mutual Fund,7310,29-09-2020,0,-0.55,0.8,-1.94,0.75,23.73,14.82,8.11,19.65,18.17,,,,,,30.22,5,Solution: Children Equity,49.5489,8.35,0.86,19.84,15.81,0.89,1.36,Rama Iyer Srinivasan,0,0,0,1000,500,28.65,4.01,60.34,3.21,23.17,3% for redemption within 364 days. 2% for redemption after 365 days and within 729 days. 1% for redemption after 730 days and within 1095 days,80.36,7,0,12.64,0,,1.54,0.13,0,0,0.26,0,6.61,10.59,41.77,1.08,81.99,81.49
SBI Childrens Fund Savings Plan Reg (G),SBI Mutual Fund,149,20-02-2002,0.06,-0.69,0.87,0.51,2.03,10.43,9.86,6.24,11.14,10.22,11.65,10.65,11.66,10.4,,10.64,5,Solution: Children Debt,120.2195,0,0,10.9,5.02,1.04,1.58,Rama Iyer Srinivasan,6.42,4.62,7.28,1000,500,3.41,1.9,17.85,3.76,33.92,3% for redemption within 365 days. 2% for redemption after 366 days and within 730 days. 1% for redemption after 731 days and within 1095 days,23.16,76.63,0,0,0.21,,1.07,41.91,0,8.86,20.21,0,5.86,3.23,41.55,1.25,123.71,85.8
SBI Comma Fund Reg (G),SBI Mutual Fund,1237,08-08-2005,-0.3,-3.13,-0.62,-3.84,-0.7,8.02,8.69,1.11,13.81,9.43,17.95,14.32,11.56,10.85,,12.21,0,Equity: Thematic,113.8377,4.51,0.98,17,16.66,0.68,1.1,Dinesh Balachandran,0,0,0,1000,500,35.66,18.44,42.17,2.2,17.89,0.5% for redemption within 30 days,96.27,3.73,0,0,0,,1.86,0.24,0,0,0,0,3.49,16.57,42.7,0.08,112.62,98.32
SBI Conservative Hybrid Fund Reg (G),SBI Mutual Fund,10226,24-03-2001,0.05,-0.79,0.02,-1,-0.36,4.79,4.06,4.12,7.58,7.96,9.37,8.11,9.2,7.97,0,8.21,4,Hybrid: Conservative,76.0791,0,0,8.03,4.05,0.58,0.76,Saurabh Pant,3.75,2.98,7.86,1000,500,9.11,2.85,12.4,2.71,28.05,"For units in excess of 10% of the investment, 1% will be charged for redemption within 365 days",24.36,75.35,0,0,0.29,,1.23,3.52,1.82,30.44,33.53,0,6.04,2.94,39.65,0.75,122.2,91.92
SBI Consumption Opportunities Fund (G),SBI Mutual Fund,2827,05-07-1999,-0.68,-3.47,-0.6,-5.56,-5.07,3.1,-12.16,-12.88,3.39,9.72,12.79,12.4,,,,12.94,2,Equity: Thematic,268.8627,-5.62,1,6.99,16.7,0.08,0.11,Ashit Desai,0,0,0,1000,500,48.28,22.44,28.21,6.79,44.46,0.1% for redemption within 30 days,98.93,1.07,0,0,0,,1.68,0.1,0,0,0,0,0.97,11.29,44.98,-1.27,53.63,82.74
SBI Contra Fund Reg (G),SBI Mutual Fund,47589,05-07-1999,0,-3.32,-1.47,-4.64,-2.94,4.05,-3.81,-5.39,8.87,13.13,19.81,14.25,14.3,12.62,,16.61,4,Equity: Contra,360.9999,0.13,0.9,12.06,14.06,0.45,0.59,Dinesh Balachandran,0,0,0,1000,500,50.75,25.76,13.65,2.25,16.92,0.25% for redemption within 30 days. 0.1% for redemption after 30 days and within 90 days,87.7,9.83,0,2.47,0,,1.25,2.74,0,0,0,0,7.09,11.3,45.52,-0.28,79.27,88.44
SBI Corporate Bond Fund (G),SBI Mutual Fund,22133,01-02-2019,0.05,-0.16,0.01,0.08,0.47,2.93,4.48,6.15,6.72,5.8,6.28,,,,,6.66,3,Debt: Corporate Bond,16.4363,0,0,6.66,1.6,0.6,0.89,Rajeev Radhakrishnan,4.7,3.35,7.61,0,500,0,0,0,0,0,0,0,99.66,0,0,0.34,,0.64,11.65,0,0,81.8,0,6.21,0.71,26.39,-0.73,176.99,75.84
SBI CPSE Bond Plus SDL Sep 2026 50 50 Index Fund Reg (G),SBI Mutual Fund,7074,24-01-2022,0.01,0.09,0.2,0.41,1.36,2.99,5.82,6.71,7.05,,,,,,,5.97,0,Debt: Medium to Long Duration,13.1627,0,0,6.85,0.55,2.12,4.28,Ranjana Gupta,0.09,0.09,5.88,1000,0,0,0,0,0,0,0.15% for redemption within 30 days,0,100,0,0,0,,0.3,28.61,0,0,30.61,0,40.78,0.18,12.24,-0.3,196.83,69.22
SBI Credit Risk Fund Reg (G),SBI Mutual Fund,2186,14-07-2004,0.07,-0.17,0.05,0.2,1.44,4.38,7.31,7.77,7.79,7,7.23,7.05,8.1,7.76,,7.49,3,Debt: Credit Risk,49.7873,0,0,7.64,1.1,1.78,3.57,Lokesh Mallya,2.8,2.24,8.55,1000,500,0,0,0,0,0,"For units in excess of 8% of the investment, 3% will be charged for redemption within 365 days. For units in excess of 8% of the investment, 1.5% will be charged for redemption after 366 days and within 730 days. For units in excess of 8% of the investment, 0.75% will be charged for redemption after 731 days and within 1095 days",0,89.72,0,0,10.28,,1.31,10.51,22.48,43.78,7.5,0,15.34,0.57,22.21,0.47,178.54,73.22
SBI CRISIL IBX Financial Services 3 6 Months Debt Index Fund (G),SBI Mutual Fund,1096,21-04-2026,0.05,0.08,0.24,0.46,1.66,,,,,,,,,,,3.01,0,Debt: Low Duration,10.3007,0,0,0,0,0,0,Rajeev Radhakrishnan,0,0,0,0,0,0,0,0,0,0,0,0,100,0,0,0,,0.17,0,0,0,98.78,0,1.22,,,,,
SBI CRISIL IBX Financial Services 9 12 Months Debt Index Fund (G),SBI Mutual Fund,367,21-04-2026,0.04,0,0.14,0.35,1.46,,,,,,,,,,,2.73,0,Debt: Low Duration,10.2733,0,0,0,0,0,0,Rajeev Radhakrishnan,0,0,0,0,0,0,0,0,0,0,0,0,100,0,0,0,,0.24,0,0,0,97.17,0,2.83,,,,,
SBI CRISIL IBX Gilt Index April 2029 Fund Reg (G),SBI Mutual Fund,1948,04-10-2022,0.06,-0.13,-0.03,-0.22,0.23,2.66,4.26,6.26,7.23,,,,,,,7.27,0,Debt: Long Duration,13.2518,0,0,7.17,1.9,0.78,1.09,Ranjana Gupta,2.69,2.44,6.34,0,0,0,0,0,0,0,0.15% for redemption within 30 days,0,100,0,0,0,,0.36,96.76,0,0,0,0,3.24,1.11,32.79,0.41,161.39,79.55
SBI CRISIL IBX Gilt Index June 2036 Fund Reg (G),SBI Mutual Fund,2616,04-10-2022,-0.09,-0.81,-0.33,-1.01,-1.08,2.82,3.42,4.96,6.95,,,,,,,7.28,0,Debt: Long Duration,13.2663,0,0,7.1,3.35,0.42,0.54,Ranjana Gupta,9.78,7.05,6.98,1000,500,0,0,0,0,0,0.15% for redemption within 30 days,0,100,0,0,0,,0.42,96.33,0,0,0,0,3.67,2.52,39.86,0.43,110.09,95.84
SBI CRISIL IBX SDL Index September 2027 Fund Reg (G),SBI Mutual Fund,1808,04-10-2022,-0.04,-0.03,0.08,0.26,1.31,2.86,5.73,6.75,7.33,,,,,,,7.2,0,Debt: Medium Duration,13.2195,0,0,7.16,1.08,1.35,2.28,Ranjana Gupta,1,0.96,6.21,0,0,0,0,0,0,0,0.15% for redemption within 30 days,0,100,0,0,0,,0.37,96.33,0,0,0,0,3.67,0.55,27.21,-0.17,189.28,70.94
SBI CRISIL IBX SDL June 2034 Index Fund (G),SBI Mutual Fund,32,15-07-2026,0.04,-0.14,-0.12,-0.88,,,,,,,,,,,,-0.69,0,Debt: Medium to Long Duration,9.9305,0,0,0,0,0,0,Rajeev Radhakrishnan,0,0,0,0,0,0,0,0,0,0,0,0,100,0,0,0,,0.34,95.12,0,0,0,0,4.88,,,,,
SBI CRISIL-IBX 10:90 Gilt + SDL Dec 2029 Index Fund (G),SBI Mutual Fund,43,26-05-2026,0.07,-0.18,-0.04,-0.19,0.24,,,,,,,,,,,2.4,0,Debt: Long Duration,10.24,0,0,0,0,0,0,Rajeev Radhakrishnan,0,0,0,0,0,0,0,0,0,0,0,0,100,0,0,0,,0.32,94.35,0,0,0,0,5.65,,,,,
SBI Dividend Yield Fund Reg (G),SBI Mutual Fund,8554,14-03-2023,-0.05,-2.99,-1.13,-5.1,-1.16,8.79,1.02,-3.28,9.08,,,,,,,12.3,0,Equity: Dividend Yield,15.0949,0.66,0.88,12.43,13.89,0.49,0.56,Nidhi Chawla,0,0,0,1000,500,53.86,20.38,21.18,3.66,23.61,1% for redemption within 30 days,95.42,4.58,0,0,0,,1.52,0.06,0,0,0,0,4.52,10.78,44.38,-0.14,78.34,87.91
SBI Dynamic Asset Allocation Active FoF Reg (G),SBI Mutual Fund,2328,15-09-2025,0,-1.95,-0.63,-2.83,-0.39,6.65,1.77,,,,,,,,,0.61,0,Others: FoFs Domestic,10.0673,0,0,0,0,0,0,Nidhi Chawla,0,0,0,1000,500,29.43,13.85,16.57,0,0,"For units in excess of 25% of the investment, 1% will be charged for redemption within 12 months",59.85,40.15,0,0,0,,1.16,0,0,0,0,39.67,0.48,0,0,,0,0
SBI Dynamic Term Fund Reg (G),SBI Mutual Fund,3553,09-02-2004,0,-0.02,-0.02,0.15,0.61,3.03,4.71,4.94,6.55,5.91,6.24,6.69,7.71,6.56,,6.06,3,Debt: Dynamic Bond,37.576,0,0,6.4,2.47,0.29,0.48,Sudhir Agrawal,9.9,3.63,7.2,1000,500,0,0,0,0,0,"For units in excess of 10% of the investment, 0.25% will be charged for redemption within 30 days",0,99.64,0,0,0.36,,1.15,11.92,0,0,45.72,0,42,1.49,38.56,-0.11,148.08,85.46
SBI ELSS Tax Saver Fund Reg (G),SBI Mutual Fund,31735,31-03-1993,-0.02,-3.23,-1.86,-5.54,-6.21,4.22,-4.76,-5.36,11.4,13.11,16.8,12.93,14.38,,,14.42,5,Equity: ELSS,407.9186,2.71,0.97,15.12,15.3,0.62,0.81,Milind Agrawal,0,0,0,500,500,64.67,16.68,15.59,3.02,23.96,0,96.94,3.06,0,0,0,,1.34,0.12,0,0,0,0,2.94,11.44,44.18,0.52,91.93,91.07
SBI Energy Opportunities Fund Reg (G),SBI Mutual Fund,8326,26-02-2024,0.24,-2.56,-1.3,-3.19,-4.99,8.05,1.18,-6.03,,,,,,,,2.14,0,Equity: Thematic,10.5758,0,0,0,0,0,0,Raj Gandhi,0,0,0,1000,500,42.58,20.76,34.09,1.75,14.14,1% for redemption within 30 days,97.43,2.57,0,0,0,,1.52,0.06,0,0,0,0,2.51,0,0,,0,0
SBI Equity Minimum Variance Fund Reg (G),SBI Mutual Fund,208,19-03-2019,-1.31,-3.84,-1.98,-5.78,-4.97,3.51,-4.86,-7.88,5.69,7.01,12.51,,,,,11.26,0,Equity: Thematic,22.4685,-2.46,0.89,9.37,14.51,0.25,0.34,Sukanya Ghosh,0,0,0,0,1000,95.08,4.04,0,4,22.91,0.5% for redemption within 15 days,99.12,0.88,0,0,0,,0.65,0,0,0,0,0,0.88,9.69,47.86,-0.04,70.98,87.68
SBI Equity Savings Fund Reg (G),SBI Mutual Fund,5486,27-05-2015,0.07,-0.95,-0.14,-0.88,0.01,2.8,3,2.93,7.04,7.47,9.17,8.1,,,,8.2,4,Hybrid: Equity Savings,24.5476,0,0,7.6,5.13,0.37,0.52,Nidhi Chawla,1.95,1.73,7.31,1000,500,19.02,3.41,0.56,2.52,19.41,0.1% for redemption within 15 days,22.99,73.8,0,0,3.21,,1.26,15.21,8.68,11.66,10.81,12.82,10.28,4.09,40.24,0.32,75.36,103.61
SBI ESG Exclusionary Strategy Fund Reg (G),SBI Mutual Fund,5356,01-01-1991,0.27,-3.2,-1.33,-6.72,-3.9,7.61,-3.93,-4.26,7.15,6.8,11.09,10.48,12.36,,,11.21,0,Equity: Thematic,226.4965,-0.3,0.99,10.75,14.48,0.35,0.41,Rohit Shimpi,0,0,0,1000,500,66.1,21.45,11.1,4.09,28.09,1% for redemption within 365 days,98.65,1.35,0,0,0,,1.59,0.09,0,0,0,0,1.26,11.23,45.25,-0.26,91.49,95.01
SBI Flexi Cap Fund Reg (G),SBI Mutual Fund,23235,29-09-2005,0,-3.29,-0.25,-4.54,-1.46,8.23,-2.84,-4.03,7.01,6.74,11.26,10.86,13.89,10.53,,11.87,2,Equity: Flexi Cap,105.1581,-1.98,0.86,9.68,13.46,0.3,0.34,Anup Upadhyay,0,0,0,1000,500,59.11,24.21,14.48,3.43,23.13,0.1% for redemption within 30 days,94.69,2.2,0,3.11,0,,1.39,0.13,0,0,0,0,2.07,10.85,44.04,-0.95,77.58,89.94
SBI Floating Interest Rates Fund Reg (G),SBI Mutual Fund,688,27-10-2020,0.05,0.01,0.09,0.13,1.41,3.2,6.17,6.79,7.21,6.5,,,,,,6.2,4,Debt: Floater,14.3331,0,0,7.23,0.87,1.76,3.04,Rajeev Radhakrishnan,4.44,2.17,7.16,1000,500,0,0,0,0,0,0.1% for redemption within 3 days,0,99.14,0,0,0.86,,0.34,36.15,0,0,58.44,0,4.55,0.48,24.08,0.24,191.65,70.05
SBI Focused Fund Reg (G),SBI Mutual Fund,51248,11-10-2004,0,-3.17,-2.14,-4.79,-0.2,14.66,8.67,5.65,13.53,10.06,14.89,13.93,15.69,14.4,,17.94,4,Equity: Focused,384.0403,4.58,0.82,15.94,13.88,0.74,1.09,Rama Iyer Srinivasan,0,0,0,1000,500,72,15.72,5.14,3.89,21.01,0.25% for redemption within 30 days. 0.1% for redemption after 30 days and within 90 days,82.42,7.14,0,10.44,0,,1.23,0.14,0,0,0,0.79,6.21,10.23,44.44,0.44,68.24,79.89
SBI Gilt Fund Reg (G),SBI Mutual Fund,8215,30-12-2000,-0.07,-0.18,0.05,-0.03,-0.24,3.18,3.45,3.91,6.07,5.69,6.38,6.89,8.46,7.25,7.45,7.74,4,Debt: Gilt Fund,68.2603,0,0,6.02,3.23,0.1,0.15,Sudhir Agrawal,22.1,6.37,7.38,1000,500,0,0,0,0,0,0,0,100,0,0,0,,0.81,82.27,0,0,0,0,17.73,2.09,40.87,-0.34,126.07,93.17
SBI Gold Fund Reg (G),SBI Mutual Fund,17647,12-09-2011,0.94,-2.36,-1.55,-4.48,4.93,0.21,26.45,38.08,34.93,24.84,20.28,15.4,10.71,,,10.11,4,Commodity: Gold,42.8684,0.77,0.91,32.64,18.71,1.44,2.36,Viral Chhadva,0,0,0,1000,500,0,0,0,0,0,1% for redemption within 15 days,0,0,100,0,0,,0.35,0,0,0,0,0,0,18.27,46,-0.41,67.69,80.12
SBI Healthcare Opportunities Fund Reg (G),SBI Mutual Fund,5796,05-07-1999,-2,-4.05,-1.71,-4.06,2.65,21.75,20.41,9.81,21.64,16.72,24.59,13.38,17.86,14.31,,15.47,5,Equity: Sectoral,505.9062,2.37,0.86,22.48,14.37,1.17,1.92,Tanmaya Desai,0,0,0,1000,500,34.8,27.96,34.03,6.61,58.38,0.5% for redemption within 15 days,96.79,3.21,0,0,0,,1.58,0.05,0,0,0,0,3.16,10.71,43.51,0.23,45.96,64.11
SBI Income Plus Arbitrage Active FoF (G),SBI Mutual Fund,1814,02-05-2025,0.16,-0.03,0.16,0.34,1.02,2.97,5.5,,,,,,,,,5.21,0,Hybrid: Fof Domestic Income Plus Arbitrage,10.7584,0,0,0,0,0,0,Ardhendu Bhattacharya,0,0,0,1000,500,0,0,0,0,0,0,0,100,0,0,0,,0.17,0,0,0,0,99.05,1.07,0,0,,0,0
SBI Infrastructure Fund Reg Plan (G),SBI Mutual Fund,4810,06-07-2007,0.46,-2.54,-0.1,-2.7,-5.38,11.51,1.03,-5.97,11.19,14.53,17.79,14.34,12.54,,,8.54,3,Equity: Sectoral,48.3846,-0.04,0.64,14.74,18.98,0.48,0.71,Bhavin Vithlani,0,0,0,1000,500,60.45,10.93,25.42,2.62,20.18,0.5% for redemption within 30 days,96.8,3.2,0,0,0,,1.61,1.13,0,0,0,0,2.07,12.89,43.37,-0.3,91.22,91.7
SBI Innovative Opportunities Fund Reg (G),SBI Mutual Fund,5493,20-08-2024,-0.68,-4.57,-2.25,-5.31,7.29,27.1,7.33,0.56,,,,,,,,1.53,0,Equity: Thematic,10.3348,0,0,0,0,0,0,Vivek Gedda,0,0,0,1000,500,27.26,25.69,43.27,6.65,55.82,1% for redemption within 30 days,96.22,3.78,0,0,0,,1.59,0.09,0,0,0,0,3.69,0,0,,0,0
SBI Large & Midcap Fund Reg (G),SBI Mutual Fund,42336,28-02-1993,0,-2.9,-1.13,-5.26,-4.12,6.61,0.45,-0.65,10.76,11.71,16,13.37,15.36,13.82,19.92,13.98,4,Equity: Large & Mid Cap,617.1625,1.89,0.88,13.27,13.44,0.56,0.7,Saurabh Pant,0,0,0,1000,500,43.31,36.06,19.34,3.66,26.8,0.1% for redemption within 30 days,97.91,1.3,0,0.79,0,,1.28,0.55,0,0,0,0,0.75,11.25,43.91,-0.34,84.38,89.38
SBI Large Cap Fund Reg (G),SBI Mutual Fund,55140,14-02-2006,-0.02,-2.9,-0.42,-4.97,-4.76,6.39,-2.28,-3.02,7.54,7.67,12.14,10.74,13.82,11.02,,11.19,3,Equity: Large Cap,89.154,-0.22,0.93,10.51,13.6,0.35,0.45,Saurabh Pant,0,0,0,1000,100,83.23,12.85,1.87,3.66,25.06,0.25% for redemption within 30 days. 0.1% for redemption after 30 days and within 90 days,97.95,2.05,0,0,0,,1.21,0.76,0,0,0,0,1.29,10.6,46.85,-0.25,86.21,92.86
SBI Liquid Fund Reg Plan (G),SBI Mutual Fund,92192,22-03-2007,0.02,0.08,0.21,0.47,1.52,3.38,6.36,6.53,6.78,6.22,5.57,5.97,6.93,,,6.87,3,Debt: Liquid,4402.2266,0,0,6.61,0.21,4.47,9.82,Rajeev Radhakrishnan,0.13,0.13,6.47,500,500,0,0,0,0,0,Exit load of 0.0070% if redeemed within 1 day. 0.0065% if redeemed within 2 days. 0.0060% if redeemed within 3 days. 0.0055% if redeemed within 4 days. 0.0050% if redeemed within 5 days. 0.0045% if redeemed within 6 days.,0,99.46,0,0.32,0.22,,0.29,16.67,0,0,79.13,0,3.98,0,0,3.24,0,0
SBI Long Term Fund Reg (G),SBI Mutual Fund,1305,21-12-2022,0,-0.62,0.17,-0.4,-1.31,3.54,1.79,2.25,5.71,,,,,,,6.13,3,Debt: Long Duration,12.4968,0,0,5.73,4.83,0.01,0.01,Ardhendu Bhattacharya,27.83,10.52,7.61,1000,500,0,0,0,0,0,0,0,99.37,0,0,0.63,,0.56,85.6,0,0,0,0,13.77,3.08,43.67,-0.32,92.21,104.45
SBI M Gilt PF Fix Period 3Y (G) (Susp),SBI Mutual Fund,8215,28-11-2003,-0.07,-0.18,0.05,-0.03,-0.24,3.18,3.45,3.91,6.07,5.69,6.38,6.89,8.39,7.01,,6.42,0,Debt: Gilt Fund 10 yr duration,40.9436,0,0,6.02,3.23,0.1,0.15,Sudhir Agrawal,22.1,6.37,7.38,5000,500,0,0,0,0,0,0,0,100,0,0,0,,0.94,82.27,0,0,0,0,17.73,2.09,40.87,-0.34,126.07,93.17
SBI M Gilt PF Reg ( G) (Susp),SBI Mutual Fund,0,01-01-1900,-0.07,-0.18,0.05,-0.03,-0.24,3.18,3.48,3.93,6.08,5.69,6.38,6.9,8.46,7.28,,6.74,0,Debt: Gilt Fund 10 yr duration,43.8317,0,0,6.03,3.23,0.1,0.15,Dinesh Ahuja,22.1,6.37,7.38,5000,500,0,0,0,0,0,,0,100,0,0,0,,0,82.27,0,0,0,0,17.73,2.09,40.87,-0.34,126.01,93.17
SBI Medium Term Fund Reg (G),SBI Mutual Fund,6489,12-11-2003,0.07,-0.24,-0.03,0.02,0.8,3.94,5.95,6.65,7.15,6.21,7.03,7.46,8.37,7.62,,7.71,1,Debt: Medium Duration,54.87,0,0,7.06,1.55,0.88,1.33,Lokesh Mallya,4.34,3.2,8.22,1000,500,0,1.15,1.24,0,0,1% for redemption within 3 months,2.39,93.17,0,0,4.44,,1.05,21.82,17.89,37.57,11.91,0,8.09,0.78,30.38,-0.36,167.27,78
SBI Medium to Long Term Fund Reg (G),SBI Mutual Fund,2046,25-11-1998,0.01,-0.39,-0.05,-0.16,-0.27,3.04,3.71,4.73,6.04,5.39,6.49,6.71,7.63,6.87,6.87,7.4,1,Debt: Medium to Long Duration,73.5925,0,0,6.06,2.34,0.16,0.24,Mohit Jain,7.43,4.38,7.77,1000,500,0,0,0,0,0,"For units in excess of 10% of the investment, 1% will be charged for redemption within 365 days",0,99.38,0,0,0.62,,1.26,36.64,6.3,39.83,7.88,0,9.04,1.4,36.78,-1.52,147.98,86.21
SBI Midcap Fund Reg (G),SBI Mutual Fund,24518,29-03-2005,0.34,-3.43,-0.78,-5.39,-3.96,11.43,2.89,-3.62,8.55,11.76,18.83,12.66,17.38,13.34,,15.75,2,Equity: Mid Cap,231.2624,-3.65,0.85,12.09,15.84,0.4,0.5,Bhavin Vithlani,0,0,0,1000,500,13.25,66.67,16.59,4.77,36.09,0.25% for redemption within 30 days. 0.1% for redemption after 30 days and within 90 days,96.51,3.49,0,0,0,,1.38,1.33,0,0,0,0,2.16,11.89,45.25,-1.16,68.81,84.16
SBI MNC Fund Reg (G),SBI Mutual Fund,6718,30-09-1994,-0.35,-2.75,-0.34,-4.99,1.76,21.26,15.18,1.95,6.1,7.33,12.47,10.54,14.18,12.72,,13.43,0,Equity: Thematic,399.0603,-2.13,0.76,8.81,13.58,0.23,0.35,Tanmaya Desai,0,0,0,1000,500,39.97,26.02,32.28,6.37,43.54,1% for redemption within 30 days,98.27,1.73,0,0,0,,1.55,0.29,0,0,0,0,1.44,9.94,46.72,-0.78,37.22,73.47
SBI Money Market Fund Reg (G),SBI Mutual Fund,32208,14-07-2004,0.04,0.08,0.22,0.47,1.5,3.35,5.98,6.66,6.82,6.16,5.8,6.18,7.13,7.14,,6.97,2,Debt: Money Market,44.6557,0,0,6.64,0.53,1.79,2.59,Rajeev Radhakrishnan,0.53,0.53,6.89,500,500,0,0,0,0,0,0,0,99.7,0,0,0.3,,0.54,14,0,0,83.21,0,2.49,0.14,5.59,1.34,97.46,100
SBI Multi Asset Allocation Fund Reg (G),SBI Mutual Fund,20935,21-12-2005,0,-2.01,-0.83,-2.67,-1.25,4.89,7.56,7.31,13.42,12.04,12.82,10.91,11.06,9.54,,9.42,4,Hybrid: Multi Asset,65.5184,0,0,14.32,8.33,1.04,1.33,Dinesh Balachandran,2.84,2.46,7.76,1000,500,20.62,12.28,18.76,2.1,18.4,"For units in excess of 10% of the investment, 1% will be charged for redemption within 365 days",51.66,37.77,6.76,0,3.81,,1.11,3.42,3.06,14.57,10.06,0,10.47,6.78,39.65,1.4,15.86,58.9
SBI Multicap Fund Reg (G),SBI Mutual Fund,24525,08-03-2022,-0.06,-2.85,-0.58,-4.47,-1,12.32,-0.77,-1.27,11.25,,,,,,,11.74,3,Equity: Multi Cap,16.7113,2.93,0.82,13.63,14.05,0.56,0.78,Ruchit Mehta,0,0,0,1000,500,35.1,26.7,37.22,4.23,33.42,0.25% for redemption within 30 days. 0.1% for redemption after 30 days and within 90 days,99.02,0.98,0,0,0,,1.38,0.08,0,0,0,0,0.9,11.31,43.85,-0.17,71.82,83.9
SBI Nifty 500 Index Fund Reg (G),SBI Mutual Fund,780,30-09-2024,-0.14,-3.79,-1.85,-5.93,-3.95,7.73,-2.85,-4.5,,,,,,,,-4.42,0,Equity: Index,9.1211,0,0,0,0,0,0,Viral Chhadva,0,0,0,1000,500,67.61,21.18,11.16,3.38,22.18,0.25% for redemption within 15 days,99.95,0.05,0,0,0,,0.66,0,0,0,0,0,0.05,0,0,,0,0
SBI Nifty Bank Index Fund Reg (G),SBI Mutual Fund,210,06-02-2025,0.68,-3.41,-2.12,-5.9,-5.05,9.05,0.03,,,,,,,,,3.19,0,Equity: Index,10.8835,0,0,0,0,0,0,Viral Chhadva,0,0,0,1000,500,74.51,25.4,0,1.71,13.22,0.25% for redemption within 15 days,99.91,0.09,0,0,0,,0.55,0,0,0,0,0,0.09,0,0,,0,0
SBI Nifty G-Sec Jul 2031 Index Fund (G),SBI Mutual Fund,17,26-05-2026,0.2,-0.19,-0.06,-0.73,-0.12,,,,,,,,,,,2.14,0,Debt: Low Duration,10.2141,0,0,0,0,0,0,Rajeev Radhakrishnan,0,0,0,0,0,0,0,0,0,0,0,0,100,0,0,0,,0.32,96.12,0,0,0,0,3.88,,,,,
SBI Nifty Index Fund Reg (G),SBI Mutual Fund,13928,17-01-2002,-0.42,-3.54,-2.17,-6.07,-5.02,1.89,-7.52,-5.74,5.51,5.81,10.7,10.66,10.97,9.42,,13.33,3,Equity: Index,201.2762,-1.78,0.95,9.04,13.6,0.25,0.32,Viral Chhadva,0,0,0,1000,500,98.65,1.34,0,3.1,20.1,0.25% for redemption within 30 days,99.99,0.01,0,0,0,,0.33,0,0,0,0,0,0.01,11.21,48.33,-23.96,99.85,100.14
SBI Nifty India Consumption Index Fund Reg (G),SBI Mutual Fund,259,30-10-2024,-0.75,-4.13,-1.91,-6.27,-3.68,7.29,-8.37,,,,,,,,,-2.2,0,Equity: Index,9.5827,0,0,0,0,0,0,Viral Chhadva,0,0,0,1000,500,88.15,11.73,0,7.48,40.28,0.25% for redemption within 30 days,99.88,0.12,0,0,0,,0.74,0,0,0,0,0,0.12,0,0,,0,0
SBI Nifty IT Index Fund (G),SBI Mutual Fund,136,21-02-2025,0.11,-2.25,-6.3,-11.24,5.33,-4.3,-16.6,,,,,,,,,-19.68,0,Equity: Index,6.962,0,0,0,0,0,0,Viral Chhadva,0,0,0,1000,500,80.46,19.54,0,5.44,19,0.25% for redemption within 15 days,100,0,0,0,0,,0.66,0,0,0,0,0,0,0,0,,0,0
SBI Nifty Midcap 150 Index Fund Reg (G),SBI Mutual Fund,1292,03-10-2022,0.06,-4.66,-2.24,-7.14,-3.94,12.56,3.84,-1.22,12.67,,,,,,,16.8,3,Equity: Index,18.6886,-0.42,1,17.08,17.92,0.64,0.83,Viral Chhadva,0,0,0,1000,500,11.6,84.15,4.25,4.01,25.07,0.25% for redemption within 30 days,100,0,0,0,0,,0.7,0,0,0,0,0,0,15.37,42.65,-13.5,114.92,99.82
SBI Nifty Midcap 150 Momentum 50 E T F FoF (G),SBI Mutual Fund,117,07-08-2026,-0.54,-4.18,-1.41,-5.54,,,,,,,,,,,,-4.6,0,Equity: Thematic,9.5403,0,0,0,0,0,0,Viral Chhadva,0,0,0,0,0,0,0,100,0,0,1% for redemption within 15 days,100,0,0,0,0,,0.5,0,0,0,0,0,0,,,,,
SBI Nifty Next 50 Index Fund Reg (G),SBI Mutual Fund,2366,19-05-2021,0.4,-3.79,-0.8,-5.5,-2.48,15.72,2.99,-4.71,15.72,10.53,,,,,,12.44,5,Equity: Index,18.8974,6.36,1.29,19.02,20.01,0.67,0.86,Viral Chhadva,0,0,0,1000,500,86.86,13.14,0,3.34,20.08,0.25% for redemption within 30 days,100,0,0,0,0,,0.59,0,0,0,0,0,0,16.46,41.71,-11.64,126.81,103.41
SBI Nifty Smallcap 250 Index Fund Reg (G),SBI Mutual Fund,1788,03-10-2022,0.18,-3.47,-0.67,-3.27,0.38,24.38,6.15,-2.1,12.69,,,,,,,17.29,3,Equity: Index,19.0072,0.54,1,16.25,21.75,0.49,0.73,Viral Chhadva,0,0,0,1000,500,0,7.28,92.72,3.52,32.66,0.25% for redemption within 30 days,100,0,0,0,0,,0.7,0,0,0,0,0,0,17.43,41.98,-7.75,111.28,99.37
SBI Nifty100 Low Volatility 30 Index Fund (G),SBI Mutual Fund,57,28-07-2025,-0.61,-3.46,-2.38,-7.15,-4.43,2.94,-5.51,,,,,,,,,-4.14,0,Equity: Large Cap,9.4926,0,0,0,0,0,0,Viral Chhadva,0,0,0,1000,500,94.57,5.25,0,3.29,22,0.25% for redemption within 15 days,99.82,0.18,0,0,0,,0.67,0,0,0,0,0,0.18,0,0,,0,0
SBI Nifty200 Momentum 30 Index Fund (G),SBI Mutual Fund,119,09-07-2025,-0.02,-3.73,-0.73,-5.84,-4.45,8.87,-1.65,,,,,,,,,-5.33,0,Equity: Large & Mid Cap,9.3272,0,0,0,0,0,0,Viral Chhadva,0,0,0,1000,500,66.07,33.62,0,4.53,22.35,0.25% for redemption within 15 days,99.69,0.31,0,0,0,,0.67,0,0,0,0,0,0.31,0,0,,0,0
SBI Nifty200 Quality 30 Index Fund Reg (G),SBI Mutual Fund,327,04-06-2025,0.12,-3.26,-2.66,-7.95,-2.95,4.54,-6.2,,,,,,,,,-5,0,Equity: Index,9.3187,0,0,0,0,0,0,Viral Chhadva,0,0,0,1000,500,72.44,25.01,2.32,7.63,24.12,0.25% for redemption within 15 days,99.77,0.23,0,0,0,,0.65,0,0,0,0,0,0.23,0,0,,0,0
SBI Nifty50 Equal Weight Index Fund Reg (G),SBI Mutual Fund,1064,31-01-2024,-0.76,-3.86,-2.11,-6.33,-4.45,4.75,-2.06,-3.72,,,,,,,,4.97,0,Equity: Index,11.4021,0,0,0,0,0,0,Viral Chhadva,0,0,0,0,0,96.38,3.62,0,3.1,20.1,0.25% for redemption within 15 days,100,0,0,0,0,,0.78,0,0,0,0,0,0,0,0,,0,0
SBI Overnight Fund Reg (G),SBI Mutual Fund,23407,01-10-2002,0.01,0.1,0.2,0.39,1.25,2.54,5.16,5.59,5.94,5.62,4.98,5.27,6.32,6.53,,6.51,3,Debt: Overnight,4430.0143,0,0,5.84,0.2,0.74,1.49,Ranjana Gupta,0,0,5.2,1000,2000,0,0,0,0,0,0,0,100,0,0,0,,0.11,2.84,0,0,15.16,0,82,0,0,-1.17,0,0
SBI PSU Fund Reg (G),SBI Mutual Fund,6703,07-07-2010,0.2,-2.95,-1.15,-5.44,-5.72,-0.2,1,-1.95,16.71,20.47,18.57,12.57,9.15,,,7.48,0,Equity: Thematic,32.6219,-0.87,0.92,22.64,22.33,0.76,1.3,Rohit Shimpi,0,0,0,1000,500,71.61,17.14,9.09,1.69,12.1,0.5% for redemption within 30 days,97.84,2.16,0,0,0,,1.55,0.07,0,0,0,0,2.09,19.26,44.58,-0.24,132.92,102.6
SBI Quality Fund (G),SBI Mutual Fund,2659,17-02-2026,0,-2.67,-0.16,-5.22,2.23,15.67,,,,,,,,,,4.75,0,Equity: Thematic,10.475,0,0,0,0,0,0,Anup Upadhyay,0,0,0,0,0,56.75,22.08,19.66,6.02,30.62,1% for redemption within 6 months,95.56,1.51,0,2.93,0,,1.69,0,0,0,0,0,1.51,,,,,
SBI Quant Fund Reg (G),SBI Mutual Fund,2921,26-12-2024,0.19,-4.31,-3.01,-9.47,-6.42,-2.08,-5.63,,,,,,,,,-5.95,0,Equity: Thematic,8.9433,0,0,0,0,0,0,Sukanya Ghosh,0,0,0,1000,500,59.47,38.57,0,4.04,25.52,0.5% for redemption within 30 days,98.04,1.96,0,0,0,,1.68,0,0,0,0,0,1.96,0,0,,0,0
SBI Retirement Benefit Fund Aggressive Hybrid Reg (G),SBI Mutual Fund,1672,10-02-2021,0.24,-2.69,-0.87,-4.89,-0.89,10.27,1.23,-0.99,7.67,9.33,,,,,,12.09,3,Solution: Retirement Hybrid,19.0342,0,0,10.18,11.99,0.37,0.46,Rohit Shimpi,0.17,0.06,3.53,1000,500,40.45,19.89,18.24,4.16,30.71,0,78.57,4.59,9.2,0,7.64,,1.72,0.25,0,0,0.33,0,11.65,9.21,44.79,0.37,84.76,93.86
SBI Retirement Benefit Fund Aggressive Reg (G),SBI Mutual Fund,3242,10-02-2021,0.06,-3.12,-1.06,-5.69,-1.82,11.61,-1.2,-3.82,6.65,9.27,,,,,,12.64,3,Solution: Retirement Equity,19.561,-2.24,0.94,9.94,14.72,0.29,0.37,Rohit Shimpi,0,0,0,1000,500,49.67,24.52,21.85,4.16,30.63,0,96.05,3.95,0,0,0,,1.66,0.03,0,0,0.18,0,3.74,11.18,45.99,0.22,125.61,107.13
SBI Retirement Benefit Fund Conservative Hybrid Reg (G),SBI Mutual Fund,255,10-02-2021,0.09,-1.35,-0.34,-2.28,-0.91,6.39,1.16,0.75,6.06,6.94,,,,,,8.24,3,Solution: Retirement Debt,15.6272,0,0,7.16,6.92,0.21,0.25,Rohit Shimpi,5.43,4.42,7,1000,500,20.62,10.05,8.67,4.08,30.15,0,39.35,60.65,0,0,0,,1.45,18.01,0,8.68,16.61,0,17.35,4.74,42.58,0.13,28.29,116.26
SBI Retirement Benefit Fund Conservative Reg (G),SBI Mutual Fund,140,10-02-2021,0.07,-0.7,-0.13,-1.08,-0.66,5.24,2.03,2.43,5.91,6.32,,,,,,6.84,3,Solution: Retirement Debt,14.5228,0,0,6.41,4.82,0.15,0.18,Rohit Shimpi,5.07,4.5,7.12,1000,500,10.27,4.92,4.36,4.09,30.24,0,19.56,80.44,0,0,0,,1.19,10.67,0,17.17,26.57,0,26.03,2.95,42.58,-0.09,128.9,93.88
SBI S&P BSE Sensex Index Fund Reg (G),SBI Mutual Fund,302,26-05-2023,-0.07,-3.14,-2.08,-5.83,-5.06,1.31,-9.24,-6.72,3.91,,,,,,,5.21,1,Equity: Index,11.8778,-3.5,0.93,7.25,13.5,0.12,0.15,Viral Chhadva,0,0,0,1000,500,99.93,0,0,3.24,22.08,0.2% for redemption within 15 days,99.93,0.07,0,0,0,,0.34,0,0,0,0,0,0.07,11.2,48.66,-1.69,97.31,100.75
SBI Short Term Fund Reg (G),SBI Mutual Fund,13435,27-07-2007,0.08,-0.13,0.09,0.16,0.47,2.74,4.56,6.27,6.74,5.86,6.2,6.48,7.39,,,6.6,3,Debt: Short Duration,34.133,0,0,6.65,1.35,0.71,1.1,Mansi Sajeja,3.89,2.93,7.62,1000,500,0,0,0,0,0,0,0,99.62,0,0,0.38,,0.73,12.9,0,14.87,61.25,0,10.6,0.58,25.07,0.53,97.48,100
SBI SIF Magnum Hybrid Long Short Fund Reg (G),SBI SIF Mutual Fund,4004.89,20-10-2025,-0.05,-1.73,-0.8,-2.38,-0.68,3.49,0,,,,,,,,,3.08,0,SIF: Hybrid LS,10.3084,0,0,0,0,0,0,Mr. Gaurav Mehta,1.45,1.25,6.91,0,0,4.74,0.36,0.28,0,0,0.50 % if the redeemed on or before 15 days. 0.25 % after 15 days but on or before 1 month. No Exit Load will be charged if investment is redeemed after 1month from the date of allotment of units.,5.38,90.63,0,0,3.99,,0.92,32.12,0,0,49.02,0,219.95,,,,,
SBI Silver E T F FoF Reg (G),SBI Mutual Fund,3924,11-07-2024,0.24,-4.78,-2.34,-5.93,-1.74,-3.22,52.87,53.91,,,,,,,,46.13,0,Commodity: Silver,23.2307,0,0,0,0,0,0,Viral Chhadva,0,0,0,1000,500,0,0,0,0,0,1% for redemption within 15 days,0,-0.04,0,0,100.04,,0.55,0,0,0,0,0,100,0,0,,0,0
SBI Small Cap Fund Reg (G),SBI Mutual Fund,42631,09-09-2009,0.23,-2.77,-1.29,-4.24,0.61,22.62,6.68,-2.08,10.31,12.54,19.4,17.12,20.99,,,18.47,2,Equity: Small Cap,180.4428,-0.41,0.77,12.98,17.37,0.42,0.65,Rama Iyer Srinivasan,0,0,0,1000,500,0.91,2.78,84.56,4.12,32.74,1% for redemption within 365 days,88.25,11.75,0,0,0,,1.28,0.15,0,0,0,0,11.6,12.49,44.92,-0.59,59.21,79.5
SBI Technology Opportunities Fund Reg (G),SBI Mutual Fund,4488,05-07-1999,0,-3.73,-4.66,-7.1,7.43,7.21,-9.22,-6.24,6.49,5.08,16.18,15.57,,,,16.59,0,Equity: Sectoral,190.4414,7.35,0.78,10.79,19.33,0.26,0.42,Vivek Gedda,0,0,0,1000,500,55.85,22.07,18.36,5.06,27.64,0.5% for redemption within 15 days,83.1,3.71,0,13.19,0,,1.62,0.07,0,0,0,0,3.64,12.68,48.33,0.62,77.37,89.67
SBI Ultra Short Term Fund Reg (G),SBI Mutual Fund,11880,21-05-1999,0.04,0.07,0.22,0.49,1.49,3.29,6.2,6.73,6.92,6.26,5.92,6.38,7.2,7.14,6.86,7.03,4,Debt: Ultra Short Duration,6446.2364,0,0,6.74,0.43,2.44,3.54,Sudhir Agrawal,0.65,0.47,7.18,1000,1000,0,0,0,0,0,0,0,99.59,0,0,0.41,,0.48,10.56,1.25,18.65,60.26,0,8.87,0.1,4.9,1.89,97.13,100
SBI Ultra Short to Short Term Fund Reg (G),SBI Mutual Fund,11622,27-07-2007,0.04,0.03,0.17,0.42,1.22,3.01,5.41,6.4,6.65,5.96,5.83,6.32,7.2,,,7.12,2,Debt: Low Duration,3741.7353,0,0,6.49,0.64,1.25,1.84,Sudhir Agrawal,1.61,0.98,7.18,1000,500,0,0,0,0,0,0,0,99.6,0,0,0.4,,0.78,12.5,0,13.66,64.94,0,8.5,0.19,8.99,0.89,98.02,100
SBI US Specific Equity Active FoF Reg (G),SBI Mutual Fund,1227,22-03-2021,0,-0.09,1.44,-0.36,-0.74,14.85,21.02,21.02,26.54,17.01,,,,,,17.06,0,Equity: Global,24.1014,0,0,23.54,15.17,1.18,2.02,Rohit Shimpi,0,0,0,1000,500,0,0,0,0,0,1% for redemption within 365 days,0,2.4,0,97.6,0,,1.4,0,0,0,0,0,100,14.84,45.09,0.61,-18.78,36.89
Shriram Aggressive Hybrid Fund Reg (G),Shriram Mutual Fund,51,29-11-2013,-0.07,-2.56,-1.13,-4.22,-2.51,5.21,-1.13,-4.24,6.72,5.75,8.85,8.17,,,,9.17,2,Hybrid: Aggressive,30.7811,0,0,9.29,11.66,0.31,0.36,Amit Modani,1.9,1.67,6.31,0,500,51.86,8.25,12.02,2.91,20,"For units in excess of 12% of the investment, 1% will be charged for redemption within 90 days",72.13,27.87,0,0,0,,2.08,5.86,0,0,18.54,0,3.47,9.99,44.85,0.14,75.91,91.79
Shriram Balanced Advantage Fund (G,Shriram Mutual Fund,43,05-07-2019,-0.12,-2.37,-1.13,-4.02,-2.47,2.83,-3.47,-5.96,3.82,4.06,6.77,,,,,6.65,1,Hybrid: Balanced Advantage,16.0064,0,0,6.31,10.82,0.06,0.07,Amit Modani,1.72,1.53,6.38,0,500,53.99,4.39,10.2,2.96,19.89,"For units in excess of 12% of the investment, 1% will be charged for redemption within 90 days",68.58,31.42,0,0,0,,2.09,4.68,0,0,17.17,0,9.57,9.24,46.61,-0.31,82.13,98.36
Shriram ELSS Tax Saver Fund (G),Shriram Mutual Fund,48,25-01-2019,-0.28,-3.4,-1.61,-5.77,-4.55,6.2,-4.2,-9.64,4.29,4.61,9.13,,,,,9.09,1,Equity: ELSS,19.6915,-4.19,1.01,8.46,16.77,0.17,0.2,Hitesh Savanth,0,0,0,0,500,63.55,9.54,25.31,3.16,20.15,0,98.4,1.6,0,0,0,,2.09,0,0,0,0.02,0,1.58,14.48,44.31,-0.67,93.34,98.48
Shriram Flexi Cap Fund Reg (G),Shriram Mutual Fund,131,28-09-2018,-0.29,-3.65,-1.82,-5.91,-4.82,5.72,-4.75,-9.96,4.32,5.01,8.73,,,,,8.09,1,Equity: Flexi Cap,18.73,-4.01,1,8.61,16.8,0.17,0.21,Hitesh Savanth,0,0,0,0,500,64.4,10.17,24.82,3.14,20,"For units in excess of 12% of the investment, 1% will be charged for redemption within 90 days",99.39,0.61,0,0,0,,2.1,0,0,0,0.02,0,0.59,14.71,43.9,-0.63,96.12,99.53
Shriram Liquid Fund Reg (G),Shriram Mutual Fund,497,14-11-2024,0.02,0.08,0.2,0.46,1.47,3.29,6.16,,,,,,,,,6.21,2,Debt: Liquid,1121.5607,0,0,0,0,0,0,Amit Modani,0.11,0.11,6.26,1000,1000,0,0,0,0,0,Exit load of 0.0070% if redeemed within 1 day. 0.0065% if redeemed within 2 days. 0.0060% if redeemed within 3 days. 0.0055% if redeemed within 4 days. 0.0050% if redeemed within 5 days. 0.0045% if redeemed within 6 days.,0,99.91,0,0,0.09,,0.24,15.98,0,0,76.58,0,7.35,0,0,,0,0
Shriram Money Market Fund (G),Shriram Mutual Fund,101,27-01-2026,0.05,0.08,0.23,0.46,1.5,3.31,,,,,,,,,,100,0,Debt: Money Market,1043.3088,0,0,0,0,0,0,Amit Modani,0.35,0.35,6.55,0,0,0,0,0,0,0,0,0,99.76,0,0,0.24,,0.28,9.78,0,0,63.33,0,26.65,,,,,
Shriram Multi Asset Allocation Fund Reg (G),Shriram Mutual Fund,146,08-09-2023,-0.05,-2.74,-1.28,-4.33,-1.58,3.84,3.82,-0.13,8.53,,,,,,,8.05,0,Hybrid: Multi Asset,12.7311,0,0,0,0,0,0,Amit Modani,0.33,0.32,6.06,500,500,50.83,4.81,10.8,3.07,20.63,"For units in excess of 12% of the investment, 1% will be charged for redemption within 90 days",66.45,19.07,12.26,0,2.22,,2.06,0,0,0,16.81,0,4.48,10.96,42.52,,54.86,79.2
Shriram Multi Sector Rotation Fund Reg (G),Shriram Mutual Fund,163,09-12-2024,-0.41,-3.91,-2.23,-6.53,-3.99,10.09,-0.12,,,,,,,,,-13.47,0,Equity: Thematic,7.6335,0,0,0,0,0,0,Hitesh Savanth,0,0,0,500,500,57.84,10.4,31.16,3.1,19.57,1% for redemption within 3 months,99.4,0.6,0,0,0,,2.1,0,0,0,0,0,0.6,0,0,,0,0
Shriram Overnight Fund Reg (G),Shriram Mutual Fund,57,26-08-2022,0.01,0.09,0.2,0.39,1.24,2.55,5.18,5.54,5.91,,,,,,,6.03,3,Debt: Overnight,1271.4552,0,0,5.81,0.19,0.6,1.33,Amit Modani,0.01,0.01,5.35,0,0,0,0,0,0,0,0,0,100,0,0,0,,0.15,0,0,0,0,0,100,0,0,-1.52,100.49,100
Summit SIF Equity Long Short Fund Reg (G),Summit SIF Mutual Fund,290.94,02-07-2026,0.1,-3.7,-0.59,-4.16,,,,,,,,,,,,1.4,0,SIF: Equity LS,10.14,0,0,0,0,0,0,Hiten Jain,0,0,0,0,0,21.08,8.79,11.19,0,0,"if units are redeemed/switched out on or before 3 months from the date of allotment: 0.50%, if units are redeemed/switched-out after 3 months: Nil",41.06,58.94,0,0,0,,2.1,0,0,0,0,0,58.94,,,,,
Sundaram Aggressive Hybrid Fund Reg (G),Sundaram Mutual Fund,9272,14-01-2000,-0.15,-3.51,-1.95,-5.42,-2.47,4.71,-3.67,-3.39,7.13,6.63,10.98,10.24,12.08,10.54,14.16,10.77,2,Hybrid: Aggressive,154.0299,0,0,9.84,11.32,0.37,0.47,Bharath S,3.7,2.65,6.3,0,0,38.14,17.79,15.88,4.2,32.66,"For units in excess of 25% of the investment, 1% will be charged for redemption within 365 days",71.81,27.17,0,0,1.02,,1.5,5.56,0,0.86,12.98,1.32,7.47,8.61,42.82,0.36,80.09,92.52
Sundaram Arbitrage Fund Reg (G),Sundaram Mutual Fund,554,21-04-2016,0.16,-0.03,0.25,0.69,1.42,2.83,6.01,6.12,6.42,5.7,4.77,4.17,,,,4.28,5,Hybrid: Arbitrage,15.4935,0,0,6.24,0.47,1.15,1.25,Rohit Seksaria,0.48,0.47,5.8,0,0,0,0,0,2.72,21.07,"For units in excess of 25% of the investment, 1% will be charged for redemption within 15 days",0,100,0,0,0,,0.82,10.63,0,0,1.75,12.89,4.86,0.66,31.44,-2.3,98.28,100
Sundaram Balanced Advantage Fund Reg (G),Sundaram Mutual Fund,1686,16-12-2010,-0.1,-3.16,-1.77,-4.85,-2.31,4.3,-2.71,-1.98,6.17,6.38,7.54,6.59,8.92,,,8.03,3,Hybrid: Balanced Advantage,34.0228,0,0,8.37,9.18,0.29,0.37,Bharath S,6.75,4.45,6.84,0,0,38.54,13.92,11.34,3.89,30.68,"For units in excess of 25% of the investment, 1% will be charged for redemption within 365 days",63.8,36.2,0,0,0,,1.79,19.12,0,0,9.81,0.84,6.46,7.05,43.22,0.12,68.15,92.4
Sundaram Banking and PSU Debt Fund Reg (G),Sundaram Mutual Fund,262,29-12-2004,0.08,-0.08,0.09,0.19,0.59,2.91,4.72,6.21,6.86,5.84,5.92,6.31,7.18,7.35,,7.24,4,Debt: Banking and PSU,45.7601,0,0,6.75,1.39,0.76,1.33,Kumaresh Ramakrishnan,3.11,2.35,7.2,0,250,0,0,0,0,0,0,0,99.47,0,0,0.53,,0.36,5.31,0,0,86.45,0,7.71,0.62,27.35,-0.55,97.12,100
Sundaram Business Cycle Fund Reg (G),Sundaram Mutual Fund,1747,25-06-2024,0.15,-4.53,-1.81,-6.2,0.25,21.52,0.71,0.14,,,,,,,,4.18,0,Equity: Thematic,10.9728,0,0,0,0,0,0,Madanagopal Ramu,0,0,0,100,100,19.71,37.43,42.48,6.02,45.46,1% for redemption within 365 days,99.62,0.38,0,0,0,,1.79,0,0,0,0,0,0.38,0,0,,0,0
Sundaram Conservative Hybrid Fund Reg (G),Sundaram Mutual Fund,19,08-03-2010,0.05,-0.83,-0.42,-1.6,-0.74,1.08,-0.96,0.05,4.17,4.18,6.48,5.38,7.05,,,6.6,2,Hybrid: Conservative,29.0376,0,0,4.79,4.16,-0.22,-0.3,Bharath S,1.58,1.35,5.7,0,250,17.5,1.81,0.52,3.2,22.15,0,19.83,79.68,0,0,0.49,,1.62,20.96,0,0,5.22,0,53.5,2.88,43.09,-1,132.28,96.18
Sundaram Consumption Fund Reg (G),Sundaram Mutual Fund,1516,12-05-2006,-0.87,-5.04,-1.91,-6.51,0.65,12.01,-7.26,-7.46,7.21,9.3,11.98,10.3,13.08,11.16,,11.47,3,Equity: Thematic,90.6914,-1.35,0.96,10.97,16.49,0.32,0.4,Anuj Bansal,0,0,0,0,100,65.35,14.41,18.18,7.72,46.45,0.5% for redemption within 30 days,97.94,2.06,0,0,0,,1.81,0,0,0,0,0,2.06,11.02,46.4,-0.27,69.62,85.7
Sundaram Corporate Bond Fund Reg (G),Sundaram Mutual Fund,617,29-12-2004,0.04,-0.12,0.08,0.15,0.51,2.85,4.39,6.03,6.75,5.81,6.46,6.6,7.26,7.02,,6.88,3,Debt: Corporate Bond,42.5544,0,0,6.65,1.51,0.63,1.1,Kumaresh Ramakrishnan,3.36,2.55,7.26,0,250,0,0,0,0,0,0,0,99.5,0,0,0.5,,0.47,7.31,0,1.62,79.59,0,10.98,0.7,29.42,-0.68,176.62,75.99
SUNDARAM DIVIDEND YIELD FUND REG (G),Sundaram Mutual Fund,807,15-10-2004,-0.06,-2.52,-1.23,-4.33,-3.32,0.44,-6.3,-7.52,7.26,,,,,,,12.2,0,Equity: Dividend Yield,125.3502,-1.3,0.9,10.61,14.24,0.35,0.48,Siddarth Mohta,0,0,0,0,0,70.2,15.4,10.44,2.36,16.32,"For units in excess of 24% of the investment, 1% will be charged for redemption within 365 days",96.04,3.96,0,0,0,,2,0,0,0,0,0,3.96,12.02,44.31,-0.56,88.63,93.8
Sundaram ELSS Tax Saver Fund Reg (G),Sundaram Mutual Fund,1285,31-03-1996,-0.14,-3.18,-0.95,-5.21,-4.12,4.81,-6.47,-4.8,6.82,7.76,13.18,11.36,14.22,10.13,16.83,14.23,2,Equity: ELSS,471.9768,-2.06,0.91,9.9,14.13,0.3,0.37,Bharath S,0,0,0,0,0,62.56,15.73,19.69,3.06,23.17,0,97.98,2.02,0,0,0,,1.85,0,0,0,0,0,2.02,11.47,43.77,-0.92,90.31,95.33
Sundaram Equity Savings Fund Reg (G),Sundaram Mutual Fund,1002,23-05-2002,0.05,-1.91,-0.94,-2.62,-0.99,3.32,-0.76,0.9,6.72,7.17,9.84,0,0,0,,9.21,3,Hybrid: Equity Savings,69.9017,0,0,8.04,6,0.39,0.49,Clyton Richard Fernandes,3.01,2.32,6,0,0,28.82,4.29,3.93,3.07,23.82,0.5% for redemption within 7 days,37.04,61.43,0,0,1.53,,1.92,21.52,0,0,14.32,0,27.18,4.66,41.33,0.22,-51.35,83.4
Sundaram Financial Services Opp Reg (G),Sundaram Mutual Fund,1722,16-06-2008,0.46,-4.46,-2.6,-6.31,-4.47,10.96,3.47,0.83,9.8,11.39,13.14,12.54,12.88,,,13.62,4,Equity: Sectoral,103.6227,2.25,1.01,14.18,16.56,0.51,0.68,Rohit Seksaria,0,0,0,0,100,58.21,9.75,29.61,1.79,14.3,0,97.57,2.43,0,0,0,,1.79,1,0,0,0,0,1.43,14.34,45.59,0.36,111.13,100.43
Sundaram Flexi Cap Fund Reg (G),Sundaram Mutual Fund,1963,06-09-2022,-0.14,-3.23,-0.95,-5.27,-4.18,4.68,-6.51,-4.77,6.33,,,,,,,7.97,2,Equity: Flexi Cap,13.6632,-2.27,0.91,9.73,14.27,0.28,0.36,Bharath S,0,0,0,100,100,62.88,16.05,19.83,3.07,23.2,"For units in excess of 25% of the investment, 1% will be charged for redemption within 365 days",98.76,1.24,0,0,0,,1.76,0,0,0,0,0,1.24,11.48,43.9,-0.9,90.99,95.81
Sundaram Focused Fund Reg (G),Sundaram Mutual Fund,1097,11-11-2005,0.03,-2.18,-0.94,-5.54,-0.47,12.68,1.71,-2.88,8.63,8.08,13.91,12.13,13.17,12.44,,14.2,2,Equity: Focused,160.2181,0.33,0.8,11.57,12.92,0.45,0.55,Ashwin Jain,0,0,0,0,0,58.03,6.45,28.85,3.88,28.97,0.25% for redemption within 7 days,93.33,6.67,0,0,0,,1.89,0,0,0,0,0,6.67,11.54,46.48,-0.28,87.63,92.42
Sundaram Global Brand Theme-Equity Active FOF Reg (G),Sundaram Mutual Fund,174,29-03-2004,0,-0.23,-1.72,-2.64,3.64,14.45,14.04,17.2,18.69,11.94,14.55,11.72,10.12,,,7.94,0,Equity: Global,43.0835,0,0,17.89,13.6,0.9,1.23,Shalav Saket,0,0,0,0,100,0,0,0,0,0,"For units in excess of 25% of the investment, 1% will be charged for redemption within 365 days",0,2.35,0,97.65,0,,2.08,0,0,0,0,0,100,10.97,43.11,0.28,-22.62,41.1
Sundaram Income Plus Arbitrage Active FoF (G),Sundaram Mutual Fund,69,12-01-2026,0,-0.13,0.09,0.29,0.96,2.89,,,,,,,,,,3.89,0,Hybrid: Fof Domestic Income Plus Arbitrage,10.3886,0,0,0,0,0,0,Kumaresh Ramakrishnan,0,0,0,0,0,0,0,0,0,0,0,0,100,0,0,0,,0.59,0,0,0,0,96.53,3.47,,,,,
Sundaram Infrastucture Advantage Fund Reg (G),Sundaram Mutual Fund,971,29-09-2005,0.05,-2.95,-0.97,-4.71,-6.8,7.14,2.74,-1.57,13.72,14.24,17.44,13.67,11.44,9.79,,11.4,3,Equity: Sectoral,96.6045,2.64,0.61,17.11,17.99,0.63,0.96,Siddarth Mohta,0,0,0,0,100,60.96,14.97,21.96,3.62,27.11,0.5% for redemption within 30 days,97.89,2.11,0,0,0,,1.93,0,0,0,0,0,2.11,15.41,43.42,0.66,110.88,97.68
Sundaram Large and Mid cap Fund (G),Sundaram Mutual Fund,7544,27-02-2007,0.4,-4.18,-1.94,-6.49,0.39,16.69,5.76,0.23,12.26,10.35,14.2,13.67,13.85,,,11.83,2,Equity: Large & Mid Cap,89.2745,3.61,1.02,15.88,15.95,0.64,0.72,Madanagopal Ramu,0,0,0,0,100,36.82,36.69,23.79,5.12,37.72,"For units in excess of 25% of the investment, 1% will be charged for redemption within 365 days",97.3,2.7,0,0,0,,1.54,0,0,0,0,0,2.7,12.97,42.33,0.27,105.82,96.4
Sundaram Large Cap Fund Reg (G),Sundaram Mutual Fund,3056,30-07-2002,0.19,-2.3,-0.89,-5.43,-3.35,4.77,-4.28,-5.49,5.43,5.87,,,,,,12.17,2,Equity: Large Cap,19.8795,-1.8,0.87,8.61,12.63,0.23,0.29,Ashwin Jain,0,0,0,100,100,80.04,9.44,8.47,3.26,22.96,"For units in excess of 25% of the investment, 1% will be charged for redemption within 365 days",97.95,2.05,0,0,0,,1.67,0,0,0,0,0,2.05,11.05,48.1,-0.86,88.73,95.86
Sundaram Liquid Fund Reg (G),Sundaram Mutual Fund,9094,30-08-2004,0.02,0.08,0.21,0.46,1.57,3.39,6.33,6.53,6.78,6.24,5.51,4.98,3,4.03,,4.2,2,Debt: Liquid,2483.3973,0,0,6.62,0.22,4.3,8.91,Kumaresh Ramakrishnan,0.1,0.1,6.23,0,0,0,0,0,0,0,Exit load of 0.0070% if redeemed within 1 day. 0.0065% if redeemed within 2 days. 0.0060% if redeemed within 3 days. 0.0055% if redeemed within 4 days. 0.0050% if redeemed within 5 days. 0.0045% if redeemed within 6 days.,0,99.8,0,0,0.2,,0.31,8.83,0,0,75.43,0,15.54,0,0,3.27,0,0
Sundaram Medium Term Fund Reg (G),Sundaram Mutual Fund,33,18-12-1997,0.04,-0.22,0.01,-0.23,-0.14,1.91,2.77,4.19,5.05,3.91,4.17,4.76,6.09,5.97,6.13,6.7,1,Debt: Medium Duration,71.4451,0,0,5.07,1.58,-0.4,-0.62,Kumaresh Ramakrishnan,3.76,3.03,7.11,0,250,0,0,0,0,0,0,0,99.59,0,0,0.41,,1.63,40.46,0,9.17,36.73,0,13.23,0.91,36.74,-2.48,169.65,81.6
Sundaram Mid cap Fund Reg (G),Sundaram Mutual Fund,14863,30-07-2002,-0.22,-4.78,-2.59,-7.43,-3.49,11.57,3.54,-0.58,15.54,14.93,18.03,13.19,16.59,15.23,,22.69,4,Equity: Mid Cap,1414.8843,2.54,0.95,19.39,17.17,0.8,0.95,Bharath S,0,0,0,0,100,13.97,66.66,16.07,4.5,37.8,"For units in excess of 25% of the investment, 1% will be charged for redemption within 365 days",96.7,3.3,0,0,0,,1.44,0,0,0,0,1.07,2.23,13.93,42.74,0.39,103.06,92.01
Sundaram Money Market Fund (G),Sundaram Mutual Fund,1719,26-09-2018,0.04,0.09,0.24,0.51,1.6,3.56,6.33,7,7.13,6.42,5.93,,,,,6.19,3,Debt: Money Market,16.2206,0,0,6.93,0.55,2.25,3.37,Kumaresh Ramakrishnan,0.47,0.47,6.69,0,0,0,0,0,0,0,0,0,99.71,0,0,0.29,,0.32,6.52,0,0,92.61,0,0.58,0.13,5.38,1.85,96.38,100
Sundaram Multi Asset Allocation Fund Reg (G),Sundaram Mutual Fund,3314,25-01-2024,0.01,-3.78,-2.2,-6.03,-1.64,3.66,1.37,4.01,,,,,,,,9.41,0,Hybrid: Multi Asset,12.7269,0,0,0,0,0,0,Rohit Seksaria,3.49,2.93,6.29,100,100,36.44,15.33,13.84,4.05,30.57,"For units in excess of 30% of the investment, 1% will be charged for redemption within 365 days",65.61,13.75,20.64,0,0,,1.57,10.45,0,0,0,0,3.31,0,0,,0,0
Sundaram Multi Cap Fund Reg (G),Sundaram Mutual Fund,3070,25-10-2000,-0.13,-4.36,-2.08,-5.82,-0.9,12.74,-0.53,-2.5,10.54,10.23,15.65,13.19,15.4,11.15,17.02,14.99,2,Equity: Multi Cap,376.477,2.74,0.92,14.1,15.78,0.53,0.68,Rohit Seksaria,0,0,0,0,0,35.52,27.73,34.33,3.32,26.28,"For units in excess of 25% of the investment, 1% will be charged for redemption within 365 days",97.58,2.42,0,0,0,,1.67,0,0,0,0,0,2.42,12.43,42.95,-0.11,96.36,94.24
Sundaram Multi Factor Fund (G),Sundaram Mutual Fund,871,22-07-2025,0.08,-3.43,-1.68,-6.09,-4.28,2.62,-6.69,,,,,,,,,-5.73,0,Equity: Thematic,9.2904,0,0,0,0,0,0,Bharath S,0,0,0,100,100,58.34,39.64,0.81,2.98,18.7,1% for redemption within 365 days,98.79,1.21,0,0,0,,1.97,0,0,0,0,0,1.21,0,0,,0,0
Sundaram Nifty 100 Equal Weight Fund Reg (G),Sundaram Mutual Fund,147,27-07-1999,-0.13,-3.73,-1.41,-6.03,-3.47,10.37,0.28,-3.41,12.1,9.6,14.28,11.36,11.55,9.97,13.71,10.99,4,Equity: Index,174.8296,4.05,1.1,15.74,16.46,0.61,0.79,Rohit Seksaria,0,0,0,0,0,88.33,10.85,0,3.17,20.09,0,99.18,0.82,0,0,0,,0.9,0,0,0,0,0,0.82,13.28,42.01,-2.36,109.76,98.52
Sundaram Overnight Fund (G),Sundaram Mutual Fund,1335,20-03-2019,0.01,0.09,0.2,0.39,1.24,2.53,5.12,5.57,5.93,5.61,4.97,,,,,5.11,3,Debt: Overnight,1456.3976,0,0,5.83,0.2,0.67,1.42,Kumaresh Ramakrishnan,0.01,0,5.3,0,1000,0,0,0,0,0,0,0,100,0,0,0,,0.14,5.61,0,0,11.23,0,83.16,0,0,-1.31,0,0
Sundaram Services Fund (G),Sundaram Mutual Fund,5262,21-09-2018,0,-4.34,-1.81,-5.26,-0.16,16.05,1.88,1,11.84,11.12,17.17,,,,,16.8,0,Equity: Thematic,35.12,2.76,0.92,14.83,14.99,0.61,0.86,Rohit Seksaria,0,0,0,0,100,50.67,15.21,30.45,3.2,25.94,"For units in excess of 25% of the investment, 1% will be charged for redemption within 365 days",95.55,3.67,0,0.78,0,,1.59,0.91,0,0,0,0,2.76,12.05,41.66,0.92,95.08,92.66
Sundaram Short Term Fund Reg (G),Sundaram Mutual Fund,178,04-09-2002,0.06,-0.06,0.14,0.23,0.79,2.91,4.93,6.17,6.82,,,,,,,6.84,4,Debt: Short Duration,47.1294,0,0,6.67,1.23,0.79,1.37,Kumaresh Ramakrishnan,1.98,1.77,7.12,0,0,0,0,0,0,0,0,0,99.63,0,0,0.37,,0.69,13.95,0,8.44,71.11,0,6.13,0.51,27.86,0.6,97.37,100
Sundaram Small Cap Fund Reg (G),Sundaram Mutual Fund,4155,15-02-2005,0.15,-2.95,-0.49,-2.53,2.04,28.94,14.7,3.79,14.84,14.89,21.7,14.1,16.85,15.22,,16.88,4,Equity: Small Cap,291.9682,3.13,0.87,17.56,19.47,0.61,0.92,Rohit Seksaria,0,0,0,0,100,9.65,5.11,81.13,3.25,28.45,"For units in excess of 25% of the investment, 1% will be charged for redemption within 365 days",95.89,4.11,0,0,0,,1.63,0.74,0,0,0,0,3.37,14.56,41.66,0.03,92.34,89.54
Sundaram Ultra Short Term Fund Reg (G),Sundaram Mutual Fund,2416,28-12-2007,0.04,0.06,0.18,0.41,1.33,2.99,5.27,5.77,5.95,5.36,4.88,4.85,6.3,,,5.76,1,Debt: Ultra Short Duration,2864.9176,0,0,5.82,0.41,0.31,0.43,Kumaresh Ramakrishnan,0.44,0.43,6.58,0,0,0,0,0,0,0,0,0,99.71,0,0,0.29,,1.25,6.35,0,3.47,89.78,0,0.11,0.08,5.38,-0.33,100.41,100
Sundaram Ultra Short to Short Term Fund Reg (G),Sundaram Mutual Fund,446,14-09-2004,0.04,0.02,0.17,0.38,1.24,3.01,5.18,6.17,6.5,5.85,5.5,4.03,5.64,6.11,,6.09,1,Debt: Low Duration,3696.871,0,0,6.35,0.64,1.03,1.35,Kumaresh Ramakrishnan,0.73,0.69,6.64,0,0,0,0,0,0,0,0,0,99.69,0,0,0.31,,0.99,7.09,0,3.65,80.99,0,7.96,0.18,9.38,0.67,98.49,100
Sundaram Value Fund Reg (G),Sundaram Mutual Fund,1284,22-11-1999,-0.16,-3.1,-1.24,-4.8,-4.41,3.78,-7.19,-5.61,5.2,6.56,10.7,9.18,11.64,11.25,,11.83,0,Equity: Value,201.7042,-3.92,0.91,8.09,14.27,0.17,0.2,Bharath S,0,0,0,0,250,59.23,13.79,24.8,2.39,17.7,"For units in excess of 25% of the investment, 1% will be charged for redemption within 365 days",97.82,2.18,0,0,0,,1.85,0,0,0,0,0,2.18,11.33,44.91,-1.37,87.07,95.67
Tata Aggressive Hybrid Fund Reg (G),Tata Mutual Fund,4069,08-10-1995,0.06,-2.79,-1.39,-4.86,-3.65,5.78,-2.43,-3.42,6.35,6.74,10.2,8.48,11.76,11.9,16.05,13.85,2,Hybrid: Aggressive,420.6221,0,0,8.96,11.72,0.28,0.33,Satish Chandra Mishra,4.61,2.82,7.65,1000,100,56.09,11.3,6.8,3.39,25.52,0.5% for redemption within 30 days,74.19,25.81,0,0,0,,1.61,9.4,1.26,2.15,6.47,1.39,5.14,9.05,44.5,0.12,86.2,95.26
Tata Arbitrage Fund (G),Tata Mutual Fund,24950,18-12-2018,0.27,0.06,0.27,0.47,1.45,2.8,6.01,6.29,6.64,6.03,5.63,,,,,5.7,4,Hybrid: Arbitrage,15.4216,0,0,6.51,0.5,1.63,2,Sailesh Jain,0.42,0.42,6.83,0,150,0,0,0,2.28,15.46,0.25% for redemption within 15 days,0,100,0,0,0,,0.91,0,0,0.3,19.96,12.73,1.03,0,0,-1.67,0,0
Tata Balanced Advantage Fund (G),Tata Mutual Fund,8539,28-01-2019,-0.18,-3.08,-1.62,-4.33,-4.13,3.9,-0.75,-1.12,6.1,6.8,9.73,,,,,9.47,3,Hybrid: Balanced Advantage,20.1264,0,0,8.26,8.36,0.31,0.37,Rahul Singh,7.45,4.09,7.63,0,100,44.67,10.58,10.97,3.22,25.29,0.5% for redemption within 30 days,66.22,32.56,0.2,0,1.02,,1.51,16.91,0.68,3.73,7.21,0,5.05,6.34,43.63,0.08,40.44,86.13
Tata Banking and Financial Services Fund Reg (G),Tata Mutual Fund,3301,28-12-2015,0.34,-5.21,-3.16,-7.71,-4.79,8.11,-0.76,1.57,8.67,9.66,11.25,12.36,,,,14.2,3,Equity: Sectoral,41.7587,1.08,0.97,12.76,15.75,0.45,0.62,Kapil Malhotra,0,0,0,1000,100,58.83,18.23,22.67,2.48,19.56,0.25% for redemption within 30 days,99.73,0.27,0,0,0,,1.65,0,0,0,0,0,0.27,13.37,43.77,0.14,99.2,97
Tata BSE Multicap Consumption 50:30:20 Index Fund (G),Tata Mutual Fund,42,29-12-2025,-0.16,-3.62,-1.4,-6.47,-2,10.93,,,,,,,,,,-7.53,0,Equity: Index,9.2469,0,0,0,0,0,0,Nitin Bharat Sharma,0,0,0,0,0,45.89,32.14,21.98,6.5,31.38,0.25% for redemption within 15 days,100,0,0,0,0,,0.9,0,0,0,0,0,0,,,,,
Tata BSE Quality Index Fund Reg (G),Tata Mutual Fund,57,03-04-2025,-0.16,-3.55,-2.21,-7.02,-6,5.25,-2.62,,,,,,,,,3.8,0,Equity: Index,10.5909,0,0,0,0,0,0,Nitin Bharat Sharma,0,0,0,1000,100,52.68,44.28,2.92,8.63,23.64,0.25% for redemption within 15 days,99.88,0.12,0,0,0,,0.9,0,0,0,0,0,0.12,0,0,,0,0
Tata BSE Select Business Groups Index Fund Reg (G),Tata Mutual Fund,225,12-12-2024,-0.22,-3.89,-2.58,-6.49,-5.24,4.5,-2.66,,,,,,,,,-2.86,0,Equity: Index,9.4909,0,0,0,0,0,0,Nitin Bharat Sharma,0,0,0,1000,100,96.26,3.72,0,3.52,20.13,0.25% for redemption within 15 days,99.98,0.02,0,0,0,,0.9,0,0,0,0,0,0.02,0,0,,0,0
TATA BSE Sensex Index Fund Regular Plan,Tata Mutual Fund,387,25-02-2003,-0.07,-3.15,-2.08,-5.84,-5.09,1.24,-9.31,-6.82,3.77,4.74,9.72,10.42,10.65,9.14,,13.79,1,Equity: Index,182.8464,-3.62,0.93,7.12,13.5,0.11,0.14,Nitin Bharat Sharma,0,0,0,1000,150,99.93,0,0,3.24,22.08,0.25% for redemption within 7 days,99.93,0.07,0,0,0,,0.51,0,0,0,0,0,0.07,11.28,47.9,-1.78,97.02,100.77
Tata Business Cycle Fund Reg (G),Tata Mutual Fund,2602,04-08-2021,-0.55,-5.46,-2.38,-6.19,-4.94,9.77,-1.71,-6.13,8.55,11.58,,,,,,12.14,0,Equity: Thematic,18.0587,0.15,0.98,12.62,15.28,0.45,0.61,Hasmukh Vishariya,0,0,0,1000,100,44.29,23.5,29.55,3.28,30.32,0.5% for redemption within 30 days,97.34,2.66,0,0,0,,1.69,0,0,0,0,0,2.66,13.17,43.22,-0.12,99.82,97.07
Tata Childrens Fund Reg (G),Tata Mutual Fund,331,14-10-1995,0.15,-3.42,-1.81,-5.34,-6.03,4.11,-11,-9.81,2.89,5.01,11.09,8.87,10.2,8.65,10.73,9.92,1,Solution: Children Equity,52.9759,-6.34,0.97,6.07,15.14,0.03,0.03,Rahul Singh,0,0,0,500,500,44.62,16.25,37.7,2.57,18.48,For Redemption or switch out of units before the attainment of retirement age i.e 18 years.,98.57,1.43,0,0,0,,2.08,0,0,0,0,0,1.43,11.03,45.86,-0.4,106.9,105.55
Tata Corporate Bond Fund Reg (G),Tata Mutual Fund,2805,01-12-2021,0.05,-0.17,0.06,0.14,0.31,2.85,4.37,5.83,6.63,,,,,,,5.7,2,Debt: Corporate Bond,13.0746,0,0,6.55,1.69,0.51,0.8,Puja Kasat,4.38,2.8,7.83,1000,150,0,0,0,0,0,0,0,96.25,3.33,0,0.42,,0.74,10.22,0,12.22,69.53,0,4.28,0.77,29.3,-0.81,174.11,76.98
Tata CRISIL-IBX Financial Services 3-6 Months Debt Index Fund (G),Tata Mutual Fund,,,0.05,0.13,0.13,,,,,,,,,,,,,0.13,,Debt: Ultra Short Duration,10.0128,,,,,,,,,,,0,0,,,,,,,0,100,0,0,0,,,,,,,,,,,,,
Tata CRISIL-IBX Gilt Index April 2026 Index Fund Reg (G),Tata Mutual Fund,0,30-09-2022,0,0,0.01,0.25,1.12,2.49,6.18,6.83,7.13,,,,,,,7,0,Debt: Medium Duration,12.5644,1.9,0.71,6.73,0.81,0.71,1.16,,0.27,0.27,5.52,1000,500,0,0,0,0,0,,0,100,0,0,0,,0,97.91,0,0,0,0,2.09,0.23,12.92,-0.91,155.82,76.82
Tata Digital India Fund Reg Plan (G),Tata Mutual Fund,10322,28-12-2015,-0.14,-4.76,-5.84,-9.62,2.74,3.25,-13.5,-13.9,2.19,0.8,14.39,15.23,,,,13.35,0,Equity: Sectoral,38.5466,5.11,0.86,8.32,20.92,0.13,0.18,Hasmukh Vishariya,0,0,0,1000,100,59.46,18.22,19.11,5.28,27,0.25% for redemption within 30 days,96.79,3.21,0,0,0,,1.49,0,0,0,0,0,3.21,15.12,50.81,0.42,94.46,99.6
Tata Dividend Yield Fund Reg (G),Tata Mutual Fund,1156,20-05-2021,0.36,-3.93,-1.34,-4.97,-2.29,14.02,7.28,0.3,11.31,11.24,,,,,,12.74,0,Equity: Dividend Yield,19.037,2.02,1.03,14.86,16.31,0.56,0.77,Hasmukh Vishariya,0,0,0,0,0,51.08,21.06,22.4,3.51,24.35,0.5% for redemption within 30 days,94.54,5.46,0,0,0,,1.87,0,0,0,0,0.33,5.13,14.45,42.14,0.43,107.38,98.32
Tata ELSS Fund Reg (G),Tata Mutual Fund,4747,31-03-1996,-0.24,-4.74,-2.59,-6.44,-2.56,10.53,2.49,-1.99,10.34,10.09,13.67,12.37,,,,13.35,4,Equity: ELSS,44.8227,1.06,0.99,13.61,15.49,0.51,0.66,Sailesh Jain,0,0,0,500,500,57.07,16.54,22.65,3.4,23.77,0,96.26,3.74,0,0,0,,1.6,0,0,0,0,0,3.74,12.81,43.09,0.17,101,96.59
Tata Equity Savings Fund Reg (G),Tata Mutual Fund,285,26-04-1997,0,0,0.06,-0.1,-0.24,1.93,6.87,7.31,9.95,8.08,8.5,7.93,7.73,7.28,,7.39,0,Hybrid: Equity Savings,56.3583,1.38,0.45,9.61,3.38,1.02,1.76,Tapan Patel,3.33,2.59,6.01,1000,100,16.68,1.65,0.3,2.66,12.74,0.25% for redemption within 7 days,18.62,81.37,0,0,0.01,,1.14,38.5,0,0,0,13.24,29.63,3.06,40.89,0.43,101.7,96.54
Tata Ethical Fund Reg (G),Tata Mutual Fund,3861,24-05-1996,-0.19,-3.04,-2.49,-6.88,-2.22,2.27,-8.78,-11.18,2.52,4.19,11.68,9.71,12.15,11.01,0,16.92,0,Equity: Thematic,342.3126,-6.1,0.9,5.82,14.71,0.01,0.01,Abhinav Sharma,0,0,0,1000,100,54.91,27.48,13.48,4.02,27.31,0.5% for redemption within 90 days,95.87,3.74,0.39,0,0,,1.62,0,0,0,0,0,3.74,11.24,46,-1.22,66.41,89.07
Tata Flexi Cap Fund (G),Tata Mutual Fund,3663,06-09-2018,-0.04,-3.43,-1.73,-5.15,-4.03,4.1,-6.88,-4.26,7.38,6.75,10.97,,,,,10.45,3,Equity: Flexi Cap,22.4337,-1.27,0.86,10.36,13.53,0.35,0.48,Anand V Sharma,0,0,0,0,100,59.43,14.05,21.47,2.79,22.2,0.5% for redemption within 30 days,94.95,5.05,0,0,0,,1.63,0,0,0,0,0,5.05,11.26,44.72,-0.65,81.2,90.91
Tata Floating Rate Fund Reg (G),Tata Mutual Fund,114,07-07-2021,0.05,-0.07,0.11,0.3,0.98,2.95,5.81,6.7,6.94,6.28,,,,,,6.17,2,Debt: Floater,13.681,0,0,6.81,1.21,0.93,1.51,Akhil Mittal,1.77,1.35,7.38,1000,150,0,0,0,0,0,0,0,99.27,0,0,0.73,,0.62,22.19,0,12.28,57.91,0,6.89,0.43,18.16,0.1,192.64,70.62
Tata Focused Fund Reg (G),Tata Mutual Fund,1755,05-12-2019,-0.55,-3.63,-1.9,-6.73,-5.94,4.13,-6.94,-7.45,6.61,7.31,,,,,,11.83,3,Equity: Focused,21.4436,-0.82,0.91,10.56,14.52,0.34,0.41,Anand V Sharma,0,0,0,0,100,69.08,11.95,13.44,3.11,23.48,0.5% for redemption within 30 days,94.47,5.53,0,0,0,,1.77,0,0,0,0,0,5.53,13,45.12,-0.56,96.98,97.68
TATA Gilt Fund (G),Tata Mutual Fund,788,06-09-1999,-0.07,-1.13,-0.5,-1.18,-1.71,4.06,1.44,3.23,5.11,4.7,5,5.4,6.97,6.44,7.2,7.88,3,Debt: Gilt Fund,79.1049,0,0,5.49,4.42,-0.05,-0.06,Akhil Mittal,24.84,10.52,7.44,1000,500,0,0,0,0,0,0,0,100,0,0,0,,1.18,97.05,0,0,0,0,2.95,2.79,41.6,-0.48,108.99,99.75
Tata Gold E T F FoF Reg (G),Tata Mutual Fund,1540,19-01-2024,0.77,-2.53,-1.54,-4.48,4.7,0.73,25.15,36.8,,,,,,,,34.59,2,Commodity: Gold,22.2905,0,0,0,0,0,0,Tapan Patel,0,0,0,1000,150,0,0,0,0,0,0.5% for redemption within 7 days,0,0.07,99.93,0,0,,0.57,0,0,0,0,0,0.07,0,0,,0,0
Tata Housing Opportunities Fund Reg (G),Tata Mutual Fund,478,02-09-2022,0.19,-3.16,-0.67,-4.39,-4.12,12.21,-3.81,-8.49,5.16,,,,,,,9,0,Equity: Thematic,14.2108,-3.88,1.16,8.39,18.77,0.14,0.19,Aditya Bagul,0,0,0,1000,100,56.19,16.59,21.75,2.79,21.87,1% for redemption within 30 days,94.53,5.47,0,0,0,,2.09,0,0,0,0,0,5.47,14.34,44.85,-0.12,93.41,99.07
Tata Income Plus Arbitrage Active FoF Reg (G),Tata Mutual Fund,272,22-05-2025,0.14,-0.08,0.14,0.27,0.77,2.85,5.06,,,,,,,,,4.59,0,Hybrid: Fof Domestic Income Plus Arbitrage,10.6505,0,0,0,0,0,0,Murthy Nagarajan,4.38,2.8,7.83,5000,500,0,0,0,0,0,0.25% for redemption within 30 days,0,100,0,0,0,,0.54,0,0,0,0,99.97,0.03,0,0,,0,0
Tata India Consumer Fund Reg Plan (G),Tata Mutual Fund,2901,28-12-2015,-0.63,-4.23,-1.73,-6.11,-0.09,18.9,2.41,-2.64,12.08,11.42,14.84,14.74,,,,15.14,5,Equity: Thematic,45.6073,2.83,0.98,15.38,16.93,0.57,0.77,Sonam Udasi,0,0,0,1000,100,49.49,19.51,25.57,8.57,52.69,0.25% for redemption within 30 days,94.57,5.43,0,0,0,,1.67,0,0,0,0,0,5.43,11.84,45.12,0.17,65.28,79.88
Tata India Innovation Fund Reg (G),Tata Mutual Fund,1346,28-11-2024,-0.32,-3.97,-1.9,-5.08,-0.37,16.88,0.99,,,,,,,,,-1.23,0,Equity: Thematic,9.7694,0,0,0,0,0,0,Hasmukh Vishariya,0,0,0,1000,100,44.86,13.77,34.38,3.74,29.29,0.5% for redemption within 30 days,93.01,6.99,0,0,0,,1.83,0,0,0,0,0,6.99,0,0,,0,0
Tata India Pharma & HealthCare Fund Reg Plan (G),Tata Mutual Fund,1565,28-12-2015,-2.03,-3.5,-1.57,-4.46,0.12,15.19,7.91,1.92,16.76,12.64,20.4,13,,,,11.53,2,Equity: Sectoral,32.3705,-2.81,0.99,19.26,16.35,0.83,1.25,Rajat Srivastava,0,0,0,1000,100,23.29,36.13,40.07,5.93,43.9,0.25% for redemption within 30 days,99.49,0.51,0,0,0,,1.8,0,0,0,0,0,0.51,11.05,44.72,-0.41,44.96,67.28
Tata Infrastructure Fund (G),Tata Mutual Fund,2022,31-12-2004,0.52,-2.45,1.54,-1.38,-4.1,16.41,4.36,-6.38,11.05,14.63,18.05,13.94,13.17,11.27,,14.11,2,Equity: Sectoral,175.7365,-2.68,0.71,13.64,20.52,0.39,0.63,Abhinav Sharma,0,0,0,1000,100,44.16,13.28,37.81,3.32,29.19,0.25% for redemption within 30 days,95.25,4.75,0,0,0,,1.75,0,0,0,0,0,4.75,16.53,43.83,-0.33,104.97,98.96
Tata Large & Mid cap Fund (G),Tata Mutual Fund,7679,31-03-1993,-0.23,-4.66,-1.42,-4.64,-4.65,9.29,-7.1,-7.74,4.79,7.52,12.37,11.02,13.27,11.75,0,19.24,1,Equity: Large & Mid Cap,472.8268,-4.58,1.05,8.09,16.07,0.15,0.19,Chandraprakash Padiyar,0,0,0,1000,100,38.35,37.17,19.01,2.78,21.23,0.5% for redemption within 30 days,94.53,5.47,0,0,0,,1.52,0,0,0,0,0,5.47,12.58,44.1,-1.69,85.02,95.05
Tata Large Cap Fund Reg (G),Tata Mutual Fund,2765,07-05-1998,-0.06,-4.17,-2.63,-6.86,-4.97,5.53,-4.39,-4.46,7.87,7.43,11.65,10.43,11.79,11.4,17.77,16.66,3,Equity: Large Cap,477.0155,0.41,1.01,11.63,14.61,0.41,0.51,Abhinav Sharma,0,0,0,1000,100,87.17,5.54,4.84,3.52,24.15,0.5% for redemption within 30 days,97.55,2.45,0,0,0,,1.68,0,0,0,0,0,2.45,12.11,44.5,0.18,100.79,98.15
Tata Liquid Fund (G),Tata Mutual Fund,32370,01-09-2004,0.02,0.08,0.21,0.47,1.51,3.34,6.36,6.59,6.83,6.25,5.61,6.02,7,7.09,,6.98,3,Debt: Liquid,4436.7125,0,0,6.66,0.2,4.83,9.58,Harsh Dave,0.1,0.1,6.19,1000,500,0,0,0,0,0,Exit load of 0.0070% if redeemed within 1 day. 0.0065% if redeemed within 2 days. 0.0060% if redeemed within 3 days. 0.0055% if redeemed within 4 days. 0.0050% if redeemed within 5 days. 0.0045% if redeemed within 6 days.,0,99.79,0,0,0.21,,0.29,19.05,0,0,75.74,0,5,0,0,3.65,0,0
Tata Mid cap Fund Reg (G),Tata Mutual Fund,6240,01-07-1994,0.01,-4.87,-2.18,-6.8,-2.82,10.79,3.51,-1.88,12.15,12.87,18.09,14.71,17.3,14.93,0,19.51,3,Equity: Mid Cap,439.7252,-0.77,0.9,15.69,16.27,0.61,0.77,Satish Chandra Mishra,0,0,0,1000,100,19.36,72.88,6.57,4.35,37.24,0.5% for redemption within 30 days,98.81,1.19,0,0,0,,1.55,0,0,0,0,0,1.19,14.1,41.79,-0.63,94.93,91.96
Tata Money Market Fund (G),Tata Mutual Fund,34511,21-05-2003,0.04,0.08,0.22,0.5,1.59,3.54,6.37,7.04,7.24,6.6,6.28,5.85,6.85,6.96,,6.75,5,Debt: Money Market,5111.0458,0,0,7.05,0.52,2.58,3.65,Amit Somani,0.41,0.41,6.74,1000,500,0,0,0,0,0,0,0,99.7,0,0,0.3,,0.37,14.72,0,0,83.66,0,1.32,0.12,5.21,2.18,96.01,100
Tata Multi Asset Allocation Fund Reg (G),Tata Mutual Fund,5242,04-03-2020,0,-3.59,-1.98,-4.3,-2.95,5.18,2.34,3.19,10.62,10.05,,,,,,14.44,2,Hybrid: Multi Asset,24.449,0,0,12.59,9.47,0.73,0.86,Sailesh Jain,2.22,1.72,7.84,0,100,39.72,9.71,14.36,2.85,19.7,0.5% for redemption within 30 days,63.79,22.5,10.61,0,3.1,,1.57,5.43,1.07,1.56,2.54,0,7.44,7.91,41.73,1.16,38.32,69.84
Tata Multi Sector Passive FoF (G),Tata Mutual Fund,83,09-07-2026,0.01,-3.52,-0.74,-5.46,0,,,,,,,,,,,-5.47,0,Others: FoFs Domestic,9.4531,0,0,0,0,0,0,Nikunj Kumar Singhal,0,0,0,0,0,0,0,99.87,0,0,0.5% for redemption within 30 days,99.87,0.13,0,0,0,,0.51,0,0,0,0,0,0.13,,,,,
Tata Multicap Fund Reg (G),Tata Mutual Fund,3576,02-02-2023,-0.36,-3.28,-1.46,-5.38,-4.12,12.73,4.06,-2.62,7.66,,,,,,,11.02,1,Equity: Multi Cap,14.6617,-0.56,0.91,10.83,15.54,0.33,0.42,Hasmukh Vishariya,0,0,0,1000,200,40.1,27.75,28.13,3.01,21.66,0.5% for redemption within 30 days,95.98,4.02,0,0,0,,1.64,0,0,0,0,0,4.02,13.81,42.41,-0.99,97.12,97.66
Tata Nifty 50 Index Fund Regular Plan,Tata Mutual Fund,1707,25-02-2003,-0.42,-3.51,-2.15,-6.04,-5.01,1.86,-7.61,-5.86,5.38,5.74,10.67,10.66,11.02,9.65,,13.56,2,Equity: Index,141.4425,-2.04,0.95,8.91,13.6,0.24,0.31,Nitin Bharat Sharma,0,0,0,1000,150,98.64,1.34,0,3.1,20.1,0.25% for redemption within 7 days,99.98,0.02,0,0,0,,0.45,0,0,0,0,0,0.02,11.26,47.76,-10.61,99.36,100.06
Tata Nifty Auto Index Fund Reg (G),Tata Mutual Fund,109,26-04-2024,0.47,-3.15,-1.72,-8.87,-0.34,11,-1.03,-1.53,,,,,,,,7.1,0,Equity: Index,11.8146,0,0,0,0,0,0,Nitin Bharat Sharma,0,0,0,1000,100,74.2,24.06,1.62,4.9,16.74,0.25% for redemption within 15 days,99.88,0.12,0,0,0,,0.9,0,0,0,0,0,0.12,0,0,,0,0
Tata Nifty Capital Markets Index Fund Reg (G),Tata Mutual Fund,980,24-10-2024,0.01,-5.06,-3.11,-7.21,-6.53,19.56,22.19,,,,,,,,,17.67,0,Equity: Index,13.6979,0,0,0,0,0,0,Nitin Bharat Sharma,0,0,0,1000,100,35.66,35,29.34,9.22,40.01,0.25% for redemption within 15 days,100,0,0,0,0,,0.9,0,0,0,0,0,0,0,0,,0,0
Tata Nifty Financial Services Index Fund Reg (G),Tata Mutual Fund,71,26-04-2024,0,-3.59,-1.74,-6.35,-7.21,5.01,-5.61,-0.11,,,,,,,,5.63,0,Equity: Index,11.4226,0,0,0,0,0,0,Nitin Bharat Sharma,0,0,0,1000,100,95.13,4.35,0.52,2.24,16.31,0.25% for redemption within 15 days,100,0,0,0,0,,0.9,0,0,0,0,0,0,0,0,,0,0
Tata Nifty G-Sec Dec 2026 Index Fund Reg (G),Tata Mutual Fund,73,16-01-2023,0.01,0.08,0.16,0.41,1.27,2.74,5.37,6.31,6.9,,,,,,,6.77,0,Debt: Medium to Long Duration,12.7477,0,0,6.67,0.69,1.42,3.77,Amit Somani,0.22,0.22,5.36,1000,500,0,0,0,0,0,0,0,100,0,0,0,,0.36,96.84,0,0,0,0,3.16,0.32,19.81,-0.41,192.55,70.94
Tata Nifty G-Sec Dec 2029 Index Fund Reg (G),Tata Mutual Fund,133,13-01-2023,0.07,-0.11,-0.12,-0.26,0.22,2.62,4.14,6.21,7.2,,,,,,,7.13,0,Debt: Medium to Long Duration,12.9146,0,0,7.16,1.97,0.74,1.05,Murthy Nagarajan,2.94,2.66,6.48,1000,500,0,0,0,0,0,0,0,100,0,0,0,,0.38,97.76,0,0,0,0,2.24,1.08,31.36,-0.37,161.23,79.66
Tata Nifty India Digital E T F FoF (G),Tata Mutual Fund,117,13-04-2022,-0.61,-6.55,-5.92,-9.14,4.32,10.35,-11.63,-8.38,6.62,,,,,,,5.55,0,Equity: Sectoral,12.7285,8.4,0.72,12.79,19.43,0.37,0.51,Nitin Bharat Sharma,0,0,0,0,0,50.66,37.9,11.28,0,0,"For units in excess of 12% of the investment, 1% will be charged for redemption within 365 days",99.84,0.16,0,0,0,,0.43,0,0,0,0,0,0.16,14.31,48.37,0.24,98.02,96.51
Tata Nifty India Tourism Index Fund Reg (G),Tata Mutual Fund,264,24-07-2024,1.24,-2.5,1.94,-2.84,-4.13,17.71,-13.43,-8.43,,,,,,,,-6.2,0,Equity: Index,8.6905,0,0,0,0,0,0,Nitin Bharat Sharma,0,0,0,1000,100,20.27,50.5,29.21,10.53,167.65,0.25% for redemption within 15 days,99.98,0.02,0,0,0,,0.9,0,0,0,0,0,0.02,0,0,,0,0
Tata Nifty Midcap 150 Index Fund Reg (G),Tata Mutual Fund,332,19-06-2025,0.09,-4.71,-2.3,-7.22,-4.11,12.25,3.18,,,,,,,,,2.11,0,Equity: Index,10.2815,0,0,0,0,0,0,Nitin Bharat Sharma,0,0,0,1000,500,10.89,84.57,4.27,4.01,25.07,0.25% for redemption within 15 days,99.73,0.27,0,0,0,,0.9,0,0,0,0,0,0.27,0,0,,0,0
Tata Nifty Midcap 150 Momentum 50 Index Fund Reg (G),Tata Mutual Fund,1274,20-10-2022,-0.41,-4.49,-1.65,-6.99,-3.97,11.14,2.54,-5.78,11.57,,,,,,,15.01,0,Equity: Index,17.3664,3.51,1.16,16.94,19.88,0.57,0.74,Nitin Bharat Sharma,0,0,0,1000,150,20.99,78.39,0,4.35,23.13,0.5% for redemption within 30 days,99.38,0.62,0,0,0,,0.89,0,0,0,0,0,0.62,17.75,45.12,0.45,129.29,106.76
Tata Nifty MidSmall Healthcare Index Fund Reg (G),Tata Mutual Fund,219,26-04-2024,-1.82,-4.16,-1.01,-3.06,1.48,21.79,17.21,8.95,,,,,,,,17.29,0,Equity: Index,14.7345,0,0,0,0,0,0,Nitin Bharat Sharma,0,0,0,1000,100,0,67.51,32.49,5.51,43.91,0.25% for redemption within 15 days,100,0,0,0,0,,0.9,0,0,0,0,0,0,0,0,,0,0
Tata Nifty Next 50 Index Fund Reg (G),Tata Mutual Fund,125,01-10-2025,0.42,-3.77,-0.79,-5.51,-2.57,15.47,2.06,,,,,,,,,1.96,0,Equity: Index,10.206,0,0,0,0,0,0,Nitin Sharma,0,0,0,0,0,86.87,13.13,0,3.34,20.08,0.25% for redemption within 15 days,100,0,0,0,0,,0.9,0,0,0,0,0,0,,,,,
Tata Nifty Realty Index Fund Reg (G),Tata Mutual Fund,64,26-04-2024,1.62,-2.75,4.01,-6.33,2.31,29.96,-2.77,-13.06,,,,,,,,-6.17,0,Equity: Index,8.5666,0,0,0,0,0,0,Nitin Bharat Sharma,0,0,0,1000,100,19.77,64.9,15.19,4.07,37.75,0.25% for redemption within 15 days,99.86,0.14,0,0,0,,0.9,0,0,0,0,0,0.14,0,0,,0,0
Tata Nifty SDL Plus AAA PSU Bond Dec 2027 60:40 Index Fund (G),Tata Mutual Fund,646,30-03-2022,-0.01,-0.03,0.1,0.16,1.1,2.74,5.22,6.57,7.12,,,,,,,6.42,0,Debt: Medium to Long Duration,13.2343,0,0,7.01,1.14,1.15,2.11,Murthy Nagarajan,1.2,1.15,6.82,1000,500,0,0,0,0,0,0,0,100,0,0,0,,0.4,59.94,0,0,37.13,0,2.93,0.53,26.13,-0.29,188.52,71.5
Tata Nifty200 Alpha 30 Index Reg (G),Tata Mutual Fund,213,05-09-2024,-0.01,-4.78,-1.58,-6.94,-3.65,14.43,4.04,-7.16,,,,,,,,-7.54,0,Equity: Index,8.5037,0,0,0,0,0,0,Nitin Bharat Sharma,0,0,0,1000,100,48.95,50.92,0,4.85,21.68,0.25% for redemption within 15 days,99.87,0.13,0,0,0,,0.9,0,0,0,0,0,0.13,0,0,,0,0
Tata Nifty500 Multicap India Manufacturing 50:30:20 Index Fund Reg (G),Tata Mutual Fund,141,26-04-2024,-0.47,-3.45,-0.87,-5.94,-1.22,11.45,3.73,-0.73,,,,,,,,6.75,0,Equity: Index,11.7204,0,0,0,0,0,0,Nitin Bharat Sharma,0,0,0,1000,100,51.42,29.27,19.22,3.47,23.21,0.25% for redemption within 15 days,99.91,0.09,0,0,0,,0.9,0,0,0,0,0,0.09,0,0,,0,0
Tata Nifty500 Multicap Infrastructure 50:30:20 Index Fund Reg (G),Tata Mutual Fund,77,26-04-2024,0.02,-3.81,-1.68,-5.12,-6.3,8.03,-1.03,-4.87,,,,,,,,1.43,0,Equity: Index,10.3516,0,0,0,0,0,0,Nitin Bharat Sharma,0,0,0,1000,100,53.85,28.09,17.91,2.98,23.31,0.25% for redemption within 15 days,99.85,0.15,0,0,0,,0.9,0,0,0,0,0,0.15,0,0,,0,0
Tata Overnight Fund (G),Tata Mutual Fund,4571,27-03-2019,0.01,0.09,0.2,0.39,1.24,2.54,5.16,5.59,5.95,5.62,4.98,,,,,5.03,3,Debt: Overnight,1446.1005,0,0,5.85,0.2,0.78,1.62,Jennifer Karkaria,0,0,5.1,0,500,0,0,0,0,0,0,0,100,0,0,0,,0.16,1.64,0,0,0,0,98.36,0,0,-1.07,0,0
Tata Resources & Energy Fund Reg Plan (G),Tata Mutual Fund,1409,28-12-2015,-0.02,-3.52,0.35,-2.32,-0.76,10.22,4.9,0.56,13.28,10.49,18.8,14.18,,,,15.56,0,Equity: Thematic,47.4472,4.06,0.72,15.64,17.64,0.56,0.97,Satish Chandra Mishra,0,0,0,1000,150,58.64,11.29,28.69,2.35,19.22,0.25% for redemption within 30 days,98.62,1.38,0,0,0,,1.82,0,0,0,0,0,1.38,16.61,42.14,-0.13,116.65,101.43
Tata Retirement Savings Fund Conservative (G),Tata Mutual Fund,171,01-11-2011,-0.01,-1.69,-0.91,-2.56,-1.21,5.67,2.47,1.84,6.13,5.21,6.77,6.73,,,,8.13,2,Solution: Retirement Debt,32.2663,0,0,7.14,5.38,0.27,0.35,Sonam Udasi,8.72,4.82,6.91,1000,150,15.26,6.18,7.19,4.9,31.01,1% for redemption within 1829 days,28.63,71.37,0,0,0,,1.83,57.86,0,0,8.68,0,4.83,4.01,40.41,0.18,80.5,103.57
Tata Retirement Savings Fund Moderate (G),Tata Mutual Fund,2251,01-11-2011,0.02,-3.99,-2.28,-5.82,-2.13,13.74,3.38,-0.35,9.71,8.29,11.54,10.93,,,,13.31,3,Solution: Retirement Hybrid,65.1217,0,0,12.53,13.76,0.5,0.69,Sonam Udasi,0,0,0,1000,150,43.14,17.91,19.68,4.7,32.25,1% for redemption within 1829 days,80.73,19.27,0,0,0,,1.72,10.02,0,0,3.96,0,5.29,10.97,43.28,0.6,102.47,96.4
Tata Retirement Savings Fund Progresive (G),Tata Mutual Fund,2255,01-11-2011,0.06,-4.64,-2.69,-6.64,-2.61,15.59,3.44,-2.17,10.16,8.27,11.91,11.69,,,,13.36,3,Solution: Retirement Equity,65.565,1.28,1,13.67,16.2,0.49,0.68,Sonam Udasi,0,0,0,1000,150,50.39,21.89,22.37,4.72,32.36,1% for redemption within 1829 days,94.65,5.35,0,0,0,,1.72,0,0,0,0,0,5.35,12.85,43.96,0.59,138.16,106.49
Tata Short Term Bond Fund Reg (G),Tata Mutual Fund,2926,08-08-2002,0.04,-0.18,0.03,0.1,0.53,2.74,4.24,5.62,6.26,5.43,5.84,5.51,6.77,7.09,,6.92,1,Debt: Short Duration,50.514,0,0,6.18,1.28,0.38,0.57,Amit Somani,2.73,2.27,7.51,1000,500,0,0,0,0,0,0,0,96.67,2.99,0,0.34,,1.02,17.49,0,0,72.85,0.23,6.1,0.58,27.69,0.19,99.16,100
Tata Silver E T F FoF Reg (G),Tata Mutual Fund,1094,19-01-2024,0.23,-4.79,-2.23,-5.9,-1.76,-3.29,49.68,51.36,,,,,,,,47.2,0,Commodity: Silver,28.3859,0,0,0,0,0,0,Tapan Patel,0,0,0,1000,150,0,0,0,0,0,0.5% for redemption within 7 days,0,0.08,0,0,99.92,,0.51,0,0,0,0,0,100,0,0,,0,0
Tata Smallcap Fund Reg (G),Tata Mutual Fund,13094,12-11-2018,0.29,-2.78,1.88,0.32,4.21,30.14,-0.11,-4.93,10.46,13.58,21.3,,,,,18.81,1,Equity: Small Cap,39.3852,-3.07,0.87,12.07,19.88,0.32,0.48,Chandraprakash Padiyar,0,0,0,0,100,0,7.34,86.24,3.03,28.93,0.5% for redemption within 30 days,93.58,6.34,0,0,0.08,,1.46,0,0,0,0,0,6.42,15.62,44.31,-0.77,74.58,87.42
Tata Treasury Advantage Fund Reg (G),Tata Mutual Fund,2871,06-09-2005,0.05,0.04,0.17,0.44,1.36,3.4,6,6.74,6.91,6.17,6.13,5.94,7,7.15,,6.9,4,Debt: Low Duration,4233.5579,0,0,6.72,0.63,1.64,2.45,Akhil Mittal,0.89,0.84,7.17,1000,500,0,0,0,0,0,0,0,94.98,4.66,0,0.36,,0.5,13.02,0,9.44,70.22,0,2.3,0.17,8.4,1.27,97.18,100
Tata Ultra Short Term Fund (G),Tata Mutual Fund,6495,22-01-2019,0.04,0.07,0.2,0.48,1.47,3.34,6.07,6.48,6.6,5.91,5.47,,,,,5.64,3,Debt: Ultra Short Duration,15.2549,0,0,6.42,0.41,1.79,2.57,Dhawal Joshi,0.6,0.47,7.14,0,150,0,0,0,0,0,0,0,98.15,1.85,0,0,,1,7.75,3.75,15.32,64.07,0,7.26,0.09,4.68,1.18,98.22,100
Tata Value Fund Reg (G),Tata Mutual Fund,8656,29-06-2004,0.44,-3.25,-0.85,-5.02,-1.39,6.82,-0.59,-5.57,10.85,11.58,14.29,12.61,14.93,14.47,,17.08,3,Equity: Value,339.1087,0.91,0.98,14.14,15.39,0.55,0.74,Sonam Udasi,0,0,0,1000,100,62.39,24.04,8.25,2.8,16.12,0.5% for redemption within 30 days,94.68,5.32,0,0,0,,1.51,0,0,0,0,0,5.32,13.98,41.79,0.28,104.59,97.47
Taurus Banking & Financial Services (G),Taurus Mutual Fund,11,22-05-2012,0.5,-3.14,-1.38,-5.35,-5.93,5.8,-4.6,-1.11,6.17,7.54,9.49,11.06,,,,11.89,2,Equity: Sectoral,50.56,-1.74,0.91,9.9,14.67,0.29,0.41,Anuj Kapil,0,0,0,500,500,74.82,7.09,16.91,1.89,13.75,1% for redemption within 365 days,98.82,1.18,0,0,0,,2.08,0,0,0,0,0,1.18,13.63,44.78,-0.28,99.31,99.21
Taurus ELSS Tax Saver Fund (G),Taurus Mutual Fund,73,31-03-1996,0.33,-2.38,-0.27,-1.81,2.53,13.79,-0.76,-2.39,9.61,9.64,12.86,11.96,12.3,12.72,16.57,12.93,2,Equity: ELSS,180.68,0.15,0.9,11.43,14.55,0.39,0.6,Anuj Kapil,0,0,0,500,500,66.82,5.51,21.77,3.08,19.98,0,94.1,5.9,0,0,0,,2.06,0,0,0,0,0,5.9,12.02,45.05,-0.3,87.45,92.61
Taurus Ethical Fund (G),Taurus Mutual Fund,434,06-04-2009,0.17,-2.86,-2.26,-6.56,-2.41,5.57,-2.54,-7.67,6.88,6.88,12.8,11.13,12.13,,,15.25,0,Equity: Thematic,120.21,0.04,0.95,10.81,15.55,0.33,0.46,Anuj Kapil,0,0,0,500,500,42.8,32.86,23.83,3.78,25.06,1% for redemption within 365 days,99.49,0.51,0,0,0,,2.1,0,0,0,0,0,0.51,11.95,46.13,0.18,89.63,94.29
Taurus Flexi Cap Fund (G),Taurus Mutual Fund,369,29-01-1994,0.39,-2.51,1.61,-0.67,7.89,23.54,8.87,-0.6,11.05,10.01,12.05,9.7,10.67,10.09,17.29,13.71,2,Equity: Flexi Cap,239.98,0.58,1.02,13.15,16.23,0.46,0.61,Anuj Kapil,0,0,0,500,500,53.41,7.9,36.13,2.91,20.16,1% for redemption within 365 days,97.44,2.56,0,0,0,,2.09,0,0,0,0,0,2.56,13.07,44.37,0.03,103.12,97.91
Taurus Infrastructure Fund (G),Taurus Mutual Fund,9,05-03-2007,0.19,-3.9,-2.25,-5.61,-8.99,1.95,-11.9,-11.14,5.8,9.04,13.71,11.91,11.7,,,9.53,1,Equity: Sectoral,59.09,-3.76,0.63,10.5,18.51,0.26,0.4,Anuj Kapil,0,0,0,500,500,54.55,9.15,34.71,2.57,17.88,1% for redemption within 365 days,98.41,1.59,0,0,0,,2.06,0,0,0,0,0,1.59,16.81,44.37,-0.89,120.85,108.47
Taurus Large Cap Fund (G),Taurus Mutual Fund,56,28-02-1995,0.26,-2.15,0.86,-1.94,7.66,15.41,7.3,0.32,12.38,9.91,12.17,9.89,10.4,8.49,0,12.45,4,Equity: Large Cap,165.9,3.32,0.98,14.65,15.03,0.6,0.85,Anuj Kapil,0,0,0,500,500,81.19,3.23,14.66,3.3,21.09,1% for redemption within 365 days,99.08,0.92,0,0,0,,2.08,0,0,0,0,0,0.92,12.01,44.5,0.62,103.14,96.28
Taurus Mid cap Fund (G),Taurus Mutual Fund,135,05-09-1994,0.68,-2.34,0.8,-2.47,8.06,23.58,5.82,-1.37,8.96,11.26,17.26,13.89,16.16,11.63,15.59,11.97,1,Equity: Mid Cap,126.56,-5.8,0.98,11.33,18.4,0.31,0.47,Anuj Kapil,0,0,0,500,500,2.17,68.03,25.03,3.13,23.03,1% for redemption within 365 days,95.23,4.77,0,0,0,,2.09,0,0,0,0,0,4.77,17.08,41.66,-1.09,109.75,102.89
Taurus Nifty 50 Index Fund (G),Taurus Mutual Fund,7,19-06-2010,-0.37,-3.47,-2.13,-6.02,-5.08,1.5,-8.09,-6.24,4.82,5.2,10.47,10.39,10.66,,,9.26,2,Equity: Index,43.0423,-2.64,0.94,8.29,13.46,0.19,0.25,Anuj Kapil,0,0,0,500,500,97.69,1.33,0,3.16,20.66,1% for redemption within 365 days,99.02,0.98,0,0,0,,0.9,0,0,0,0,0,0.98,11.18,48.03,-6.14,97.11,99.67
Templeton India Value Fund (G),Franklin Templeton Mutual Fund,1922,02-09-1996,-0.03,-3.29,-1.98,-5.11,-6.42,1.17,-6.78,-7.57,6.81,10.6,16.04,11.95,13.28,12.64,16.61,15.37,3,Equity: Value,653.938,-0.95,0.92,10.65,14.51,0.34,0.47,Ajay Argal,0,0,0,0,500,55.93,14.84,24.85,2.12,13.84,1% for redemption within 365 days,95.62,4.38,0,0,0,,1.77,0,0,0,0,0,4.38,11.72,43.69,-0.57,84.69,92.19
The Wealth Company Arbitrage Fund Reg (G),The Wealth Company Mutual Fund,153,14-10-2025,0.18,0.05,0.21,-0.05,1.4,2.61,5.46,,,,,,,,,5.36,0,Hybrid: Arbitrage,10.5455,0,0,0,0,0,0,Aparna Shanker,0,0,0,0,250,0,0,0,2.28,16.75,0.25% for redemption within 7 days,0,100,0,0,0,,0.8,0,0,0,0,20.24,3.79,,,,,
The Wealth Company Balanced Advantage Fund (G),The Wealth Company Mutual Fund,47,16-02-2026,-0.73,-2.95,-1.1,-4.55,-3.2,3.15,,,,,,,,,,-3.43,0,Hybrid: Balanced Hybrid,9.6567,0,0,0,0,0,0,Aparna Shanker,0,0,0,0,0,35.69,14.96,22.27,4.56,31.28,1% for redemption within 180 days,72.92,27.08,0,0,0,,2.1,0,0,0,23.88,0,3.2,,,,,
The Wealth Company Ethical Fund Reg (G),The Wealth Company Mutual Fund,40,14-10-2025,-0.22,-3.73,-1.24,-6.59,-3.11,8.57,-6.79,,,,,,,,,-6.69,0,Equity: Thematic,9.3208,0,0,0,0,0,0,Aparna Shanker,0,0,0,0,250,28.4,31.4,32.8,5.48,33.8,1% for redemption within 30 days,92.6,7.4,0,0,0,,2.01,0,0,0,0,0,7.4,,,,,
The Wealth Company Flexi Cap Fund Reg (G),The Wealth Company Mutual Fund,247,14-10-2025,-0.07,-3.32,-1.17,-6.81,-4.62,9.38,-5.22,,,,,,,,,-5.14,0,Equity: Flexi Cap,9.4779,0,0,0,0,0,0,Aparna Shanker,0,0,0,0,250,29.07,25.7,40.35,4.44,29.62,1% for redemption within 30 days,95.12,4.88,0,0,0,,2.1,0,0,0,0,0,4.88,,,,,
The Wealth Company Gold E T F FoF (G),The Wealth Company Mutual Fund,14,30-01-2026,0.89,-2.45,-0.68,-4.36,4.59,0.88,,,,,,,,,,-6.75,0,Commodity: Gold,9.3249,0,0,0,0,0,0,Niranjan Das,0,0,0,0,0,0,0,0,0,0,0,0,3.3,96.7,0,0,,0.59,0,0,0,0,0,3.3,,,,,
The Wealth Company Large & Midcap Fund (G),The Wealth Company Mutual Fund,102,10-06-2026,0.09,-3.73,-1.84,-6.86,-2.75,,,,,,,,,,,-1.6,0,Equity: Large & Mid Cap,9.8401,0,0,0,0,0,0,Aparna Shanker,0,0,0,0,0,35.7,36.08,23.88,4.61,32.91,1% for redemption within 120 days,95.66,4.34,0,0,0,,2.1,0,0,0,0,0,4.34,,,,,
The Wealth Company Liquid Fund Reg (G),The Wealth Company Mutual Fund,818,14-10-2025,0.02,0.09,0.21,0.48,1.51,3.35,6.21,,,,,,,,,6.11,0,Debt: Liquid,1062.1194,0,0,0,0,0,0,Neeraj Jain,0.13,0.13,6.3,0,250,0,0,0,0,0,Exit load of 0.0070% if redeemed within 1 day. 0.0065% if redeemed within 2 days. 0.0060% if redeemed within 3 days. 0.0055% if redeemed within 4 days. 0.0050% if redeemed within 5 days. 0.0045% if redeemed within 6 days.,0,99.69,0,0,0.31,,0.23,17.59,0,0,80.13,0,1.97,,,,,
The Wealth Company Mid cap Fund (G),The Wealth Company Mutual Fund,0,04-08-2026,-0.29,-3.71,-0.84,-5.04,,,,,,,,,,,,-5.2,0,Equity: Mid Cap,9.4797,0,0,0,0,0,0,Aparna Shanker,0,0,0,0,0,6.18,70.52,16.16,0,0,1% for redemption within 180 days,92.86,7.14,0,0,0,,2.1,0,0,0,0,0,7.14,,,,,
The Wealth Company Multi Asset Allocation Fund (G),The Wealth Company Mutual Fund,193,09-12-2025,0.14,-1.79,0.14,-3.08,-0.63,8.2,,,,,,,,,,6.03,0,Hybrid: Multi Asset,10.6033,0,0,0,0,0,0,Aparna Shanker,0,0,0,0,0,18.45,24.71,17.29,4.15,31.81,1% for redemption within 30 days,60.45,24.71,10.98,0,3.86,,1.81,0,0,0,18.1,0,10.47,,,,,
The Wealth Company Multi Cap Fund (G),The Wealth Company Mutual Fund,,,-0.14,-2.14,-2.17,-2.17,,,,,,,,,,,,-2.17,,Equity: Multi Cap,9.783,,,,,,,,,,,0,0,,,,,,,96.16,3.84,0,0,0,,,,,,,,,,,,,
The Wealth Company Small Cap Fund (G),The Wealth Company Mutual Fund,106,25-03-2026,0.31,-2.33,1.15,-2.46,2.81,17.57,,,,,,,,,,16,0,Equity: Small Cap,11.6001,0,0,0,0,0,0,Aparna Shanker,0,0,0,0,0,7.75,9.12,76.41,4.91,37.19,1% for redemption within 1 year,93.28,6.72,0,0,0,,2.1,0,0,0,0,0,6.72,,,,,
Titanium SIF Equity Long Short Fund (G),TITANIUM SIF Mutual Fund,312.22,20-05-2026,0.02,-2.58,-0.69,-3.83,0.34,,,,,,,,,,,1.77,0,SIF: Equity LS,10.1767,0,0,0,0,0,0,Mr. Suraj Nanda,0,0,0,0,0,39.1,19.32,11.92,0,0,Redemption/Switch-out on or before expiry of 1 month from the date of allotment: 1% Redemption/Switch-out after expiry of 1 month from the date of allotment-Nil,70.34,29.66,0,0,0,,2.09,15.71,0,0,0,0,35.84,,,,,
Titanium SIF Hybrid Long-Short Fund (G),TITANIUM SIF Mutual Fund,602.6,17-12-2025,-0.08,-2.23,-0.84,-2.99,-2.1,5.45,,,,,,,,,,-1.3,0,SIF: Hybrid LS,9.87,0,0,0,0,0,0,Mr. Suraj Nanda,1.69,1.42,6.64,0,0,20.31,7.23,4.3,0,0,Redemption/Switch-out on or before expiry of 1 month from the date of allotment: 1%. Redemption/Switch-out after expiry of 1 month from the date of allotment-Nil,31.83,68.17,0,0,0,,2.06,25.15,0,20.43,5.99,0,44.33,,,,,
TrustMF Arbitrage Fund Reg (G),TRUST Mutual Fund,152,28-08-2025,0.27,0.08,0.21,0.43,1.43,2.59,5.64,,,,,,,,,5.38,0,Hybrid: Arbitrage,10.6037,0,0,0,0,0,0,Mihir Vora,0,0,0,1000,1000,0,0,0,2.26,14.82,0.25% for redemption within 7 days,0,100,0,0,0,,0.85,0,0,0,0,17.51,5.16,0,0,,0,0
TrustMF Banking and PSU Debt Fund Reg (G),TRUST Mutual Fund,0,01-01-1900,0,0,0.03,0.39,0.58,2.23,6.52,7.1,7.06,5.7,,,,,,5.59,0,Debt: Banking and PSU,1308.4465,0,0,0,0,0,0,,2.26,2.05,6.93,1000,1000,0,0,0,0,0,,0,99.17,0,0,0.83,,0,15.63,0,0,76.93,0,6.61,0.39,19.09,-0.98,98.2,100
TrustMF Corporate Bond Fund Reg (G),TRUST Mutual Fund,83,20-01-2023,0.05,-0.08,0.11,0.25,0.57,2.92,4.22,5.63,6.34,,,,,,,6.43,1,Debt: Corporate Bond,1258.8555,0,0,6.23,1.46,0.37,0.63,Jalpan Shah,2.42,2.2,7.15,1000,1000,0,0,0,0,0,0,0,98.19,0,0,1.81,,0.55,8.52,0,0,70.23,0,19.44,0.91,31.27,-1.02,177.64,76.55
TrustMF Flexi Cap Fund Reg (G),TRUST Mutual Fund,1001,26-04-2024,-0.17,-3.7,-0.99,-4.47,2.48,18.16,7.16,0.46,,,,,,,,7.68,0,Equity: Flexi Cap,11.97,0,0,0,0,0,0,Aakash Manghani,0,0,0,1000,1000,47.98,23.34,26.04,4.97,35.49,1% for redemption within 180 days,97.36,2.64,0,0,0,,1.89,0,0,0,0,0,2.64,0,0,,0,0
TrustMF Large & Mid cap Fund (G),TRUST Mutual Fund,284,24-07-2026,-0.21,-4.14,-1.72,-6.09,,,,,,,,,,,,-2.8,0,Equity: Large & Mid Cap,9.72,0,0,0,0,0,0,Aakash Manghani,0,0,0,0,0,40.97,40.57,14.52,4.76,37.42,1% for redemption within 180 days,96.06,3.94,0,0,0,,2.1,0,0,0,0,0,3.94,,,,,
TrustMF Liquid Fund Reg (G),TRUST Mutual Fund,1203,23-04-2021,0.02,0.09,0.21,0.48,1.51,3.32,6.26,6.46,6.71,6.17,,,,,,5.92,2,Debt: Liquid,1367.4024,0,0,6.54,0.2,4.33,8.24,Jalpan Shah,0.12,0.12,6.3,1000,1000,0,0,0,0,0,Exit load of 0.0070% if redeemed within 1 day. 0.0065% if redeemed within 2 days. 0.0060% if redeemed within 3 days. 0.0055% if redeemed within 4 days. 0.0050% if redeemed within 5 days. 0.0045% if redeemed within 6 days.,0,99.83,0,0,0.17,,0.22,19.26,0,0,80.05,0,0.52,0,0,3.18,0,0
TrustMF MF Overnight Fund Reg (G),TRUST Mutual Fund,31,19-01-2022,0.01,0.09,0.2,0.38,1.23,2.49,5.06,5.55,5.93,,,,,,,5.78,3,Debt: Overnight,1302.5769,0,0,5.83,0.21,0.65,1.36,Jalpan Shah,0.01,0.01,5.2,1000,1000,0,0,0,0,0,0,0,100,0,0,0,,0.11,3.21,0,0,0,0,96.79,0,0,-1.24,0,0
TrustMF Mid cap Fund (G),TRUST Mutual Fund,429,20-03-2026,-0.26,-5.51,-2.26,-6.35,0.26,18.98,,,,,,,,,,16.6,0,Equity: Mid Cap,11.66,0,0,0,0,0,0,Aakash Manghani,0,0,0,0,0,1.43,68.2,24.79,5.03,44.64,1% for redemption within 180 days,94.42,5.58,0,0,0,,2.07,0,0,0,0,0,5.58,,,,,
TrustMF Money Market Fund Reg (G),TRUST Mutual Fund,164,17-08-2022,0.04,0.09,0.24,0.5,1.52,3.4,6.13,6.72,6.9,,,,,,,6.84,3,Debt: Money Market,1315.0485,0,0,6.71,0.48,2.1,3.23,Jalpan Shah,0.49,0.49,6.68,1000,1000,0,0,0,0,0,0,0,99.67,0,0,0.33,,0.4,10.15,0,0,82.32,0,7.2,0.11,5.37,1.66,97.19,100
TrustMF Multi Cap Fund Reg (G),TRUST Mutual Fund,681,21-07-2025,-0.26,-3.53,-0.78,-4.96,1.77,23.81,15.48,,,,,,,,,11.73,0,Equity: Multi Cap,11.49,0,0,0,0,0,0,Aakash Manghani,0,0,0,1000,1000,30.57,30.79,34.04,5.42,38,1% for redemption within 180 days,95.4,4.6,0,0,0,,2,0,0,0,0,0,4.6,0,0,,0,0
TrustMF Short Term Fund Reg (G),TRUST Mutual Fund,63,06-08-2021,0.03,-0.03,0.14,0.35,0.91,2.98,4.68,6.2,6.57,5.68,,,,,,5.69,2,Debt: Short Duration,1329.5838,0,0,6.41,1.24,0.58,1.01,Jalpan Shah,3.58,2.95,7,0,0,0,0,0,0,0,0,0,99.39,0,0,0.61,,0.62,3.16,0,0,80.35,0,15.88,0.56,25.9,0.39,98.29,100
TrustMF Small Cap Fund Reg (G),TRUST Mutual Fund,2860,04-11-2024,-0.22,-2.77,0.68,-2.05,5.03,37.73,30.47,,,,,,,,,16.43,0,Equity: Small Cap,13.36,0,0,0,0,0,0,Aakash Manghani,0,0,0,1000,1000,0,22.82,72.2,5.19,41.27,1% for redemption within 180 days,95.02,4.98,0,0,0,,1.65,0,0,0,0,0,4.98,0,0,,0,0
Unifi Dynamic Asset Allocation Fund Reg (G),Unifi Mutual Fund,1353,13-03-2025,0.16,0,0.37,0.69,2.1,4.34,7.95,,,,,,,,,7.65,0,Hybrid: Balanced Advantage,11.2331,0,0,0,0,0,0,Saravanan V N,1.73,1.28,10.6,0,0,28.54,3.98,11.09,2.55,18.42,"For units in excess of 20% of the investment, 1.5% will be charged for redemption within 12 months",43.61,56.39,0,0,0,,1.29,5.66,20.09,13.07,0.7,6.87,10,0,0,,0,0
Unifi Flexi Cap Fund (G),Unifi Mutual Fund,227,06-06-2025,-0.29,-2.79,0.62,-2.38,0.91,15.59,5.34,,,,,,,,,3.1,0,Equity: Flexi Cap,10.4265,0,0,0,0,0,0,Saravanan V N,0,0,0,500,500,42.51,8.54,40.2,3.15,22.29,1% for redemption within 12 months,91.25,8.75,0,0,0,,2.1,0,0,0,0,0,8.75,0,0,,0,0
Unifi Liquid Fund (G),Unifi Mutual Fund,52,11-06-2025,0.01,0.09,0.2,0.39,1.3,2.9,5.78,,,,,,,,,5.77,0,Debt: Liquid,1077.0616,0,0,0,0,0,0,Saravanan V N,0,0,5.61,0,0,0,0,0,0,0,Exit load of 0.0070% if redeemed within 1 day. 0.0065% if redeemed within 2 days. 0.0060% if redeemed within 3 days. 0.0055% if redeemed within 4 days. 0.0050% if redeemed within 5 days. 0.0045% if redeemed within 6 days.,0,98.65,0,0,1.35,,0.13,0,0,0,28.91,0,69.74,0,0,,0,0
Union Active Momentum Fund Reg (G),Union Mutual Fund,493,19-12-2024,-0.4,-2.35,1.84,-1.48,2.78,29.31,19.26,,,,,,,,,-0.16,0,Equity: Thematic,9.97,0,0,0,0,0,0,Sanjay Bembalkar,0,0,0,1000,100,7.83,20.69,64.21,5.83,38.23,1% for redemption within 1 year,92.73,7.27,0,0,0,,2.09,0.1,0,0,0,0,7.17,0,0,,0,0
Union Aggressive Hybrid Fund Reg (G),Union Mutual Fund,762,18-12-2020,-0.17,-2.95,-0.88,-4.04,-1.04,8.72,1.23,-0.22,8.6,7.41,,,,,,10.65,3,Hybrid: Aggressive,18.07,0,0,10.79,11.58,0.44,0.54,Parijat Agrawal,3.88,3.09,6.93,1000,500,40.92,11.71,22.51,4.01,29.76,1% for redemption within 15 days,75.13,24.87,0,0,0,,2.02,0.07,0,0,16.8,0,5.61,9.37,39.43,0.54,88.99,94.17
Union Arbitrage Fund (G),Union Mutual Fund,226,20-02-2019,0.26,0.1,0.31,0.62,1.61,2.93,6.06,6.19,6.56,5.92,5.44,,,,,5.48,2,Hybrid: Arbitrage,15.0607,0,0,6.41,0.54,1.32,1.77,Vishal Thakker,0.53,0.53,6.8,0,500,0,0,0,3.14,22.84,0.25% for redemption within 30 days,0,100,0,0,0,,0.86,0.14,0,0,6.57,13.94,7.82,0.63,30.76,-1.89,97.85,100
Union Balanced Advantage Fund (G),Union Mutual Fund,1238,29-12-2017,-0.05,-2.77,-0.6,-3.66,-1.72,5.59,-0.45,-0.1,6.52,6,9.07,,,,,8.25,2,Hybrid: Balanced Advantage,20.02,0,0,8.36,8.81,0.3,0.35,Sanjay Bembalkar,3.35,2.66,6.68,0,500,42.23,13.82,18.32,3.75,29.74,1% for redemption within 15 days,74.37,25.63,0,0,0,,1.86,1.28,0,0,19.8,0,4.55,7.37,41.6,0.1,67.25,92.2
Union Business Cycle Fund Reg (G),Union Mutual Fund,510,05-03-2024,0.27,-3.33,-1.13,-5.35,-3.41,12.96,2.26,-2.51,,,,,,,,4.97,0,Equity: Thematic,11.33,0,0,0,0,0,0,Harshad Patwardhan,0,0,0,1000,500,42.87,21.17,31.73,3.45,28.54,1% for redemption within 1 year,95.76,4.24,0,0,0,,2.09,0.08,0,0,0.03,0,4.13,0,0,,0,0
Union Childrens Fund Reg (G),Union Mutual Fund,92,19-12-2023,0.08,-3.53,-1.68,-6.11,-3.3,11.12,0,-1.51,,,,,,,,7.69,0,Solution: Children Equity,12.29,0,0,0,0,0,0,Gaurav Chopra,0,0,0,1000,500,37.08,30.34,29.18,3.73,30.68,0,96.61,3.39,0,0,0,,2.1,0.05,0,0,0.01,0,3.33,0,0,,0,0
Union Consumption Fund (G),Union Mutual Fund,333,22-12-2025,-0.21,-3.98,-1.67,-5.33,-1.15,12.95,,,,,,,,,,-5.8,0,Equity: Thematic,9.42,0,0,0,0,0,0,Vinod Malviya,0,0,0,0,0,48.22,26.28,23.58,7.5,52.21,1% for redemption within 1 year,98.08,1.92,0,0,0,,2.1,0.05,0,0,0,0,1.87,,,,,
Union Corporate Bond Fund (G),Union Mutual Fund,289,25-05-2018,0.01,-0.35,-0.07,-0.12,-0.05,2.52,3.71,5.73,6.52,5.45,6.04,,,,,5.8,2,Debt: Corporate Bond,16.0747,0,0,6.52,1.78,0.46,0.73,Parijat Agrawal,5.76,3.72,7.41,0,500,0,0,0,0,0,0,0,99.35,0,0,0.65,,0.61,13.46,0,1.73,72.14,0,12.02,0.82,27.45,-0.91,175.16,76.73
Union Diversified Equity All Cap Active FoF Reg (G),Union Mutual Fund,196,22-09-2025,0.08,-3.35,-0.75,-5.17,0.29,18,8.88,,,,,,,,,4.65,0,Others: FoFs Domestic,10.5024,0,0,0,0,0,0,Gaurav Chopra,0,0,0,0,0,36.62,33.63,28.22,0,0,1% for redemption within 1 year,98.48,1.52,0,0,0,,1.24,0,0,0,0,0,1.52,0,0,,0,0
Union Dynamic Term Fund (G),Union Mutual Fund,63,13-02-2012,-0.05,-0.78,0.06,-0.51,-1.67,3.29,0.7,2.36,4.75,3.86,4.8,4.93,,,,5.94,0,Debt: Dynamic Bond,23.3535,0,0,4.91,4.25,-0.18,-0.24,Devesh Thacker,26,9.6,7.48,0,500,0,0,0,0,0,0,0,99.47,0,0,0.53,,1.31,69.58,0,0,24.11,0,5.78,2.68,42.13,-0.82,112.87,99.77
Union ELSS Tax Saver Fund (G),Union Mutual Fund,861,23-12-2011,0.32,-3.12,-0.58,-5.35,-2.34,10.09,-1.52,-2.85,8.6,8.78,14.44,11.8,,,,13.18,3,Equity: ELSS,63.31,-0.63,0.92,11.69,14.44,0.42,0.5,Vinod Malviya,0,0,0,0,500,54.82,22.89,21.16,3.89,30.91,0,98.86,1.14,0,0,0,,1.97,0.03,0,0,0.02,0,1.09,12.45,41.52,-0.38,94.07,95.19
Union Equity Savings Fund Reg (G),Union Mutual Fund,115,09-08-2018,0.06,-1.26,-0.17,-1.71,-0.35,4.61,2.74,2.34,6.08,5.41,7.05,,,,,6.91,2,Hybrid: Equity Savings,17.23,0,0,6.97,4.86,0.26,0.33,Sanjay Bembalkar,2.29,1.86,6.52,0,500,25.84,6.85,6.74,3.38,25.96,1% for redemption within 15 days,39.44,60.56,0,0,0,,1.66,13.16,0,0,24.23,0,16.14,3.92,36.99,-0.17,-115.32,78.41
Union Flexi Cap Fund (G),Union Mutual Fund,2404,10-06-2011,-0.2,-3.56,-1.08,-5.37,-1.92,12.1,0.26,-1.79,9.1,8.48,14.42,12.09,12.14,,,11.12,3,Equity: Flexi Cap,50.59,-0.36,0.94,12.12,14.77,0.44,0.5,Sanjay Bembalkar,0,0,0,0,500,52.47,15.73,29.37,4.11,31.36,1% for redemption within 15 days,97.57,2.43,0,0,0,,1.71,0.05,0,0,0.03,0,2.35,12.42,41.79,-0.24,93.05,94.39
Union Focused Fund (G),Union Mutual Fund,448,05-08-2019,0.34,-3.25,-0.86,-6.46,-2.14,13.73,4.78,0.86,9.36,8.03,14.04,,,,,14.47,3,Equity: Focused,26.51,0.08,0.86,12.67,14.15,0.49,0.59,Pratik Dharmshi,0,0,0,0,500,59.22,16.22,23.33,5.12,33.22,1% for redemption within 15 days,98.77,1.23,0,0,0,,2.1,0.06,0,0,0,0,1.17,13.14,41.73,-0.06,94.98,94.98
Union Gilt Fund Reg (G),Union Mutual Fund,81,08-08-2022,-0.05,-0.91,0.2,-0.56,-2.18,3.94,0.27,1.63,4.48,,,,,,,4.76,1,Debt: Gilt Fund,12.1286,0,0,4.73,5.13,-0.19,-0.23,Anindya Sarkar,0,11.7,7.54,1000,500,0,0,0,0,0,0,0,100,0,0,0,,0.92,92.87,0,0,0,0,7.13,3.31,43.86,-0.62,95.97,105.46
Union Gold E T F FoF Reg (G),Union Mutual Fund,157,28-02-2025,1.03,-1.95,-3.15,-4.04,4.97,2.13,26.34,,,,,,,,,37.26,0,Commodity: Gold,16.7874,0,0,0,0,0,0,Vinod Malviya,0,0,0,1000,500,0,0,0,0,0,1% for redemption within 1 year,0,0.75,99.25,0,0,,0.48,0,0,0,0,0,0.75,0,0,,0,0
Union Income Plus Arbitrage Active FoF (G),Union Mutual Fund,63,12-06-2025,0.11,-0.18,0.13,0.17,0.36,3.09,4.03,,,,,,,,,3.33,0,Hybrid: Fof Domestic Income Plus Arbitrage,10.4556,0,0,0,0,0,0,Anindya Sarkar,8.52,3.83,7.13,1000,500,0,0,0,0,0,0,0,100,0,0,0,,0.49,0,0,0,0,94.02,2.84,0,0,,0,0
Union Innovation & Opportunities Fund Reg (G),Union Mutual Fund,1253,06-09-2023,-0.13,-4.34,-1.14,-4.28,4.68,27.65,9.98,3.71,16.42,,,,,,,15.72,0,Equity: Thematic,15.65,0,0,0,0,0,0,Gaurav Chopra,0,0,0,1000,500,13.44,28.08,55.88,5.77,61.94,1% for redemption within 365 days,97.4,2.6,0,0,0,,1.84,0.05,0,0,0.03,0,2.52,15.75,40.9,,102.49,93.09
Union Large & MidCap Fund (G),Union Mutual Fund,983,06-12-2019,0.04,-3.74,-0.45,-5.27,-0.42,14.17,3.43,-0.28,10.67,9.61,,,,,,15.07,3,Equity: Large & Mid Cap,26.27,0.56,0.95,13.56,15.21,0.52,0.57,Pratik Dharmshi,0,0,0,0,500,44.55,40.21,13.9,4.63,35.82,1% for redemption within 15 days,98.66,1.34,0,0,0,,1.92,0.03,0,0,0.02,0,1.29,13.71,41.33,-0.22,101,96.83
Union Largecap Fund Reg (G),Union Mutual Fund,438,11-05-2017,-0.23,-3.74,-1.88,-6.37,-4.58,4.69,-5.61,-5.48,5.61,5.58,10.63,,,,,8.63,3,Equity: Large Cap,21.89,-1.72,0.92,9.23,13.56,0.26,0.31,Pratik Dharmshi,0,0,0,0,500,85.95,10.36,2.65,3.58,26.01,1% for redemption within 15 days,98.96,1.04,0,0,0,,2.1,0.06,0,0,0.02,0,0.96,12.17,44.04,-0.64,95.55,98.3
Union Liquid Fund (G),Union Mutual Fund,7564,15-06-2011,0.02,0.08,0.21,0.47,1.52,3.35,6.38,6.6,6.84,6.29,5.64,5.63,6.69,,,6.73,4,Debt: Liquid,2711.1365,0,0,6.68,0.2,4.95,10.34,Devesh Thacker,0.11,0.11,6.32,0,500,0,0,0,0,0,Exit load of 0.0070% if redeemed within 1 day. 0.0065% if redeemed within 2 days. 0.0060% if redeemed within 3 days. 0.0055% if redeemed within 4 days. 0.0050% if redeemed within 5 days. 0.0045% if redeemed within 6 days.,0,99.77,0,0,0.23,,0.15,15.6,0,0,77.56,0,6.61,0,0,3.89,0,0
Union MidCap Fund Reg (G),Union Mutual Fund,1893,23-03-2020,0.12,-4.3,-1.39,-6.66,-1.83,15.55,6.75,1.36,14.1,12.89,,,,,,27.81,3,Equity: Mid Cap,50.3,-0.13,0.92,17.25,17.11,0.68,0.81,Gaurav Chopra,0,0,0,1000,500,14.84,67.33,15.99,4.9,42.57,1% for redemption within 15 days,98.16,1.84,0,0,0,,1.76,0.04,0,0,0.02,0,1.78,15.12,41.73,-0.13,102.78,94.34
Union Money Market Fund (G),Union Mutual Fund,1482,26-08-2021,0.04,0.07,0.19,0.45,1.49,3.39,6.06,6.41,6.45,5.75,,,,,,5.69,2,Debt: Money Market,1326.0646,0,0,6.29,0.46,1.29,2.28,Devesh Thacker,0.61,0.61,7.1,0,0,0,0,0,0,0,0,0,99.82,0,0,0.18,,0.68,9.83,0,0,87.75,0,2.24,0.1,3.72,0.73,98.71,100
Union Multi Asset Allocation Fund Reg (G),Union Mutual Fund,997,10-09-2024,0,-2.63,-1,-4.13,-1.58,5.53,7.25,7.9,,,,,,,,8.57,0,Hybrid: Multi Asset,11.84,0,0,0,0,0,0,Sanjay Bembalkar,2.52,1.89,6.4,1000,500,40.43,10.1,17.95,3.76,28.2,1% for redemption within 15 days,68.48,14.47,11.83,0,5.22,,1.82,0.76,0,0,10.55,0,8.38,0,0,,0,0
Union Multicap Fund Reg (G),Union Mutual Fund,1467,19-12-2022,0.06,-3.2,-0.94,-5.47,0,17.38,8.1,1.23,12.68,,,,,,,14.97,3,Equity: Multi Cap,16.95,3.34,0.89,15.4,15.48,0.63,0.76,Harshad Patwardhan,0,0,0,1000,500,32.7,32.23,30.54,4.35,32.95,1% for redemption within 15 days,95.48,4.52,0,0,0,,1.81,0.05,0,0,0.01,0,4.46,13.54,39.7,0.21,98.06,93.68
Union Overnight Fund (G),Union Mutual Fund,411,27-03-2019,0.01,0.09,0.2,0.39,1.25,2.55,5.15,5.57,5.94,5.62,4.96,,,,,5,3,Debt: Overnight,1443.4784,0,0,5.84,0.2,0.74,1.52,Devesh Thacker,0.01,0.01,5.32,0,500,0,0,0,0,0,0,0,100,0,0,0,,0.15,3.65,0,0,0,0,96.35,0,0,-1.15,0,0
Union Retirement Fund Reg (G),Union Mutual Fund,210,22-09-2022,0.06,-3.17,-1.12,-5.7,-2.94,10.06,2.85,-0.66,10.64,,,,,,,12.16,4,Solution: Retirement Equity,15.87,1.65,0.9,13.55,14.02,0.56,0.68,Pratik Dharmshi,0,0,0,1000,500,49.85,20.34,28.31,4.52,29.34,0,98.5,1.5,0,0,0,,2.1,0.03,0,0,0.01,0,1.46,12.57,39.84,0.86,151.27,110.62
Union Short Term Fund Reg (G),Union Mutual Fund,112,31-01-2025,0.01,-0.08,0.13,0.16,0.37,2.74,4.44,,,,,,,,,5.74,3,Debt: Short Duration,10.9997,0,0,0,0,0,0,Shrenuj Parekh,3.17,2.5,6.91,0,0,0,0,0,0,0,0,0,98.63,0,0,1.37,,0.66,13.05,0,0,69.03,0,16.55,0,0,,0,0
Union Small Cap Fund Reg (G),Union Mutual Fund,2402,10-06-2014,0.24,-3.05,0.61,-2.95,4.74,30.71,22.49,7.24,15.65,15.84,23.74,16.27,,,,15.45,4,Equity: Small Cap,59.2,3.41,0.84,17.69,19.38,0.62,0.82,Gaurav Chopra,0,0,0,0,500,4.17,17.21,77.34,5.44,39.93,1% for redemption within 15 days,98.72,1.28,0,0,0,,1.7,0.04,0,0,0,0,1.24,16.91,40.11,0.04,98.25,92.11
Union Ultra Short to Short Term Fund Reg (G),Union Mutual Fund,361,16-07-2025,0.04,-0.06,0.1,0.33,1.07,2.86,5.01,,,,,,,,,4.82,0,Debt: Low Duration,10.6125,0,0,0,0,0,0,Anindya Sarkar,1.03,0.98,7.03,1000,500,0,0,0,0,0,0,0,99.15,0,0,0.85,,0.82,2.76,0,0,84.49,0,11.9,0,0,,0,0
Union Value Fund (G),Union Mutual Fund,395,05-12-2018,0,-3.27,-1.01,-5.54,-4.68,7.05,-1.29,-2.69,9.91,10.42,15.29,,,,,13.67,3,Equity: Value,27.47,1.36,0.91,12.88,14.4,0.5,0.66,Vinod Malviya,0,0,0,0,500,55.51,16.21,24.77,3.31,26.85,1% for redemption within 15 days,96.49,3.51,0,0,0,,2.1,0.03,0,0,0,0,3.48,13.13,41.46,-0.04,100.77,97.1
UTI Aggressive Hybrid Fund (G),UTI Mutual Fund,6740,20-03-1995,-0.19,-2.64,-1.32,-4.01,-3.09,4.04,-1.52,-2.41,9.08,9.46,13.42,10.67,11.71,10.49,13.37,11.79,4,Hybrid: Aggressive,391.5899,0,0,11.21,10.82,0.51,0.66,V Srivatsa,8.46,4.81,7.41,1000,500,46.49,13.81,11.37,2.51,17.5,"For units in excess of 10% of the investment, 1% will be charged for redemption within 365 days",71.67,26.5,0,0,1.83,,1.53,8.92,0,1.84,11.21,1.28,5.08,8.56,42.33,0.92,81.04,90.93
UTI Arbitrage Fund (G),UTI Mutual Fund,11132,22-06-2006,0.24,0.01,0.26,0.41,1.47,2.83,6.07,6.4,6.76,6.13,5.62,5.76,6.43,6.76,,6.76,5,Hybrid: Arbitrage,37.6484,0,0,6.66,0.52,1.86,2.23,Sharwan Kumar Goyal,0.49,0.48,6.89,1000,500,0,0,0,2.18,15.68,0.25% for redemption within 15 days,0,100,0,0,0,,0.75,0,0,0,13.1,19.59,0.26,0.55,29.44,-1.31,97.41,100
UTI Balanced Advantage Fund Reg (G),UTI Mutual Fund,3022,10-08-2023,-0.13,-2.2,-1.24,-3.86,-1.85,3.48,-3.6,-1.08,6.15,,,,,,,6.32,2,Hybrid: Balanced Advantage,12.124,0,0,8.17,8.62,0.29,0.35,Sachin Trivedi,1.71,1.52,6.74,5000,500,57.88,7.46,4.09,3.05,21.31,1% for redemption within 90 days,69.43,30.57,0,0,0,,1.65,4.71,0,0,19.19,4.48,2.19,6.38,44.99,0.06,54.38,89.28
UTI Balanced Hybrid Fund (G),UTI Mutual Fund,,,0.01,-1.2,-0.59,-0.86,,,,,,,,,,,,-0.86,,Hybrid: Balanced Advantage,9.9136,,,,,,,,,,,0,0,,,,,,,100,0,0,0,0,,,,,,,,,,,,,
UTI Banking and Financial Services Fund (G),UTI Mutual Fund,1452,07-04-2004,0.24,-3.02,-0.96,-5.48,-4.34,9.21,0.84,2.26,10.61,9.52,10.43,9.46,11.54,12.44,,15.06,3,Equity: Sectoral,187.7422,2.26,0.97,13.72,15.64,0.51,0.66,Bhavesh Kanani,0,0,0,1000,500,77.52,10.46,8.27,2.33,17.28,1% for redemption within 30 days,96.25,3.75,0,0,0,,1.79,0,0,0,0,0.01,3.74,13.68,44.91,0.32,107.4,99.13
UTI Banking and PSU Debt Fund Reg (G),UTI Mutual Fund,1508,03-02-2014,0.04,0.06,0.22,0.49,1.5,3.45,5.8,6.87,7.17,7.47,7.18,6.33,,,,7.01,5,Debt: Banking and PSU,23.5994,0,0,6.92,0.98,1.26,2.26,Anurag Mittal,0.62,0.61,6.98,500,500,0,0,0,0,0,0,0,99.75,0,0,0.25,,0.4,8.8,0,0,87.04,0.01,3.9,0.44,24.28,-0.33,96.43,100
UTI BSE India Sector Leaders Index Fund (G),UTI Mutual Fund,,,-0.01,-3.22,-2.29,-2.29,,,,,,,,,,,,-2.29,,Equity: Index,9.7708,,,,,,,,,,,0,0,,,,,,,100,0,0,0,0,,,,,,,,,,,,,
UTI BSE Low Volatility Index Fund Reg (G),UTI Mutual Fund,453,03-03-2022,-0.69,-3.12,-1.9,-6.03,-6.82,0,-8.37,-8.71,5.48,,,,,,,9.09,0,Equity: Index,14.8967,-2.12,0.86,8.96,13.9,0.23,0.3,Sharwan Kumar Goyal,0,0,0,1000,1000,81.47,15.08,3.06,3.16,21.82,0,99.61,0.39,0,0,0,,0.79,0,0,0,0,0,0.39,9.62,45.39,-0.13,65.54,85.62
UTI Childrens Equity Fund (G),UTI Mutual Fund,1133,17-02-2004,-0.09,-3.47,-1.93,-6.25,-4.45,4.42,-8.31,-7.98,5.13,4.81,11.38,10.19,11.36,10.22,,9.44,2,Solution: Children Equity,76.5268,-2.83,0.95,8.81,14.69,0.21,0.28,Sachin Trivedi,0,0,0,1000,500,71.5,14.85,8.54,3.57,24.72,0,94.89,4.47,0,0,0.64,,1.89,0,0,0,0,0.03,5.08,11,44.23,0.05,128.07,108.8
UTI Childrens Equity Fund Scholarship,UTI Mutual Fund,,,-0.09,-3.47,-1.93,-6.25,-4.45,4.42,-8.31,-7.98,5.13,4.81,11.38,10.19,11.36,,,11.13,,Solution: Children Equity,76.5268,,,,,,,,,,,1000,500,,,,,,,95.79,4.21,0,0,0,,,,,,,,,11,44.23,,128.07,108.8
UTI Childrens Hybrid Fund (G),UTI Mutual Fund,4391,12-07-1993,-0.02,-1.53,-0.77,-2.68,-1.91,3.71,-1.58,-0.6,5.79,5.74,8.35,7.03,9.07,7.9,7.73,7.73,0,Solution: Children Debt,39.5558,0,0,7.05,6.84,0.2,0.25,Sachin Trivedi,7.08,4.41,7.03,1000,500,27.64,6.31,3.65,3.63,25.34,0,37.6,62.13,0,0,0.27,,1.37,23.29,0,2.65,21.88,1.37,13.21,4.66,42.88,0.11,23.61,116.76
UTI Conservative Hybrid Fund (G),UTI Mutual Fund,1646,16-12-2003,-0.01,-1.16,-0.44,-1.49,-1.22,3.28,0.79,1.77,6.77,6.19,7.94,7.17,8.55,8.58,0,9.1,3,Hybrid: Conservative,69.7613,0,0,7.43,4.83,0.36,0.45,Jaydeep Bhowal,9.28,5.08,7.57,1000,500,16.15,4.74,3.72,2.67,18.81,"For units in excess of 10% of the investment, 1% will be charged for redemption within 365 days",24.61,75.08,0,0,0.31,,1.57,22.05,0,5.63,35.05,0.25,12.1,3.18,41.57,0.38,99.67,98.49
UTI Corporate Bond Fund (G),UTI Mutual Fund,4718,08-08-2018,0.04,-0.18,0.09,0.2,0.49,3.07,4.72,6.33,6.88,5.97,6.62,,,,,7.06,3,Debt: Corporate Bond,17.4349,0,0,6.78,1.53,0.71,1.18,Anurag Mittal,4.01,2.57,7.37,0,500,0,0,0,0,0,0,0,99.66,0,0,0.34,,0.53,8.77,0,0,83.71,0.01,7.17,0.68,27.86,-0.6,175.31,76.08
UTI Credit Risk Fund (G),UTI Mutual Fund,249,19-11-2012,0.06,-0.11,0.12,0.16,1.01,3.23,5.77,6.57,6.96,6.31,2.39,2.54,,,,4.44,2,Debt: Credit Risk,18.3293,0,0,6.86,1.02,1.14,1.92,Anurag Mittal,2.72,2.17,8.05,500,500,0,0,0,0,0,"For units in excess of 10% of the investment, 1% will be charged for redemption within 365 days",0,97.26,0,0,2.74,,1.46,15.35,9.82,60.73,5.85,0.05,7.66,0.46,20.3,0.13,184.63,73.01
UTI CRISIL SDL Maturity April 2033 Index Fund Reg (G),UTI Mutual Fund,269,21-12-2022,0.16,-0.31,-0.18,-0.67,-0.03,2.98,4.38,5.19,6.62,,,,,,,6.92,0,Debt: Long Duration,12.8769,0,0,6.83,2.91,0.39,0.55,Jaydeep Bhowal,6.49,5.1,7.37,1000,500,0,0,0,0,0,0,0,100,0,0,0,,0.35,96.58,0,0,0,0,3.42,1.76,40,0.16,166.81,78.66
UTI CRISIL SDL Maturity June 2027 Index Fund Reg (G),UTI Mutual Fund,65,11-01-2023,0.01,0.05,0.11,0.34,1.16,2.86,5.79,6.71,7.26,,,,,,,7.11,0,Debt: Long Duration,12.9135,0,0,7.06,0.89,1.54,2.89,Jaydeep Bhowal,0.71,0.69,5.97,1000,500,0,0,0,0,0,0,0,100,0,0,0,,0.37,95.49,0,0,0,0,4.51,0.42,23.03,0.2,192.41,70.15
UTI Dividend Yield Plan (G),UTI Mutual Fund,3772,23-05-2005,-0.19,-2.7,-1.75,-4.88,-3.76,3.31,-3.6,-5.5,10.9,9.15,14.53,12.69,12.04,12.79,,14.04,0,Equity: Dividend Yield,168.1286,2.48,0.92,14.1,14.65,0.57,0.78,Amit Kumar Premchandani,0,0,0,1000,500,63.05,14.98,18.98,2.95,17.84,1% for redemption within 364 days,97.01,1.64,0,0,1.35,,1.63,0.54,0,0,0,0.01,2.44,10.98,43.69,0.24,84.34,88.7
UTI Dynamic Term Fund (G),UTI Mutual Fund,401,25-06-2010,0.01,-0.48,0.12,0.06,0.36,2.71,4.32,5.06,6.32,6.85,7.36,5.96,7.49,,,7.49,0,Debt: Dynamic Bond,32.4302,0,0,6.28,2.26,0.26,0.37,Pankaj Pathak,3.19,1.99,7.36,500,500,0,0,0,0,0,0,0,99.62,0,0,0.38,,1.45,34.18,0,18.62,42.44,0.15,4.23,1.35,37.85,-0.21,153.24,84.08
UTI ELSS Tax Saver Fund (G),UTI Mutual Fund,3482,15-12-1999,-0.14,-3.39,-1.84,-6.04,-4.44,5.8,-5.76,-6.86,6.12,5.6,12.14,10.53,11.69,9.99,,10.9,2,Equity: ELSS,190.5623,-2.08,0.96,9.73,14.91,0.27,0.35,Amit Kumar Premchandani,0,0,0,500,500,67.18,18.88,12.25,3.18,23.64,0,98.31,1.69,0,0,0,,1.65,0,0,0,0,0.01,1.68,11.16,44.1,-1.09,88.61,94.82
UTI Equity Savings Fund Reg (G),UTI Mutual Fund,816,30-08-2018,0.05,-1.13,-0.47,-1.91,-1.02,2.23,1.72,2.24,6.82,7.34,8.96,,,,,7.91,4,Hybrid: Equity Savings,18.5881,0,0,7.85,4.9,0.44,0.5,V Srivatsa,2.79,2.48,6.06,0,500,33.68,3.06,0.81,2.62,18.92,1% for redemption within 30 days,37.55,58.65,0,0,3.8,,1.52,44.69,0,0,0,5.51,3.8,3.53,42.55,0.15,-100.9,78.49
UTI Flexi Cap Fund Reg (G),UTI Mutual Fund,24163,18-05-1992,-0.21,-3.51,-1.74,-6.53,1.18,15.82,-2.8,-3.66,6.62,3.34,11.83,10.96,12.86,12.24,,13.42,1,Equity: Flexi Cap,310.9813,-1.89,0.88,9.99,14.7,0.29,0.41,Ajay Tyagi,0,0,0,1000,500,58.1,26.87,12.21,5.26,38.17,"For units in excess of 10% of the investment, 1% will be charged for redemption within 365 days",97.18,2.82,0,0,0,,1.38,0.21,0,0,0,0.02,2.59,10.92,45.18,-0.47,78.59,90.23
UTI Floating Interest Rates Fund (G),UTI Mutual Fund,1575,30-10-2018,0.02,-0.01,0.13,0.32,1.14,3.02,5.65,6.43,6.6,5.82,5.83,,,,,6.1,3,Debt: Floater,1603.4757,0,0,6.47,0.77,1.01,1.5,Pankaj Pathak,1.15,0.74,7.21,0,500,0,0,0,0,0,0,0,99.67,0,0,0.33,,0.76,14.33,0,0,80,0.02,5.32,0.26,14.07,-0.05,197.64,69.78
UTI Focused Fund (G),UTI Mutual Fund,2487,25-08-2021,-0.26,-4.47,-1.97,-6.57,-2.35,7.63,-4.61,-6.47,7.44,7.45,,,,,,7.76,2,Equity: Focused,14.6429,-1.36,0.94,11.16,14.76,0.37,0.46,Vishal Chopda,0,0,0,0,0,73.69,22.12,1.93,3.59,26.71,1% for redemption within 365 days,97.74,2.26,0,0,0,,1.71,0,0,0,0,0.01,2.25,11.48,44.04,-0.46,93.86,95.8
UTI Gilt Fund (G),UTI Mutual Fund,420,21-01-2002,-0.03,-0.75,0.12,-0.31,-0.31,2.77,4.52,4.47,6.2,5.34,5.76,6.58,7.86,7.65,,7.35,4,Debt: Gilt Fund,65.4817,0,0,6.31,3.17,0.19,0.25,Pankaj Pathak,6.89,3.1,6.15,500,500,0,0,0,0,0,0,0,100,0,0,0,,0.85,92.79,0,0,0,0.41,6.8,2.04,41.44,-0.15,127.07,92.24
UTI Gilt Fund with 10 year Constant Duration Reg (G),UTI Mutual Fund,112,01-08-2022,-0.08,-0.78,-0.43,-1.08,-1.31,2.39,2.51,4.43,6.18,,,,,,,6.26,0,Debt: Gilt Fund 10 yr duration,12.964,0,0,6.43,2.98,0.25,0.34,Jaydeep Bhowal,9.79,7.04,6.88,1000,500,0,0,0,0,0,0,0,100,0,0,0,,0.68,95.1,0,0,0,0.23,4.67,2.13,42.34,-0.21,110.83,97.02
UTI Gold E T F FoF Reg (G),UTI Mutual Fund,1517,28-10-2022,0.69,-2.57,-1.76,-4.73,4.89,0.83,26.47,38.15,34.94,,,,,,,29.79,5,Commodity: Gold,27.8383,3.04,0.82,32.74,17.46,1.55,2.31,Sharwan Kumar Goyal,0,0,0,5000,500,0,0,0,0,0,1% for redemption within 15 days,0,0,100,0,0,,0.4,0,0,0,0,0,0,17.88,45.94,-0.23,61.07,75.57
UTI Healthcare Fund (G),UTI Mutual Fund,1444,28-06-1999,-2.2,-3.84,-0.93,-3.34,2.12,22.79,17.14,7.21,21.45,14.33,23.03,13.55,15.44,14.71,,14.73,4,Equity: Sectoral,333.0499,0.83,0.95,22.94,15.92,1.08,1.72,Kamal Gada,0,0,0,1000,500,19.19,33.33,41.72,5.55,42.6,1% for redemption within 30 days,94.24,5.76,0,0,0,,1.82,0,0,0,0,0.02,5.74,11.22,42.47,0.28,54.68,67.62
UTI Income Plus Arbitrage Active FoF (G),UTI Mutual Fund,166,04-04-2025,0.11,-0.11,0.15,0.27,0.82,2.92,5.22,,,,,,,,,5.47,0,Hybrid: Fof Domestic Income Plus Arbitrage,10.8485,0,0,0,0,0,0,Anurag Mittal,0,0,0,1000,500,0,0,0,0,0,0,0,100,0,0,0,,0.5,0,0,0,0,98.89,1.11,0,0,,0,0
UTI India Consumer Fund (G),UTI Mutual Fund,733,16-08-2007,-0.83,-5.04,-2.53,-7.76,-2.78,9.13,-7.23,-8.19,7.81,6.91,10.98,10.01,10.88,,,9.26,1,Equity: Thematic,54.3298,-0.19,1,12.23,16.62,0.39,0.48,Vicky Punjabi,0,0,0,0,500,69.71,17.46,11.13,7.01,43.19,1% for redemption within 30 days,98.3,1.7,0,0,0,,2.03,0,0,0,0,0.01,1.69,11.39,45.45,-0.56,77.59,87.94
UTI Infrastructure Fund (G),UTI Mutual Fund,2118,07-04-2004,0.04,-3.09,-0.76,-3.59,-4.85,8.27,-0.25,-4.77,11.22,12.21,15.09,11.83,11.46,9.16,,13.59,2,Equity: Sectoral,138.4323,-0.88,0.62,14.68,17.32,0.52,0.82,Deepesh Agarwal,0,0,0,1000,500,66.46,7.49,22.8,2.96,23.12,1% for redemption within 30 days,96.75,2.23,0,0,1.02,,1.75,0,0,0,0,0.71,2.54,14.4,44.23,-0.43,109.25,99.23
UTI Innovation Fund Reg (G),UTI Mutual Fund,837,13-10-2023,-0.5,-6.41,-4.59,-8.42,1.04,22.97,-3.69,-7.85,0,,,,,,,3.08,0,Equity: Thematic,10.9418,0,0,0,0,0,0,Nitin Jain,0,0,0,1000,500,13.1,34.39,49.58,5.47,55.84,1% for redemption within 12 months,97.07,2.93,0,0,0,,1.99,0,0,0,0,0.02,2.91,0,0,,0,0
UTI Large & Mid cap Fund (G),UTI Mutual Fund,6514,16-02-1993,-0.23,-3.65,-1.82,-5.44,-3.65,7.31,0.63,-2.69,12.65,12.12,16.92,12.91,13.42,11.49,,11.24,4,Equity: Large & Mid Cap,176.5004,3.16,0.99,15.74,15.06,0.67,0.87,V Srivatsa,0,0,0,1000,500,46.81,36.31,14.23,2.59,18.17,1% for redemption within 364 days,97.35,2.65,0,0,0,,1.56,0,0,0,0,0.51,2.14,11.97,41.79,0.35,97.59,92.86
UTI Large Cap Fund Reg (G),UTI Mutual Fund,12189,18-10-1986,-0.2,-3.58,-2.04,-5.72,-3.02,4.45,-7.14,-6.16,5.44,5.13,10.91,10.1,11.36,11,0,12.02,2,Equity: Large Cap,251.4345,-1.82,0.93,8.84,13.52,0.23,0.29,Karthikraj Lakshmanan,0,0,0,1000,500,83.12,12.18,2.31,3.22,20.21,"For units in excess of 10% of the investment, 1% will be charged for redemption within 365 days",97.61,2.39,0,0,0,,1.47,0.41,0,0,0,0,1.98,10.64,45.45,-0.9,87.32,94.95
UTI Liquid Fund Reg (G),UTI Mutual Fund,29218,10-12-2003,0.02,0.08,0.21,0.48,1.52,3.37,6.4,6.61,6.85,6.29,5.62,6.04,6.97,7.03,,6.84,3,Debt: Liquid,462.3249,0,0,6.67,0.2,4.82,10,Amit Sharma,0.1,0.1,6.36,500,0,0,0,0,0,0,Exit load of 0.0070% if redeemed within 1 day. 0.0065% if redeemed within 2 days. 0.0060% if redeemed within 3 days. 0.0055% if redeemed within 4 days. 0.0050% if redeemed within 5 days. 0.0045% if redeemed within 6 days.,0,99.73,0,0,0.27,,0.24,10.28,0,0,74.77,0.02,14.66,0,0,3.65,0,0
UTI Long Term Fund Reg (G),UTI Mutual Fund,89,17-03-2023,-0.08,-1.01,0.09,-0.71,-1.84,2.93,0.52,0.97,4.48,,,,,,,4.81,1,Debt: Long Duration,11.8252,0,0,4.65,5,-0.21,-0.28,Pankaj Pathak,25.63,9.75,7.47,1000,500,0,0,0,0,0,0,0,99.54,0,0,0.46,,1.45,83.98,0,0,0,0.1,15.46,3.31,44.28,-0.63,97.48,105.19
UTI Medium Term Fund Reg (G),UTI Mutual Fund,36,31-03-2015,0.06,-0.29,-0.16,-0.37,0.05,2.58,3.92,5.23,6.05,5.21,4.72,5.23,,,,5.8,2,Debt: Medium Duration,19.1439,0,0,6.15,1.64,0.28,0.39,Anurag Mittal,4.02,3.19,7.08,500,500,0,0,0,0,0,"For units in excess of 10% of the investment, 1% will be charged for redemption within 365 days",0,99.54,0,0,0.46,,1.31,45.06,1.38,20.41,13.41,0.08,19.2,0.79,32.41,-1.4,170.6,78.91
UTI Medium to Long Term Fund (G),UTI Mutual Fund,305,17-05-1998,0.04,-0.33,-0.01,-0.22,-0.09,2.88,3.23,4.46,5.87,6.58,6.16,4.76,6.43,6.57,6.77,7.39,3,Debt: Medium to Long Duration,75.9679,0,0,5.84,2.52,0.06,0.09,Amit Sharma,7.32,4.28,7.79,500,500,0,0,0,0,0,0,0,99.68,0,0,0.32,,1.41,36.56,0,27.94,30.75,0.21,4.22,1.53,37.85,-1.55,146.66,87.1
UTI Mid cap Fund (G),UTI Mutual Fund,12795,07-04-2004,0.26,-4.42,-2.25,-6.97,-1.84,12.87,2.01,-3.56,9.69,10.1,17.69,12.59,16.61,14.5,,16.28,1,Equity: Mid Cap,300.5614,-4.21,0.95,13.51,17.34,0.45,0.58,Vishal Chopda,0,0,0,1000,500,12.66,67.17,18.98,4.35,32.98,1% for redemption within 364 days,98.81,1.19,0,0,0,,1.47,0,0,0,0,0.01,1.18,13.5,42.47,-1.06,91.63,92.82
UTI MNC Fund (G),UTI Mutual Fund,2790,10-07-1998,-0.19,-2.35,-1.06,-5.75,-2,10.78,-2.57,-5.12,7.24,6.73,10.27,9.28,13.03,13.08,,13.91,0,Equity: Thematic,384.9142,-1.79,0.9,10.4,14.51,0.32,0.38,Karthikraj Lakshmanan,0,0,0,1000,500,31.3,30.19,35.02,6.06,34.27,1% for redemption within 364 days,96.51,3.49,0,0,0,,1.69,0.36,0,0,0,0.03,3.1,10.48,41.93,-0.88,53.64,79.11
UTI Money Market Fund Reg (G),UTI Mutual Fund,19468,06-07-2009,0.05,0.08,0.25,0.52,1.62,3.58,6.42,7.1,7.28,6.66,6.25,6.63,7.38,,,7.25,4,Debt: Money Market,3340.1242,0,0,7.08,0.55,2.51,3.58,Amit Sharma,0.46,0.46,6.92,500,500,0,0,0,0,0,0,0,99.7,0,0,0.3,,0.21,12.44,0,0,84.52,0.03,2.71,0.13,5.66,2.14,95.9,100
UTI Multi Asset Allocation Fund Reg (G),UTI Mutual Fund,7063,19-11-2008,0.08,-2.64,-1.41,-5.35,-1.96,4.99,2.04,1.09,13,11.54,12.16,9.81,9.47,,,11.95,3,Hybrid: Multi Asset,75.8849,0,0,15.32,10.56,0.91,1.06,Jaydeep Bhowal,7.13,4.02,6.84,0,500,48.48,16.18,3.73,4.63,24.13,1% for redemption within 30 days,68.4,15.97,13.43,0,2.2,,1.46,4.04,0,0.72,5.02,1.64,2.2,8.19,40.84,1.75,46.47,70.8
UTI Multi Cap Fund Reg (G),UTI Mutual Fund,2178,16-05-2025,-0.06,-2.79,-0.98,-4.07,0.05,12.69,1.55,,,,,,,,,2.3,0,Equity: Multi Cap,10.3286,0,0,0,0,0,0,Karthikraj Lakshmanan,0,0,0,1000,500,37.33,27.21,32.4,2.95,19.43,1% for redemption within 90 days,96.94,3.06,0,0,0,,1.74,0.45,0,0,0,1.03,1.58,0,0,,0,0
UTI NIFTY 50 Equal Weight Index Fund Reg (G),UTI Mutual Fund,153,07-06-2023,-0.76,-3.85,-2.11,-6.32,-4.39,4.88,-1.87,-3.63,9.45,,,,,,,10.96,4,Equity: Index,14.1197,2.65,0.98,13.5,14.49,0.54,0.66,Sharwan Kumar Goyal,0,0,0,1000,500,96.38,3.62,0,3.1,20.1,0,100,0,0,0,0,,0.7,0,0,0,0,0,0,11.6,45.66,-11.63,104.26,97.93
UTI Nifty 50 Index Fund (G),UTI Mutual Fund,29485,06-03-2000,-0.42,-3.53,-2.17,-6.06,-4.99,1.97,-7.36,-5.56,5.69,6.01,11.06,11.07,11.46,10.09,,14.45,3,Equity: Index,156.8563,-1.74,0.95,9.21,13.6,0.26,0.34,Sharwan Kumar Goyal,0,0,0,1000,500,98.65,1.34,0,3.1,20.1,0,99.99,0.01,0,0,0,,0.28,0.02,0,0,0,0,-0.01,11.27,47.76,-10.06,99.95,100.01
UTI Nifty 500 Index Fund (G),UTI Mutual Fund,,,-0.14,-3.79,-1.84,-5.92,,,,,,,,,,,,-6.24,,Equity: Index,9.376,,,,,,,,,,,0,0,,,,,,,100,0,0,0,0,,,,,,,,,,,,,
UTI Nifty 500 Value 50 Index Fund Reg (G),UTI Mutual Fund,846,10-05-2023,-0.02,-3.67,-1.78,-4.77,-5.31,2.05,5.66,-0.65,18.83,,,,,,,24.18,5,Equity: Index,20.8573,10.63,1.14,24.11,20.51,0.9,1.51,Sharwan Kumar Goyal,0,0,0,1000,500,64.98,20.87,14.1,1.34,8.57,0,99.95,0.05,0,0,0,,0.9,0,0,0,0,0,0.05,19.06,41.46,1.1,142.44,105.11
UTI Nifty Alpha Low-Volatility 30 Index Fund Reg (G),UTI Mutual Fund,70,28-11-2024,-0.98,-4.1,-2.08,-7.22,-3.87,5.42,-3.05,,,,,,,,,-4.69,0,Equity: Index,9.1352,0,0,0,0,0,0,Sharwan Kumar Goyal,0,0,0,1000,500,84.16,15.68,0,3.26,23.34,0,99.84,0.16,0,0,0,,0.9,0,0,0,0,0,0.16,0,0,,0,0
UTI Nifty India Manufacturing Index Fund (G),UTI Mutual Fund,32,13-02-2025,-0.36,-3.53,-0.87,-6.86,-2.56,10.24,4.38,,,,,,,,,11.2,0,Equity: Index,11.942,0,0,0,0,0,0,Sharwan Kumar Goyal,0,0,0,1000,500,69.36,28.19,2.4,3.87,22.97,0,99.95,0.05,0,0,0,,0.9,0,0,0,0,0,0.05,0,0,,0,0
UTI Nifty Midcap 150 Index Fund Reg (G),UTI Mutual Fund,79,28-11-2024,0.07,-4.66,-2.25,-7.16,-3.99,12.43,3.62,,,,,,,,,2.11,0,Equity: Index,10.4013,0,0,0,0,0,0,Sharwan Kumar Goyal,0,0,0,1000,500,11.53,83.57,4.21,4.01,25.07,0,99.31,0.69,0,0,0,,0.9,0,0,0,0,0,0.69,0,0,,0,0
UTI Nifty Midcap 150 Quality 50 Index Fund (G),UTI Mutual Fund,270,11-04-2022,-0.24,-3.69,-2.03,-7.75,-4.54,10.02,-3.44,-6.21,6.52,,,,,,,6.54,0,Equity: Index,13.2788,-1.19,1.05,10.51,17.02,0.28,0.38,Sharwan Kumar Goyal,0,0,0,1000,500,10.8,82.81,6.27,5.95,30.59,0,99.88,0.12,0,0,0,,0.84,0,0,0,0,0,0.12,13.53,45.39,-1.55,86.62,93.72
UTI Nifty Midsmallcap 400 Momentum Quality 100 Index Fund (G),UTI Mutual Fund,134,13-02-2025,-0.14,-3.47,-0.99,-5.65,-1.88,16.18,6.38,,,,,,,,,8.01,0,Equity: Index,11.3751,0,0,0,0,0,0,Sharwan Kumar Goyal,0,0,0,1000,500,11.64,63.63,24.73,5.4,28.79,0,100,0,0,0,0,,0.9,0,0,0,0,0,0,0,0,,0,0
UTI Nifty Next 50 Index Fund (G),UTI Mutual Fund,7547,28-06-2018,0.41,-3.77,-0.79,-5.49,-2.48,15.7,2.98,-4.68,15.74,10.55,14.22,,,,,11.66,5,Equity: Index,24.8815,6.04,1.28,19.03,20,0.67,0.86,Sharwan Kumar Goyal,0,0,0,1000,500,86.88,13.12,0,3.34,20.08,0,100,0,0,0,0,,0.7,0,0,0,0,0,0,16.57,40.92,-9.52,126.78,103.38
UTI Nifty Private Bank Index Fund Reg (G),UTI Mutual Fund,239,20-09-2024,0.95,-2.46,-1.43,-4.76,-4.4,10.66,0.43,-0.12,,,,,,,,-0.92,0,Equity: Index,9.8142,0,0,0,0,0,0,Sharwan Kumar Goyal,0,0,0,1000,500,80.34,16.91,2.58,2.04,16.92,0,99.83,0.17,0,0,0,,0.84,0,0,0,0,0,0.17,0,0,,0,0
UTI Nifty SDL Plus AAA PSU Bond Apr 2026 75:25 Index Fund Reg (G),UTI Mutual Fund,0,01-01-1900,0,0,0.01,0.22,1.02,2.4,5.49,6.89,6.81,,,,,,,6.98,0,Debt: Long Duration,12.4302,0,0,6.61,0.5,1.33,2.64,,0.07,0.07,5.45,1000,500,0,0,0,0,0,,0,100,0,0,0,,0.4,0,0,0,0,0,100,0.17,10.61,-0.22,169.67,72.5
UTI Nifty SDL Plus AAA PSU Bond Apr 2028 75:25 Index Fund Reg (G),UTI Mutual Fund,32,03-03-2023,0.08,0.01,0.07,0.28,1.05,2.89,5.34,6.58,7.25,,,,,,,7.34,0,Debt: Long Duration,12.8861,0,0,7.06,1.49,0.92,1.41,Jaydeep Bhowal,1.66,1.55,6.94,1000,500,0,0,0,0,0,0,0,100,0,0,0,,0.37,71.88,0,0,23.56,0,4.56,0.7,28.83,0.25,185.24,72.39
UTI Nifty200 Momentum 30 Index Fund (G),UTI Mutual Fund,8513,10-03-2021,-0.02,-3.72,-0.73,-5.84,-4.43,9.1,-1.45,-11.5,8.33,8.45,,,,,,13.21,0,Equity: Index,19.9381,-1.2,1.2,13.5,19.87,0.39,0.51,Sharwan Kumar Goyal,0,0,0,1000,500,66.2,33.69,0,4.53,22.35,0,99.89,0.11,0,0,0,,0.79,0,0,0,0,0,0.11,17.49,43.9,-3.76,136.41,113.09
UTI Nifty200 Quality 30 Index Fund Reg (G),UTI Mutual Fund,553,20-09-2024,0.12,-3.26,-2.65,-7.94,-2.9,4.54,-6.29,-9.34,,,,,,,,-8.97,0,Equity: Index,8.266,0,0,0,0,0,0,Sharwan Kumar Goyal,0,0,0,1000,500,72.53,25.05,2.32,7.63,24.12,0,99.9,0.1,0,0,0,,0.88,0,0,0,0,0,0.1,0,0,,0,0
UTI Nifty500 Shariah Index Fund (G),UTI Mutual Fund,88,23-02-2026,-0.43,-3.5,-1.78,-6.85,-3.09,6,,,,,,,,,,-4.24,0,Equity: Index,9.576,0,0,0,0,0,0,Sharwan Kumar Goyal,0,0,0,0,0,53.23,31.74,15.03,4.37,23.76,0,100,0,0,0,0,,0.9,0,0,0,0,0,0,,,,,
UTI Overnight Fund (G),UTI Mutual Fund,5648,09-12-2003,0.01,0.1,0.2,0.39,1.26,2.56,5.2,5.63,6,5.67,5.03,5.29,6.38,6.12,,5.72,3,Debt: Overnight,3738.3987,0,0,5.89,0.2,1.01,2.08,Jaydeep Bhowal,0.01,0.01,5.23,500,500,0,0,0,0,0,0,0,100,0,0,0,,0.11,3.98,0,0,11.51,0.1,84.41,0,0,-0.59,0,0
UTI Quant Fund Reg (G),UTI Mutual Fund,1489,21-01-2025,0.18,-3.04,-1.69,-6.65,-3.34,7.26,-3.88,,,,,,,,,-0.83,0,Equity: Thematic,9.8553,0,0,0,0,0,0,Sharwan Kumar Goyal,0,0,0,1000,500,65.15,19.84,5.13,4.92,25.01,1% for redemption within 90 days,90.11,9.89,0,0,0,,1.81,2.01,0,0,0,0.03,0,0,0,,0,0
UTI Retirement Fund Reg (G),UTI Mutual Fund,4699,26-12-1994,-0.09,-1.54,-0.75,-2.36,-1.87,3.44,0.45,0.57,7.64,7.71,10.2,8.23,9.07,7.86,8.47,8.25,0,Solution: Retirement Hybrid,49.5042,0,0,8.73,6.67,0.46,0.58,V Srivatsa,7.47,4.72,6.94,500,500,24.95,6.79,6.29,2.52,17.69,1% for redemption within 1 year,38.03,61.54,0,0,0.43,,1.36,26.51,0,1.29,16.69,2.39,15.09,4.86,41.11,0.59,6.06,117.31
UTI S&P BSE Housing Index Fund Reg (G),UTI Mutual Fund,24,07-06-2023,0.31,-2.63,1.07,-7.45,-4.01,10.73,-8.9,-9.75,5.76,,,,,,,8.41,0,Equity: Index,13.0706,-2.01,1.17,10.56,19.36,0.25,0.32,Sharwan Kumar Goyal,0,0,0,1000,500,28.26,67.83,3.66,4.11,37.3,0,99.75,0.25,0,0,0,,0.87,0,0,0,0,0,0.25,16.58,46.48,-0.67,120.03,108.55
UTI Sensex Index Fund Reg (G),UTI Mutual Fund,195,31-01-2022,-0.07,-3.14,-2.08,-5.83,-5.02,1.39,-9.03,-6.52,4.1,,,,,,,5.88,1,Equity: Index,13.0532,-3.37,0.93,7.44,13.51,0.13,0.17,Sharwan Kumar Goyal,0,0,0,1000,500,99.93,0,0,3.24,22.08,0,99.93,0.07,0,0,0,,0.26,0,0,0,0,0,0.07,11.27,47.97,-1.21,97.57,100.67
UTI Short Term Fund Inst Reg (G),UTI Mutual Fund,1798,28-08-2007,0.06,-0.17,0.04,0.13,0.58,2.95,4.68,6.15,6.77,6.02,7.17,5.81,7.17,,,6.58,3,Debt: Short Duration,33.7031,0,0,6.7,1.29,0.78,1.22,Anurag Mittal,2.92,2.39,7.5,500,500,0,0,0,0,0,0,0,99.48,0,0,0.52,,0.72,10.85,0,15.2,65.44,0.02,7.97,0.55,24.17,0.6,97.3,100
UTI Short Term Fund Reg (G),UTI Mutual Fund,1798,24-06-2003,0.06,-0.17,0.04,0.13,0.58,2.95,4.68,6.13,6.62,5.8,6.89,5.49,6.84,,,7.17,0,Debt: Short Duration,47.4426,0,0,6.55,1.28,0.67,1.07,Anurag Mittal,2.92,2.39,7.5,10000,500,0,0,0,0,0,0,0,99.48,0,0,0.52,,0,10.85,0,15.2,65.44,0.02,7.97,0.55,24.86,0.48,97.84,100
UTI Silver E T F FoF Reg (G),UTI Mutual Fund,655,21-04-2023,0.12,-4.84,-2.34,-6.02,-1.67,-3.96,51.4,53.07,42.95,,,,,,,34.37,0,Commodity: Silver,27.679,2.13,0.84,43.29,37.45,1,2.12,Sharwan Kumar Goyal,0,0,0,5000,500,0,0,0,0,0,1% for redemption within 15 days,0,0.06,0,0,99.94,,0.4,0,0,0,0,0,100,36.99,45.12,-0.38,74.89,79.57
UTI Small Cap Fund Reg (G),UTI Mutual Fund,5448,22-12-2020,-0.06,-3.39,-1.23,-4.68,-1.49,20.83,5.59,-0.42,11.82,13.14,,,,,,18.48,3,Equity: Small Cap,26.6245,0.26,0.88,14.99,19.59,0.47,0.74,Nitin Jain,0,0,0,1000,500,0,17.6,78.43,4.09,27.99,1% for redemption within 365 days,96.03,3.97,0,0,0,,1.59,0,0,0,0,0.02,3.95,14.9,43.5,-0.41,89.44,90.9
UTI Transportation and Logistics (G),UTI Mutual Fund,4341,07-04-2004,-0.15,-3.08,-1.04,-6.07,1.89,14.25,-1.68,-0.36,15.93,17.7,18.21,11.09,17.29,14.42,,16.85,0,Equity: Thematic,285.6194,-1.35,0.89,19.36,17.82,0.77,0.82,Sachin Trivedi,0,0,0,1000,500,69.05,16.22,12,5.09,22.94,1% for redemption within 30 days,97.27,2.73,0,0,0,,1.62,0.12,0,0,0,0.03,2.58,14.17,45.86,-0.81,109.08,94.77
UTI Ultra Short Term Fund (G),UTI Mutual Fund,3348,29-08-2003,0.04,0.07,0.21,0.48,1.48,3.31,5.98,6.46,6.67,6.04,6.05,5.95,6.96,6.99,,6.79,3,Debt: Ultra Short Duration,4559.4725,0,0,6.5,0.41,1.97,2.84,Anurag Mittal,0.56,0.46,7.13,500,500,0,0,0,0,0,0,0,99.6,0,0,0.4,,0.87,7.4,1.48,21.8,64.31,0.03,4.58,0.08,4.56,1.41,98,100
UTI Ultra Short to Short Term Fund (G),UTI Mutual Fund,2680,21-03-2003,0.05,0.02,0.2,0.44,1.38,3.31,6.05,6.91,7.13,6.47,7.05,5.9,7.03,0,,7.14,4,Debt: Low Duration,3827.941,0,0,6.94,0.63,1.98,2.95,Anurag Mittal,0.81,0.78,7.25,500,500,0,0,0,0,0,0,0,99.63,0,0,0.37,,0.36,7.36,0,10.3,67.66,0.05,14.26,0.18,8.84,1.63,96.4,100
UTI Unit Linked Insurance Plan (10 Year),UTI Mutual Fund,5108,01-10-1971,-0.04,-1.51,-0.63,-2.88,0.34,7.78,0.89,1.59,6.64,5.04,8.11,6.93,7.64,7.72,7.79,6.64,2,Hybrid: Balanced Advantage,42.1543,0,0,7.84,6.77,0.32,0.43,Ajay Tyagi,7.5,4.8,7.25,0,0,24.33,11.17,3.56,5.03,36.96,0,39.06,60.94,0,0,0,,1.36,28.06,0,1.56,22.44,0.25,8.63,3.99,41.27,-0.05,95.29,97.85
UTI Unit Linked Insurance Plan (15 Year),UTI Mutual Fund,5108,01-10-1971,-0.04,-1.51,-0.63,-2.88,0.34,7.78,0.89,1.59,6.64,5.04,8.11,6.93,7.02,7.37,,6.45,2,Hybrid: Balanced Advantage,42.1543,0,0,7.84,6.77,0.32,0.43,Ajay Tyagi,7.5,4.8,7.25,0,0,24.33,11.17,3.56,5.03,36.96,0,39.06,60.94,0,0,0,,1.36,28.06,0,1.56,22.44,0.25,8.63,4.57,44.23,-0.05,-23.18,71.88
UTI Value Fund (G),UTI Mutual Fund,9573,20-07-2005,-0.12,-3.51,-1.85,-5.5,-3.55,5.34,-5.25,-5.49,10.16,9.41,14.72,12.15,12.71,12.82,,13.84,3,Equity: Value,157.3273,1.59,0.95,13.33,14.81,0.52,0.69,Amit Kumar Premchandani,0,0,0,1000,500,64.44,19.14,15.4,2.67,19.07,"For units in excess of 10% of the investment, 1% will be charged for redemption within 365 days",98.98,1.02,0,0,0,,1.51,0.27,0,0,0,0.01,0.74,11.6,44.5,0.09,97.13,94.97
WhiteOak Capital Aggressive Hybrid Fund (G),WhiteOak Capital Mutual Fund,542,30-06-2026,-0.04,-2.5,-1.24,-3.81,0.76,,,,,,,,,,,0.76,0,Hybrid: Aggressive,10.076,0,0,0,0,0,0,Ramesh Mantri,4.35,3.59,7.22,0,0,46.03,7.5,17.47,3.73,26.74,0,71,29,0,0,0,,2.08,3.5,0,1.63,10.94,0,12.93,,,,,
WhiteOak Capital Arbitrage Fund Reg (G),WhiteOak Capital Mutual Fund,2255,09-09-2024,0.27,0.02,0.22,0.42,1.62,3.03,6.35,6.51,,,,,,,,6.46,5,Hybrid: Arbitrage,11.374,0,0,0,0,0,0,Ramesh Mantri,0.29,0.29,6.27,500,100,0,0,0,2.85,16.2,"For units in excess of 10% of the investment, 0.25% will be charged for redemption within 7 days",0,100,0,0,0,,1.04,6.58,0,0,6.5,8.08,6.06,0,0,,0,0
WhiteOak Capital Balanced Advantage Fund Reg (G),WhiteOak Capital Mutual Fund,2302,10-02-2023,-0.04,-2.25,-1.16,-3.79,0.13,8.48,1.57,2.02,9.51,,,,,,,10.79,3,Hybrid: Balanced Advantage,14.437,0,0,11.02,8.91,0.6,0.75,Ramesh Mantri,2.89,2.5,7.05,500,100,42.88,10.52,14.97,3.6,26.38,0,68.37,31.63,0,0,0,,1.73,5.48,0,4.93,10.47,0,3.81,7.09,42.14,0.99,67.98,88.85
WhiteOak Capital Balanced Hybrid Fund Reg (G),WhiteOak Capital Mutual Fund,301,27-10-2023,0,-1.82,-0.61,-2.89,-0.23,7.28,1.58,1.54,,,,,,,,9.59,0,Hybrid: Balanced Hybrid,13.075,0,0,0,0,0,0,Ramesh Mantri,3.37,2.83,7.28,500,500,33.99,7.71,13.75,3.6,25.66,0,55.45,44.55,0,0,0,,1.85,8.46,0,7.25,22.31,0,6.53,0,0,,0,0
WhiteOak Capital Banking & Financial Services Fund Reg (G),WhiteOak Capital Mutual Fund,665,06-02-2024,0.51,-4.24,-2.43,-6.86,-4.61,10.81,0.4,2.69,,,,,,,,8.02,0,Equity: Sectoral,12.322,0,0,0,0,0,0,Ramesh Mantri,0,0,0,500,100,52.04,13.48,26.92,2.25,17.52,0,92.44,7.56,0,0,0,,2.05,3.98,0,0,0,0,3.58,0,0,,0,0
WhiteOak Capital Consumption Opp Fund (G),WhiteOak Capital Mutual Fund,140,10-02-2026,-0.72,-4.08,-1.53,-5.8,-0.52,14.63,,,,,,,,,,-0.83,0,Equity: Thematic,9.917,0,0,0,0,0,0,Ramesh Mantri,0,0,0,0,0,45.33,13.09,34.63,7.41,47.25,0,93.05,6.95,0,0,0,,2.1,2.49,0,0,0,0,4.46,,,,,
WhiteOak Capital Digital Bharat Fund Reg (G),WhiteOak Capital Mutual Fund,521,11-10-2024,-0.18,-5.73,-5.72,-8.81,3.06,16.34,-4.48,-2.41,,,,,,,,-2.41,0,Equity: Sectoral,9.518,0,0,0,0,0,0,Ramesh Mantri,0,0,0,500,100,35.82,26.67,25.08,5.56,39.42,0,87.57,12.43,0,0,0,,2.09,8.44,0,0,0,0,3.99,0,0,,0,0
WhiteOak Capital Dividend Yield Fund (G),WhiteOak Capital Mutual Fund,,,0.31,-0.57,-0.47,0.43,,,,,,,,,,,,0.4,,Others: REITs-InvIT,10.04,,,,,,,,,,,0,0,,,,,,,0,25,0,0,75,,,,,,,,,,,,,
WhiteOak Capital ELSS Tax Saver Fund Reg (G),WhiteOak Capital Mutual Fund,507,14-10-2022,-0.05,-3.14,-1.34,-5.7,-0.33,14.22,1.34,0.05,13.34,,,,,,,14.76,5,Equity: ELSS,17.336,3.83,0.94,16.04,14.88,0.69,0.93,Ramesh Mantri,0,0,0,500,500,53.13,12.4,33,3.65,26.11,0,98.53,1.47,0,0,0,,2.1,0,0,0,0,0,1.47,12.48,41.19,0.68,94.85,91.51
WhiteOak Capital Equity Savings Fund Reg (G),WhiteOak Capital Mutual Fund,273,12-03-2025,0.11,-0.88,-0.38,-1.17,0.71,4.78,4.48,,,,,,,,,8.8,0,Hybrid: Equity Savings,11.439,0,0,0,0,0,0,Ramesh Mantri,5.33,4.22,6.61,500,100,14.55,3.9,2.88,2.91,17.13,0,21.32,76.14,0,0,2.54,,2,51.5,0,0,4.33,0,15.21,0,0,,0,0
WhiteOak Capital ESG Best-In-Class Strategy Fund Reg (G),WhiteOak Capital Mutual Fund,52,30-10-2024,-0.3,-3.99,-2.59,-7.48,-3,7.15,-6.78,,,,,,,,,-2.33,0,Equity: Thematic,9.547,0,0,0,0,0,0,Ramesh Mantri,0,0,0,500,100,62.1,13.13,15.64,4.27,30.42,0,90.87,9.13,0,0,0,,2.1,3.19,0,0,0,0,5.94,0,0,,0,0
WhiteOak Capital Flexi Cap Fund (G),WhiteOak Capital Mutual Fund,9595,02-08-2022,-0.08,-3.25,-1.84,-5.84,-1.21,12.88,1.53,-0.19,12.14,,,,,,,13.9,4,Equity: Flexi Cap,17.322,2.92,0.91,14.88,14.29,0.64,0.85,Ramesh Mantri,0,0,0,500,100,51.94,9.5,30.32,3.6,25.84,0,91.76,6.73,0,0,1.51,,1.51,3.42,0,0,0,0,4.82,12.05,41.46,0.48,92.02,91.34
WhiteOak Capital Large & Mid cap Fund Reg (G),WhiteOak Capital Mutual Fund,2524,22-12-2023,-0.27,-4.55,-2.67,-7.46,-2.89,9.91,1.43,0.01,,,,,,,,10.04,0,Equity: Large & Mid Cap,13.112,0,0,0,0,0,0,Ramesh Mantri,0,0,0,500,100,45.89,40.15,4.51,3.81,27.66,0,90.55,8.51,0,0,0.94,,1.71,4.56,0,0,0,0,4.89,0,0,,0,0
WhiteOak Capital Large Cap Fund Reg (G),WhiteOak Capital Mutual Fund,1276,01-12-2022,-0.25,-3.44,-2.19,-6.62,-3.34,6.03,-3.56,-2.95,10.28,,,,,,,9.31,4,Equity: Large Cap,14.138,2.63,0.93,13.4,13.5,0.57,0.73,Ramesh Mantri,0,0,0,500,100,76.53,8.17,4.25,3.38,24.1,0,88.95,9.53,0,0,1.52,,1.85,4.68,0,0,0,0,6.37,11.61,43.77,0.78,95.89,94.35
WhiteOak Capital Liquid Fund (G),WhiteOak Capital Mutual Fund,743,16-01-2019,0.02,0.08,0.21,0.48,1.54,3.33,6.28,6.49,6.73,6.09,5.37,,,,,5.5,2,Debt: Liquid,1513.6297,0,0,6.57,0.21,4.2,6.89,Piyush Baranwal,0.14,0.14,6.36,0,500,0,0,0,0,0,Exit load of 0.0070% if redeemed within 1 day. 0.0065% if redeemed within 2 days. 0.0060% if redeemed within 3 days. 0.0055% if redeemed within 4 days. 0.0050% if redeemed within 5 days. 0.0045% if redeemed within 6 days.,0,99.76,0,0,0.24,,0.2,16.39,0,0,77.87,0,5.5,0,0.11,3.29,97.71,100
WhiteOak Capital Mid cap Fund Reg (G),WhiteOak Capital Mutual Fund,6792,07-09-2022,-0.25,-4.69,-2.08,-6.24,-0.45,18.8,10.88,5.36,18.56,,,,,,,19.85,5,Equity: Mid Cap,21.112,4.07,0.91,21.29,16.88,0.92,1.21,Piyush Baranwal,0,0,0,500,100,4.93,62.28,21.7,4.12,31.94,0,88.91,10.77,0,0,0.32,,1.54,4.61,0,0,0,0,6.48,13.95,41.06,0.67,100.68,89.37
WhiteOak Capital Multi Asset Allocation Fund Reg (G),WhiteOak Capital Mutual Fund,8187,19-05-2023,0,-1.42,-0.8,-2.2,1.28,6.19,8.69,10.94,15.27,,,,,,,14.58,5,Hybrid: Multi Asset,15.854,0,0,15.01,5.06,1.84,2.24,Ramesh Mantri,2.36,2.07,6.75,500,100,19.98,8.31,9.5,3.63,26.33,0,37.42,49.03,4.95,0.37,8.23,,1.26,6.68,0,4.03,16.27,0,30.28,4.71,37.38,0.17,-5.07,48.92
WhiteOak Capital Multi Cap Fund Reg (G),WhiteOak Capital Mutual Fund,4385,22-09-2023,-0.06,-3.55,-1.74,-5.61,-0.59,15.67,4.7,2.62,15.67,,,,,,,15.75,0,Equity: Multi Cap,15.564,0,0,0,0,0,0,Ramesh Mantri,0,0,0,500,500,31.66,26.34,32.65,3.88,28.57,0,90.65,8.12,0,0,1.23,,1.62,3.7,0,0,0,0,5.65,12.81,40.33,,95.41,89.58
WhiteOak Capital Pharma and Healthcare Fund Reg (G),WhiteOak Capital Mutual Fund,902,06-02-2024,-1.81,-3.86,-1.11,-3.21,3.45,23.25,22.05,12.7,,,,,,,,20.33,0,Equity: Sectoral,16.503,0,0,0,0,0,0,Ramesh Mantri,0,0,0,500,100,30.61,21.57,41.46,7.73,53.02,0,93.64,6.36,0,0,0,,1.96,2.52,0,0,0,0,3.84,0,0,,0,0
WhiteOak Capital Quality Equity Fund Reg (G),WhiteOak Capital Mutual Fund,632,29-01-2025,-0.48,-3.82,-2.77,-7.63,-2.41,8.15,-5.48,,,,,,,,,-1.64,0,Equity: Thematic,9.718,0,0,0,0,0,0,Ashish Agrawal,0,0,0,500,100,50.9,16.45,23.32,5.79,38.35,0,90.67,8.4,0,0,0.93,,2.06,4.69,0,0,0,0,4.64,0,0,,0,0
WhiteOak Capital Special Opportunities Fund Reg (G),WhiteOak Capital Mutual Fund,1801,04-06-2024,0.01,-2.98,-0.56,-4.58,2.17,22.96,11.44,6.01,,,,,,,,15.71,0,Equity: Thematic,14.148,0,0,0,0,0,0,Dheeresh Pathak,0,0,0,500,500,29.45,8.49,53.87,3.42,28.05,0,91.81,8.19,0,0,0,,1.77,4.18,0,0,0,0,4.01,0,0,,0,0
WhiteOak Capital Ultra Short Term Fund (G),WhiteOak Capital Mutual Fund,584,06-06-2019,0.04,0.06,0.21,0.48,1.48,3.32,5.82,6.28,6.43,5.72,5.25,,,,,5.29,2,Debt: Ultra Short Duration,1461.6564,0,0,6.26,0.41,1.37,1.84,Piyush Baranwal,0.44,0.44,6.82,0,500,0,0,0,0,0,0,0,99.73,0,0,0.27,,0.69,5.01,0,6.86,82.02,0,5.84,0.08,4.41,0.78,98.81,100
WSIF Equity Ex Top 100 Long Short Fund Reg (G),WSIF Mutual Fund,66.65,06-05-2026,-0.09,-3.73,-1.38,-4.51,-2.14,,,,,,,,,,,2.76,0,SIF: Equity LS,10.2762,0,0,0,0,0,0,Mr. Chinmay Sathe,0,0,0,0,0,7.47,28.99,45.19,0,0,Nil,81.65,18.35,0,0,0,,2.1,0,0,0,0,0,1.27,,,,,
WSIF Equity Long Short Fund Reg (G),WSIF Mutual Fund,40.27,06-05-2026,-0.01,-3.52,-1.5,-4.8,-3.22,,,,,,,,,,,0.47,0,SIF: Equity LS,10.0468,0,0,0,0,0,0,Mr. Chinmay Sathe,0,0,0,0,0,41.72,12.18,30.99,0,0,Nil,84.9,15.1,0,0,0,,2.1,0,0,0,0,0,0,,,,,